Payment_ID,Payment_Method,Payment_Status,Transaction_Type
50001,Debit Card,Refunded,Online
50002,UPI,Successful,Online
50003,Net Banking,Refunded,Online
50004,UPI,Successful,POS
50005,Credit Card,Refunded,Online
50006,UPI,Refunded,Online
50007,Credit Card,Refunded,Online
50008,Debit Card,Refunded,Online
50009,Wallet,Successful,Online
50010,Debit Card,Successful,Online
50011,Credit Card,Successful,Online
50012,Net Banking,Successful,Online
50013,Credit Card,Successful,POS
50014,Credit Card,Failed,Online
50015,Credit Card,Refunded,Online
50016,Credit Card,Successful,POS
50017,Net Banking,Successful,POS
50018,UPI,Refunded,Online
50019,Credit Card,Failed,Online
50020,Debit Card,Refunded,Online
50021,Net Banking,Successful,POS
50022,Net Banking,Successful,POS
50023,Credit Card,Successful,Online
50024,Credit Card,Failed,Online
50025,Credit Card,Successful,Online
50026,Credit Card,Refunded,Online
50027,Net Banking,Failed,Online
50028,Net Banking,Successful,POS
50029,Net Banking,Refunded,Online
50030,UPI,Successful,POS
50031,Net Banking,Refunded,POS
50032,Wallet,Successful,Online
50033,UPI,Failed,POS
50034,Credit Card,Failed,Online
50035,Debit Card,Successful,POS
50036,Credit Card,Successful,Online
50037,Wallet,Successful,Online
50038,Credit Card,Successful,POS
50039,Debit Card,Refunded,Online
50040,Debit Card,Successful,Online
50041,Credit Card,Successful,Online
50042,Net Banking,Successful,Online
50043,Credit Card,Successful,Online
50044,Credit Card,Refunded,Online
50045,UPI,Successful,Online
50046,Credit Card,Successful,POS
50047,Debit Card,Successful,Online
50048,Net Banking,Successful,Online
50049,UPI,Successful,Online
50050,UPI,Successful,Online
50051,UPI,Successful,POS
50052,Debit Card,Refunded,POS
50053,Wallet,Failed,Online
50054,Credit Card,Refunded,POS
50055,Credit Card,Successful,Online
50056,Credit Card,Refunded,Online
50057,UPI,Refunded,Online
50058,Debit Card,Successful,POS
50059,Credit Card,Successful,POS
50060,Debit Card,Successful,Online
50061,Net Banking,Failed,Online
50062,Debit Card,Successful,Online
50063,Debit Card,Successful,POS
50064,Net Banking,Successful,Online
50065,Wallet,Successful,POS
50066,Credit Card,Failed,POS
50067,UPI,Successful,Online
50068,Credit Card,Refunded,Online
50069,Debit Card,Successful,POS
50070,UPI,Failed,POS
50071,UPI,Successful,Online
50072,UPI,Successful,POS
50073,Debit Card,Failed,Online
50074,Credit Card,Failed,Online
50075,UPI,Refunded,Online
50076,UPI,Refunded,POS
50077,Debit Card,Refunded,Online
50078,UPI,Successful,Online
50079,UPI,Refunded,Online
50080,Debit Card,Failed,Online
50081,Credit Card,Failed,Online
50082,UPI,Failed,Online
50083,Credit Card,Successful,Online
50084,UPI,Successful,POS
50085,Debit Card,Successful,POS
50086,UPI,Refunded,Online
50087,UPI,Failed,Online
50088,Debit Card,Refunded,POS
50089,Debit Card,Failed,POS
50090,UPI,Successful,Online
50091,UPI,Failed,Online
50092,Net Banking,Successful,Online
50093,Debit Card,Successful,POS
50094,UPI,Failed,POS
50095,Debit Card,Successful,POS
50096,UPI,Successful,Online
50097,Credit Card,Successful,Online
50098,UPI,Successful,POS
50099,Credit Card,Refunded,Online
50100,UPI,Refunded,POS
50101,Credit Card,Failed,Online
50102,Credit Card,Successful,Online
50103,Credit Card,Successful,Online
50104,UPI,Successful,Online
50105,UPI,Refunded,POS
50106,Debit Card,Failed,Online
50107,UPI,Failed,Online
50108,Debit Card,Successful,Online
50109,UPI,Successful,Online
50110,Credit Card,Successful,Online
50111,Credit Card,Refunded,Online
50112,Wallet,Failed,Online
50113,UPI,Successful,Online
50114,UPI,Successful,Online
50115,Credit Card,Failed,Online
50116,Wallet,Successful,Online
50117,Wallet,Successful,POS
50118,Credit Card,Successful,Online
50119,Credit Card,Successful,POS
50120,Credit Card,Failed,Online
50121,Credit Card,Successful,Online
50122,Credit Card,Successful,POS
50123,Net Banking,Successful,Online
50124,Debit Card,Successful,Online
50125,Credit Card,Successful,POS
50126,Credit Card,Failed,Online
50127,Credit Card,Successful,Online
50128,Credit Card,Successful,POS
50129,Credit Card,Successful,Online
50130,UPI,Successful,Online
50131,UPI,Failed,Online
50132,Credit Card,Successful,POS
50133,Net Banking,Failed,POS
50134,UPI,Successful,POS
50135,Credit Card,Successful,Online
50136,UPI,Successful,Online
50137,UPI,Successful,Online
50138,Wallet,Failed,Online
50139,Net Banking,Successful,POS
50140,UPI,Successful,POS
50141,Debit Card,Successful,Online
50142,UPI,Failed,Online
50143,Wallet,Failed,POS
50144,UPI,Successful,Online
50145,UPI,Successful,Online
50146,Credit Card,Successful,Online
50147,Net Banking,Failed,POS
50148,UPI,Successful,Online
50149,Debit Card,Refunded,Online
50150,UPI,Failed,Online
50151,Net Banking,Refunded,Online
50152,UPI,Refunded,Online
50153,Net Banking,Failed,Online
50154,Credit Card,Successful,POS
50155,Credit Card,Successful,Online
50156,Wallet,Successful,Online
50157,Wallet,Successful,Online
50158,Debit Card,Failed,Online
50159,UPI,Successful,POS
50160,Credit Card,Successful,Online
50161,Credit Card,Successful,Online
50162,Credit Card,Successful,Online
50163,Credit Card,Refunded,Online
50164,UPI,Successful,Online
50165,Debit Card,Successful,POS
50166,Debit Card,Successful,Online
50167,UPI,Successful,POS
50168,Credit Card,Successful,POS
50169,Credit Card,Failed,Online
50170,Debit Card,Refunded,Online
50171,UPI,Successful,POS
50172,Credit Card,Failed,Online
50173,UPI,Successful,Online
50174,Credit Card,Successful,Online
50175,Debit Card,Failed,Online
50176,Debit Card,Successful,Online
50177,UPI,Successful,POS
50178,Credit Card,Successful,Online
50179,Wallet,Successful,Online
50180,UPI,Successful,POS
50181,Net Banking,Refunded,Online
50182,Debit Card,Successful,Online
50183,Debit Card,Successful,Online
50184,UPI,Successful,POS
50185,UPI,Failed,Online
50186,Net Banking,Successful,POS
50187,UPI,Failed,POS
50188,UPI,Successful,POS
50189,Credit Card,Failed,Online
50190,UPI,Successful,POS
50191,Debit Card,Successful,Online
50192,Credit Card,Successful,Online
50193,Net Banking,Refunded,Online
50194,Debit Card,Successful,Online
50195,UPI,Successful,POS
50196,Credit Card,Successful,Online
50197,Debit Card,Successful,Online
50198,Credit Card,Successful,POS
50199,Wallet,Failed,Online
50200,Debit Card,Successful,Online
50201,UPI,Successful,Online
50202,Net Banking,Refunded,Online
50203,UPI,Successful,Online
50204,UPI,Failed,Online
50205,Debit Card,Failed,POS
50206,Net Banking,Refunded,Online
50207,Credit Card,Failed,Online
50208,UPI,Successful,POS
50209,UPI,Successful,Online
50210,UPI,Successful,Online
50211,UPI,Successful,POS
50212,UPI,Successful,Online
50213,Credit Card,Successful,Online
50214,Net Banking,Refunded,POS
50215,UPI,Successful,Online
50216,UPI,Successful,Online
50217,Net Banking,Refunded,Online
50218,Debit Card,Successful,Online
50219,Net Banking,Successful,POS
50220,UPI,Refunded,Online
50221,UPI,Successful,Online
50222,Credit Card,Successful,POS
50223,Credit Card,Successful,Online
50224,Credit Card,Refunded,Online
50225,Credit Card,Successful,Online
50226,UPI,Successful,POS
50227,Credit Card,Successful,Online
50228,Debit Card,Successful,POS
50229,Credit Card,Successful,Online
50230,Debit Card,Successful,Online
50231,Credit Card,Successful,Online
50232,UPI,Successful,Online
50233,UPI,Refunded,Online
50234,Credit Card,Successful,Online
50235,UPI,Successful,Online
50236,Debit Card,Failed,Online
50237,Net Banking,Failed,Online
50238,UPI,Successful,POS
50239,UPI,Failed,Online
50240,Wallet,Successful,Online
50241,UPI,Failed,Online
50242,UPI,Successful,Online
50243,UPI,Successful,Online
50244,Debit Card,Successful,POS
50245,UPI,Successful,Online
50246,Credit Card,Successful,Online
50247,Credit Card,Successful,Online
50248,UPI,Refunded,Online
50249,UPI,Failed,Online
50250,Debit Card,Refunded,Online
50251,Credit Card,Successful,Online
50252,UPI,Successful,Online
50253,UPI,Successful,Online
50254,Credit Card,Refunded,POS
50255,Debit Card,Successful,Online
50256,UPI,Refunded,Online
50257,Credit Card,Successful,Online
50258,UPI,Successful,Online
50259,UPI,Successful,Online
50260,UPI,Successful,Online
50261,Debit Card,Successful,Online
50262,Credit Card,Refunded,Online
50263,Debit Card,Successful,POS
50264,Debit Card,Successful,POS
50265,Net Banking,Successful,Online
50266,UPI,Successful,POS
50267,UPI,Successful,Online
50268,Wallet,Successful,Online
50269,Debit Card,Refunded,Online
50270,Net Banking,Refunded,Online
50271,UPI,Failed,Online
50272,UPI,Refunded,Online
50273,Debit Card,Successful,Online
50274,UPI,Failed,Online
50275,Credit Card,Failed,Online
50276,Credit Card,Failed,POS
50277,UPI,Failed,Online
50278,UPI,Refunded,POS
50279,UPI,Failed,Online
50280,UPI,Successful,Online
50281,Credit Card,Successful,Online
50282,UPI,Successful,POS
50283,UPI,Successful,Online
50284,Net Banking,Successful,Online
50285,Credit Card,Successful,Online
50286,Credit Card,Failed,Online
50287,Debit Card,Successful,POS
50288,Net Banking,Failed,Online
50289,UPI,Refunded,Online
50290,Credit Card,Successful,POS
50291,Credit Card,Successful,POS
50292,UPI,Successful,POS
50293,Debit Card,Failed,Online
50294,Wallet,Successful,Online
50295,Wallet,Successful,Online
50296,UPI,Successful,Online
50297,UPI,Successful,Online
50298,Wallet,Successful,POS
50299,Credit Card,Successful,Online
50300,UPI,Failed,Online
50301,Debit Card,Successful,Online
50302,UPI,Refunded,Online
50303,UPI,Refunded,POS
50304,Net Banking,Failed,Online
50305,UPI,Failed,Online
50306,UPI,Successful,Online
50307,UPI,Refunded,POS
50308,Credit Card,Successful,POS
50309,UPI,Refunded,Online
50310,Credit Card,Failed,Online
50311,Credit Card,Failed,Online
50312,Net Banking,Successful,Online
50313,UPI,Successful,Online
50314,Debit Card,Failed,Online
50315,UPI,Successful,Online
50316,Debit Card,Refunded,Online
50317,Credit Card,Successful,Online
50318,UPI,Refunded,Online
50319,Debit Card,Failed,Online
50320,UPI,Failed,Online
50321,UPI,Successful,Online
50322,UPI,Failed,POS
50323,Debit Card,Successful,Online
50324,UPI,Successful,Online
50325,UPI,Failed,Online
50326,UPI,Refunded,Online
50327,Credit Card,Refunded,Online
50328,Credit Card,Successful,Online
50329,UPI,Successful,POS
50330,UPI,Failed,POS
50331,Credit Card,Successful,Online
50332,Debit Card,Successful,Online
50333,Debit Card,Refunded,Online
50334,Net Banking,Failed,Online
50335,UPI,Successful,Online
50336,Wallet,Successful,Online
50337,UPI,Failed,Online
50338,Wallet,Refunded,POS
50339,UPI,Successful,Online
50340,Credit Card,Successful,Online
50341,UPI,Successful,POS
50342,UPI,Failed,Online
50343,Net Banking,Successful,Online
50344,Debit Card,Successful,Online
50345,Wallet,Successful,Online
50346,Credit Card,Refunded,POS
50347,Credit Card,Successful,POS
50348,UPI,Successful,POS
50349,Wallet,Refunded,Online
50350,Credit Card,Refunded,Online
50351,Debit Card,Successful,POS
50352,Credit Card,Successful,Online
50353,Credit Card,Successful,Online
50354,Wallet,Successful,POS
50355,UPI,Refunded,Online
50356,UPI,Successful,POS
50357,UPI,Successful,Online
50358,Debit Card,Successful,Online
50359,UPI,Refunded,Online
50360,UPI,Successful,Online
50361,UPI,Successful,Online
50362,Credit Card,Successful,POS
50363,Credit Card,Failed,Online
50364,UPI,Refunded,Online
50365,Wallet,Failed,Online
50366,Wallet,Refunded,Online
50367,UPI,Refunded,Online
50368,Debit Card,Failed,POS
50369,Credit Card,Successful,Online
50370,UPI,Successful,Online
50371,UPI,Refunded,Online
50372,Credit Card,Failed,Online
50373,Credit Card,Successful,Online
50374,UPI,Refunded,Online
50375,Debit Card,Refunded,POS
50376,Credit Card,Successful,Online
50377,Debit Card,Successful,Online
50378,UPI,Failed,Online
50379,Credit Card,Successful,Online
50380,UPI,Successful,Online
50381,Credit Card,Refunded,Online
50382,Debit Card,Successful,Online
50383,Debit Card,Successful,POS
50384,UPI,Refunded,Online
50385,Debit Card,Successful,Online
50386,Wallet,Successful,Online
50387,Credit Card,Successful,Online
50388,UPI,Successful,Online
50389,Debit Card,Successful,Online
50390,UPI,Refunded,Online
50391,Net Banking,Successful,Online
50392,Credit Card,Failed,Online
50393,Credit Card,Failed,Online
50394,UPI,Successful,POS
50395,Credit Card,Failed,Online
50396,Net Banking,Refunded,Online
50397,UPI,Successful,Online
50398,Credit Card,Refunded,Online
50399,Net Banking,Successful,Online
50400,Credit Card,Successful,POS
50401,Credit Card,Failed,POS
50402,Credit Card,Successful,POS
50403,Credit Card,Failed,Online
50404,UPI,Refunded,Online
50405,UPI,Refunded,POS
50406,Credit Card,Successful,Online
50407,Net Banking,Successful,Online
50408,UPI,Successful,POS
50409,UPI,Successful,Online
50410,UPI,Successful,Online
50411,Debit Card,Refunded,Online
50412,UPI,Successful,POS
50413,Net Banking,Refunded,Online
50414,UPI,Successful,POS
50415,Wallet,Successful,POS
50416,Credit Card,Refunded,Online
50417,Debit Card,Successful,Online
50418,UPI,Successful,Online
50419,Debit Card,Successful,POS
50420,UPI,Successful,Online
50421,UPI,Failed,Online
50422,Credit Card,Successful,Online
50423,Net Banking,Successful,POS
50424,Debit Card,Successful,Online
50425,Credit Card,Successful,POS
50426,Credit Card,Failed,Online
50427,UPI,Successful,Online
50428,Net Banking,Successful,Online
50429,Debit Card,Failed,Online
50430,Debit Card,Failed,Online
50431,Credit Card,Successful,Online
50432,Wallet,Successful,Online
50433,Net Banking,Refunded,Online
50434,Credit Card,Failed,Online
50435,UPI,Successful,Online
50436,Credit Card,Failed,Online
50437,Credit Card,Successful,Online
50438,Credit Card,Successful,POS
50439,UPI,Successful,Online
50440,Credit Card,Refunded,Online
50441,Credit Card,Refunded,Online
50442,Credit Card,Successful,Online
50443,UPI,Refunded,Online
50444,Debit Card,Successful,Online
50445,Credit Card,Refunded,Online
50446,UPI,Successful,POS
50447,UPI,Failed,POS
50448,Net Banking,Refunded,Online
50449,Debit Card,Refunded,Online
50450,UPI,Successful,POS
50451,Net Banking,Successful,Online
50452,UPI,Failed,POS
50453,Wallet,Successful,POS
50454,UPI,Refunded,POS
50455,UPI,Successful,POS
50456,Credit Card,Successful,Online
50457,UPI,Refunded,Online
50458,Credit Card,Refunded,Online
50459,Debit Card,Successful,Online
50460,Net Banking,Successful,Online
50461,Credit Card,Failed,Online
50462,Credit Card,Refunded,Online
50463,UPI,Successful,Online
50464,UPI,Successful,POS
50465,Credit Card,Successful,Online
50466,UPI,Failed,POS
50467,Debit Card,Refunded,Online
50468,Credit Card,Successful,Online
50469,UPI,Successful,POS
50470,Credit Card,Failed,Online
50471,UPI,Refunded,POS
50472,Credit Card,Successful,Online
50473,Debit Card,Successful,Online
50474,Credit Card,Refunded,Online
50475,UPI,Refunded,Online
50476,Debit Card,Successful,Online
50477,UPI,Failed,POS
50478,Debit Card,Failed,Online
50479,Credit Card,Successful,Online
50480,Credit Card,Successful,Online
50481,Net Banking,Successful,Online
50482,Debit Card,Refunded,Online
50483,UPI,Successful,POS
50484,UPI,Successful,Online
50485,Net Banking,Failed,Online
50486,UPI,Successful,Online
50487,Credit Card,Successful,POS
50488,Debit Card,Successful,Online
50489,Credit Card,Successful,Online
50490,Debit Card,Successful,POS
50491,Debit Card,Successful,Online
50492,Debit Card,Successful,Online
50493,Net Banking,Refunded,Online
50494,Credit Card,Refunded,Online
50495,Credit Card,Successful,POS
50496,Credit Card,Failed,Online
50497,Debit Card,Successful,POS
50498,Net Banking,Refunded,Online
50499,UPI,Successful,Online
50500,UPI,Successful,Online
50501,Net Banking,Refunded,Online
50502,Credit Card,Successful,Online
50503,UPI,Successful,Online
50504,Debit Card,Refunded,Online
50505,Wallet,Successful,Online
50506,Net Banking,Successful,POS
50507,Debit Card,Successful,Online
50508,UPI,Failed,Online
50509,Net Banking,Failed,POS
50510,Credit Card,Successful,POS
50511,Net Banking,Failed,Online
50512,UPI,Successful,POS
50513,UPI,Failed,POS
50514,Credit Card,Refunded,Online
50515,UPI,Successful,POS
50516,Debit Card,Successful,Online
50517,Wallet,Successful,POS
50518,Debit Card,Refunded,Online
50519,Net Banking,Refunded,POS
50520,Credit Card,Successful,POS
50521,Debit Card,Failed,POS
50522,Net Banking,Successful,POS
50523,Debit Card,Successful,Online
50524,Credit Card,Failed,Online
50525,Credit Card,Successful,Online
50526,Debit Card,Successful,Online
50527,UPI,Failed,Online
50528,Debit Card,Refunded,Online
50529,Wallet,Successful,Online
50530,Credit Card,Successful,Online
50531,Debit Card,Successful,Online
50532,Debit Card,Successful,Online
50533,Debit Card,Refunded,POS
50534,Credit Card,Successful,Online
50535,Net Banking,Refunded,Online
50536,Credit Card,Successful,Online
50537,UPI,Failed,Online
50538,Net Banking,Successful,Online
50539,Debit Card,Refunded,Online
50540,Net Banking,Successful,Online
50541,UPI,Successful,Online
50542,UPI,Successful,Online
50543,Net Banking,Successful,Online
50544,UPI,Successful,Online
50545,Debit Card,Failed,Online
50546,Net Banking,Successful,POS
50547,Debit Card,Refunded,POS
50548,UPI,Refunded,Online
50549,Debit Card,Failed,Online
50550,Net Banking,Failed,Online
50551,Credit Card,Successful,Online
50552,Credit Card,Failed,Online
50553,Credit Card,Refunded,Online
50554,UPI,Successful,POS
50555,Net Banking,Failed,POS
50556,Net Banking,Failed,Online
50557,Wallet,Refunded,POS
50558,Credit Card,Successful,Online
50559,Debit Card,Successful,Online
50560,UPI,Successful,POS
50561,Debit Card,Successful,Online
50562,Credit Card,Failed,Online
50563,Net Banking,Failed,POS
50564,Net Banking,Successful,Online
50565,Net Banking,Successful,Online
50566,Net Banking,Successful,POS
50567,Net Banking,Refunded,Online
50568,UPI,Successful,POS
50569,Net Banking,Successful,POS
50570,Credit Card,Refunded,Online
50571,Credit Card,Successful,Online
50572,UPI,Successful,Online
50573,Debit Card,Refunded,Online
50574,UPI,Successful,POS
50575,Credit Card,Successful,Online
50576,Debit Card,Successful,POS
50577,Net Banking,Successful,Online
50578,Net Banking,Successful,Online
50579,Credit Card,Refunded,Online
50580,Credit Card,Refunded,Online
50581,UPI,Refunded,Online
50582,UPI,Successful,POS
50583,UPI,Successful,Online
50584,Wallet,Successful,Online
50585,Credit Card,Successful,Online
50586,UPI,Successful,Online
50587,UPI,Successful,Online
50588,Credit Card,Successful,Online
50589,Credit Card,Successful,Online
50590,UPI,Refunded,Online
50591,Wallet,Successful,Online
50592,UPI,Failed,POS
50593,UPI,Failed,POS
50594,UPI,Refunded,POS
50595,Credit Card,Successful,Online
50596,UPI,Successful,Online
50597,UPI,Successful,Online
50598,UPI,Successful,Online
50599,Credit Card,Successful,Online
50600,UPI,Successful,Online
50601,UPI,Failed,POS
50602,Credit Card,Successful,Online
50603,UPI,Successful,Online
50604,Credit Card,Successful,Online
50605,UPI,Successful,Online
50606,UPI,Successful,Online
50607,Credit Card,Successful,Online
50608,UPI,Failed,Online
50609,UPI,Refunded,Online
50610,Credit Card,Failed,POS
50611,Net Banking,Successful,POS
50612,Debit Card,Successful,Online
50613,Debit Card,Refunded,Online
50614,Net Banking,Failed,POS
50615,Wallet,Failed,Online
50616,Debit Card,Refunded,Online
50617,Credit Card,Successful,Online
50618,UPI,Successful,Online
50619,UPI,Failed,Online
50620,Debit Card,Successful,Online
50621,Wallet,Failed,Online
50622,Credit Card,Failed,Online
50623,Debit Card,Failed,Online
50624,Credit Card,Successful,Online
50625,Credit Card,Successful,Online
50626,Credit Card,Failed,POS
50627,Credit Card,Successful,POS
50628,UPI,Successful,POS
50629,Debit Card,Refunded,Online
50630,Net Banking,Successful,Online
50631,Net Banking,Refunded,POS
50632,UPI,Failed,POS
50633,Net Banking,Successful,Online
50634,UPI,Failed,Online
50635,UPI,Failed,POS
50636,Debit Card,Refunded,Online
50637,UPI,Failed,Online
50638,UPI,Successful,POS
50639,UPI,Successful,Online
50640,Debit Card,Refunded,Online
50641,UPI,Successful,POS
50642,Credit Card,Failed,Online
50643,Debit Card,Refunded,Online
50644,Debit Card,Failed,POS
50645,Net Banking,Failed,Online
50646,Credit Card,Refunded,Online
50647,UPI,Successful,POS
50648,UPI,Successful,POS
50649,Credit Card,Failed,Online
50650,Debit Card,Successful,Online
50651,UPI,Failed,Online
50652,UPI,Failed,POS
50653,Debit Card,Successful,Online
50654,Debit Card,Failed,Online
50655,Debit Card,Successful,POS
50656,Debit Card,Refunded,Online
50657,Debit Card,Successful,Online
50658,Debit Card,Successful,POS
50659,Credit Card,Failed,Online
50660,Wallet,Refunded,Online
50661,Credit Card,Successful,Online
50662,UPI,Successful,Online
50663,UPI,Successful,Online
50664,Debit Card,Successful,Online
50665,Net Banking,Refunded,Online
50666,UPI,Successful,Online
50667,UPI,Successful,Online
50668,Net Banking,Successful,Online
50669,Net Banking,Successful,Online
50670,UPI,Successful,Online
50671,UPI,Refunded,Online
50672,Debit Card,Failed,Online
50673,UPI,Successful,Online
50674,Net Banking,Successful,Online
50675,UPI,Refunded,POS
50676,UPI,Failed,Online
50677,UPI,Successful,Online
50678,UPI,Refunded,Online
50679,UPI,Successful,Online
50680,UPI,Successful,Online
50681,Debit Card,Successful,Online
50682,UPI,Successful,Online
50683,Net Banking,Successful,Online
50684,UPI,Successful,Online
50685,Debit Card,Refunded,Online
50686,UPI,Successful,POS
50687,UPI,Failed,POS
50688,Credit Card,Successful,POS
50689,Credit Card,Successful,Online
50690,Debit Card,Successful,Online
50691,Debit Card,Successful,Online
50692,Debit Card,Successful,Online
50693,Credit Card,Successful,Online
50694,Net Banking,Successful,POS
50695,Credit Card,Successful,Online
50696,Wallet,Failed,Online
50697,Debit Card,Refunded,Online
50698,UPI,Successful,Online
50699,UPI,Failed,POS
50700,Credit Card,Successful,Online
50701,Debit Card,Failed,Online
50702,Credit Card,Successful,POS
50703,Debit Card,Failed,Online
50704,UPI,Successful,Online
50705,UPI,Successful,Online
50706,UPI,Successful,Online
50707,Credit Card,Successful,Online
50708,Debit Card,Successful,Online
50709,UPI,Failed,Online
50710,Credit Card,Successful,POS
50711,UPI,Failed,Online
50712,UPI,Successful,Online
50713,Debit Card,Successful,POS
50714,UPI,Successful,Online
50715,Debit Card,Successful,POS
50716,Net Banking,Successful,Online
50717,Net Banking,Successful,Online
50718,UPI,Failed,Online
50719,Credit Card,Successful,Online
50720,Debit Card,Refunded,POS
50721,Debit Card,Successful,Online
50722,Debit Card,Successful,Online
50723,UPI,Refunded,POS
50724,UPI,Successful,POS
50725,Credit Card,Successful,POS
50726,Debit Card,Successful,Online
50727,UPI,Successful,Online
50728,UPI,Failed,Online
50729,Debit Card,Failed,Online
50730,UPI,Refunded,Online
50731,UPI,Successful,Online
50732,UPI,Failed,Online
50733,UPI,Successful,POS
50734,Credit Card,Successful,POS
50735,UPI,Successful,POS
50736,UPI,Failed,Online
50737,UPI,Refunded,Online
50738,UPI,Failed,Online
50739,Debit Card,Successful,Online
50740,UPI,Failed,Online
50741,Credit Card,Successful,POS
50742,UPI,Refunded,POS
50743,UPI,Refunded,Online
50744,UPI,Successful,Online
50745,UPI,Successful,Online
50746,Debit Card,Successful,POS
50747,Credit Card,Successful,POS
50748,Net Banking,Successful,Online
50749,UPI,Failed,Online
50750,UPI,Successful,Online
50751,UPI,Failed,Online
50752,Debit Card,Successful,Online
50753,UPI,Successful,POS
50754,Credit Card,Successful,Online
50755,UPI,Successful,POS
50756,UPI,Refunded,Online
50757,Net Banking,Successful,Online
50758,Credit Card,Failed,Online
50759,Debit Card,Successful,POS
50760,Debit Card,Successful,Online
50761,Credit Card,Successful,Online
50762,UPI,Refunded,Online
50763,Credit Card,Successful,Online
50764,UPI,Failed,Online
50765,Credit Card,Successful,Online
50766,Credit Card,Successful,POS
50767,Debit Card,Successful,Online
50768,Debit Card,Successful,Online
50769,Debit Card,Successful,POS
50770,UPI,Failed,Online
50771,UPI,Successful,Online
50772,UPI,Successful,Online
50773,Debit Card,Successful,POS
50774,Wallet,Successful,Online
50775,UPI,Successful,Online
50776,UPI,Successful,Online
50777,Credit Card,Successful,Online
50778,Net Banking,Refunded,Online
50779,Credit Card,Failed,Online
50780,UPI,Successful,POS
50781,Wallet,Successful,POS
50782,Net Banking,Successful,POS
50783,UPI,Successful,Online
50784,Net Banking,Successful,Online
50785,Credit Card,Successful,Online
50786,UPI,Successful,POS
50787,Credit Card,Refunded,POS
50788,Net Banking,Successful,Online
50789,Debit Card,Successful,Online
50790,UPI,Refunded,Online
50791,Wallet,Failed,Online
50792,UPI,Successful,Online
50793,Debit Card,Failed,POS
50794,Credit Card,Successful,Online
50795,UPI,Successful,POS
50796,UPI,Failed,POS
50797,Net Banking,Successful,POS
50798,Credit Card,Successful,POS
50799,Debit Card,Successful,Online
50800,Credit Card,Failed,Online
50801,Debit Card,Failed,Online
50802,Credit Card,Failed,Online
50803,UPI,Successful,Online
50804,UPI,Successful,POS
50805,Net Banking,Successful,POS
50806,Credit Card,Successful,POS
50807,UPI,Failed,Online
50808,Net Banking,Refunded,POS
50809,Debit Card,Successful,Online
50810,UPI,Successful,Online
50811,Wallet,Successful,Online
50812,Debit Card,Successful,Online
50813,UPI,Failed,Online
50814,UPI,Failed,POS
50815,Debit Card,Successful,POS
50816,Debit Card,Successful,Online
50817,UPI,Successful,Online
50818,UPI,Refunded,Online
50819,UPI,Refunded,Online
50820,Credit Card,Successful,Online
50821,UPI,Successful,POS
50822,UPI,Successful,Online
50823,Debit Card,Failed,POS
50824,Debit Card,Successful,Online
50825,Credit Card,Successful,Online
50826,UPI,Successful,Online
50827,Credit Card,Failed,Online
50828,Credit Card,Refunded,Online
50829,Wallet,Successful,POS
50830,Debit Card,Successful,Online
50831,UPI,Refunded,Online
50832,Credit Card,Refunded,Online
50833,Credit Card,Refunded,Online
50834,Credit Card,Successful,Online
50835,Credit Card,Failed,POS
50836,Debit Card,Successful,POS
50837,Debit Card,Successful,Online
50838,Credit Card,Successful,Online
50839,Net Banking,Failed,POS
50840,Debit Card,Failed,Online
50841,Debit Card,Successful,Online
50842,Wallet,Successful,Online
50843,UPI,Refunded,POS
50844,UPI,Successful,POS
50845,Net Banking,Refunded,Online
50846,Debit Card,Successful,Online
50847,Net Banking,Successful,POS
50848,UPI,Successful,Online
50849,Credit Card,Successful,Online
50850,UPI,Successful,Online
50851,Credit Card,Successful,POS
50852,UPI,Refunded,Online
50853,UPI,Successful,Online
50854,UPI,Successful,Online
50855,Credit Card,Successful,Online
50856,UPI,Failed,Online
50857,UPI,Successful,POS
50858,UPI,Successful,POS
50859,UPI,Successful,Online
50860,Wallet,Failed,Online
50861,UPI,Failed,Online
50862,UPI,Successful,Online
50863,Net Banking,Refunded,POS
50864,Credit Card,Successful,Online
50865,Debit Card,Successful,POS
50866,Credit Card,Successful,Online
50867,Wallet,Successful,Online
50868,UPI,Successful,POS
50869,Wallet,Successful,Online
50870,Net Banking,Failed,Online
50871,Credit Card,Successful,Online
50872,Debit Card,Successful,POS
50873,Credit Card,Refunded,Online
50874,UPI,Successful,Online
50875,UPI,Successful,Online
50876,Wallet,Refunded,POS
50877,Credit Card,Successful,Online
50878,UPI,Successful,POS
50879,Debit Card,Failed,POS
50880,Credit Card,Successful,Online
50881,UPI,Failed,Online
50882,Debit Card,Successful,POS
50883,Debit Card,Refunded,Online
50884,UPI,Refunded,Online
50885,Wallet,Successful,Online
50886,UPI,Successful,Online
50887,Credit Card,Successful,Online
50888,UPI,Successful,Online
50889,Credit Card,Failed,POS
50890,UPI,Failed,Online
50891,UPI,Successful,POS
50892,Net Banking,Successful,POS
50893,UPI,Successful,Online
50894,Debit Card,Successful,POS
50895,Credit Card,Successful,Online
50896,Wallet,Refunded,Online
50897,Credit Card,Refunded,Online
50898,UPI,Successful,Online
50899,UPI,Refunded,Online
50900,Net Banking,Successful,Online
50901,Net Banking,Refunded,Online
50902,UPI,Successful,POS
50903,Credit Card,Refunded,Online
50904,Credit Card,Refunded,Online
50905,Wallet,Refunded,Online
50906,Wallet,Refunded,Online
50907,Wallet,Successful,POS
50908,Net Banking,Successful,POS
50909,Net Banking,Refunded,Online
50910,UPI,Successful,Online
50911,Net Banking,Successful,Online
50912,Debit Card,Failed,Online
50913,Wallet,Successful,Online
50914,Credit Card,Successful,Online
50915,UPI,Failed,POS
50916,Credit Card,Refunded,POS
50917,Debit Card,Successful,POS
50918,UPI,Successful,Online
50919,Credit Card,Failed,Online
50920,Credit Card,Successful,Online
50921,UPI,Refunded,Online
50922,UPI,Refunded,POS
50923,UPI,Successful,Online
50924,Wallet,Refunded,POS
50925,Debit Card,Successful,Online
50926,UPI,Failed,Online
50927,Debit Card,Successful,POS
50928,Debit Card,Failed,Online
50929,UPI,Successful,Online
50930,UPI,Successful,Online
50931,Credit Card,Failed,POS
50932,Credit Card,Successful,POS
50933,Debit Card,Successful,Online
50934,Credit Card,Successful,POS
50935,UPI,Failed,Online
50936,Wallet,Failed,Online
50937,UPI,Successful,Online
50938,Debit Card,Successful,POS
50939,UPI,Refunded,POS
50940,UPI,Refunded,POS
50941,Credit Card,Successful,Online
50942,UPI,Failed,POS
50943,Credit Card,Successful,Online
50944,UPI,Successful,Online
50945,Credit Card,Successful,Online
50946,Debit Card,Refunded,Online
50947,UPI,Successful,POS
50948,Net Banking,Successful,Online
50949,UPI,Failed,Online
50950,UPI,Failed,POS
50951,Debit Card,Successful,Online
50952,Credit Card,Refunded,Online
50953,Credit Card,Successful,Online
50954,UPI,Failed,POS
50955,Debit Card,Successful,Online
50956,Credit Card,Refunded,Online
50957,UPI,Successful,POS
50958,UPI,Refunded,POS
50959,Debit Card,Successful,Online
50960,Credit Card,Refunded,Online
50961,UPI,Successful,Online
50962,UPI,Successful,Online
50963,UPI,Refunded,POS
50964,Credit Card,Successful,POS
50965,Net Banking,Successful,Online
50966,Credit Card,Successful,Online
50967,Credit Card,Refunded,Online
50968,Net Banking,Successful,POS
50969,Credit Card,Successful,Online
50970,Credit Card,Successful,Online
50971,UPI,Refunded,Online
50972,Credit Card,Successful,POS
50973,Credit Card,Successful,Online
50974,Credit Card,Successful,POS
50975,Wallet,Failed,Online
50976,Net Banking,Successful,Online
50977,Debit Card,Successful,Online
50978,Credit Card,Successful,Online
50979,Credit Card,Refunded,Online
50980,UPI,Successful,Online
50981,UPI,Refunded,Online
50982,Debit Card,Successful,POS
50983,Credit Card,Successful,Online
50984,Net Banking,Successful,Online
50985,UPI,Successful,POS
50986,Credit Card,Refunded,Online
50987,Credit Card,Successful,Online
50988,Credit Card,Successful,Online
50989,Net Banking,Successful,Online
50990,Wallet,Successful,Online
50991,UPI,Successful,Online
50992,UPI,Successful,Online
50993,UPI,Successful,Online
50994,Debit Card,Successful,Online
50995,UPI,Successful,Online
50996,Debit Card,Successful,POS
50997,Credit Card,Refunded,Online
50998,Credit Card,Failed,POS
50999,Debit Card,Successful,Online
51000,Credit Card,Successful,Online
51001,Credit Card,Successful,Online
51002,UPI,Successful,Online
51003,Credit Card,Successful,Online
51004,Credit Card,Successful,Online
51005,Credit Card,Successful,Online
51006,Net Banking,Refunded,POS
51007,Net Banking,Successful,POS
51008,Net Banking,Successful,Online
51009,UPI,Successful,POS
51010,Debit Card,Refunded,POS
51011,Credit Card,Refunded,POS
51012,UPI,Successful,Online
51013,UPI,Successful,Online
51014,UPI,Refunded,Online
51015,UPI,Successful,Online
51016,Credit Card,Successful,Online
51017,Wallet,Successful,Online
51018,UPI,Refunded,Online
51019,Net Banking,Successful,Online
51020,UPI,Successful,Online
51021,UPI,Successful,POS
51022,Credit Card,Failed,Online
51023,Debit Card,Refunded,Online
51024,UPI,Refunded,Online
51025,UPI,Successful,Online
51026,Credit Card,Successful,Online
51027,UPI,Successful,Online
51028,Debit Card,Refunded,Online
51029,Credit Card,Refunded,Online
51030,UPI,Successful,POS
51031,Net Banking,Successful,Online
51032,UPI,Failed,POS
51033,Debit Card,Successful,Online
51034,Debit Card,Successful,Online
51035,Wallet,Successful,POS
51036,Credit Card,Refunded,Online
51037,Credit Card,Failed,Online
51038,UPI,Failed,POS
51039,Debit Card,Failed,Online
51040,Credit Card,Successful,Online
51041,Credit Card,Refunded,Online
51042,Net Banking,Successful,POS
51043,UPI,Successful,POS
51044,Net Banking,Failed,Online
51045,Net Banking,Successful,Online
51046,Credit Card,Refunded,Online
51047,Credit Card,Refunded,Online
51048,UPI,Successful,POS
51049,Wallet,Refunded,Online
51050,UPI,Successful,POS
51051,Credit Card,Successful,Online
51052,Debit Card,Failed,Online
51053,Net Banking,Failed,Online
51054,Debit Card,Refunded,Online
51055,Credit Card,Refunded,Online
51056,UPI,Failed,Online
51057,UPI,Successful,Online
51058,UPI,Failed,Online
51059,Net Banking,Successful,Online
51060,Debit Card,Failed,POS
51061,Debit Card,Successful,Online
51062,Debit Card,Successful,Online
51063,Credit Card,Successful,Online
51064,UPI,Failed,Online
51065,UPI,Successful,Online
51066,UPI,Successful,Online
51067,Debit Card,Failed,Online
51068,UPI,Successful,Online
51069,Debit Card,Successful,Online
51070,Debit Card,Failed,Online
51071,Credit Card,Failed,Online
51072,UPI,Successful,Online
51073,UPI,Failed,Online
51074,UPI,Successful,Online
51075,Debit Card,Failed,Online
51076,UPI,Refunded,Online
51077,Net Banking,Successful,Online
51078,Debit Card,Successful,Online
51079,UPI,Successful,Online
51080,Debit Card,Successful,Online
51081,Debit Card,Successful,Online
51082,Debit Card,Successful,Online
51083,UPI,Successful,Online
51084,UPI,Successful,POS
51085,UPI,Successful,Online
51086,UPI,Refunded,Online
51087,Debit Card,Failed,Online
51088,Debit Card,Refunded,Online
51089,Net Banking,Failed,Online
51090,UPI,Successful,Online
51091,UPI,Failed,Online
51092,Debit Card,Refunded,Online
51093,UPI,Successful,Online
51094,UPI,Successful,Online
51095,Credit Card,Failed,Online
51096,UPI,Successful,Online
51097,Credit Card,Successful,Online
51098,UPI,Successful,Online
51099,Credit Card,Failed,Online
51100,Net Banking,Successful,POS
51101,UPI,Refunded,POS
51102,Net Banking,Successful,Online
51103,Credit Card,Failed,Online
51104,Net Banking,Refunded,Online
51105,UPI,Successful,Online
51106,Credit Card,Successful,Online
51107,Credit Card,Refunded,Online
51108,Debit Card,Refunded,POS
51109,Credit Card,Failed,Online
51110,Credit Card,Successful,Online
51111,Net Banking,Successful,POS
51112,UPI,Successful,Online
51113,UPI,Successful,Online
51114,Credit Card,Successful,Online
51115,Credit Card,Successful,Online
51116,Credit Card,Successful,Online
51117,Credit Card,Refunded,POS
51118,Wallet,Refunded,Online
51119,Debit Card,Refunded,Online
51120,UPI,Refunded,POS
51121,UPI,Successful,Online
51122,Wallet,Refunded,POS
51123,Debit Card,Successful,Online
51124,Net Banking,Successful,POS
51125,UPI,Successful,Online
51126,Debit Card,Refunded,Online
51127,Debit Card,Failed,Online
51128,UPI,Refunded,POS
51129,Credit Card,Failed,Online
51130,Credit Card,Refunded,POS
51131,Credit Card,Successful,Online
51132,Net Banking,Refunded,Online
51133,Net Banking,Refunded,Online
51134,Net Banking,Refunded,POS
51135,Debit Card,Refunded,Online
51136,Credit Card,Successful,Online
51137,Credit Card,Successful,Online
51138,Net Banking,Successful,Online
51139,Credit Card,Successful,Online
51140,UPI,Failed,Online
51141,Credit Card,Successful,Online
51142,UPI,Successful,Online
51143,Debit Card,Successful,Online
51144,UPI,Failed,Online
51145,UPI,Failed,Online
51146,Wallet,Successful,POS
51147,Debit Card,Successful,Online
51148,Debit Card,Failed,Online
51149,Credit Card,Successful,Online
51150,Net Banking,Successful,POS
51151,Debit Card,Successful,Online
51152,Credit Card,Successful,Online
51153,Wallet,Successful,POS
51154,UPI,Refunded,Online
51155,Wallet,Refunded,Online
51156,Credit Card,Successful,Online
51157,Credit Card,Successful,Online
51158,UPI,Successful,POS
51159,Credit Card,Successful,Online
51160,Credit Card,Successful,Online
51161,Wallet,Failed,Online
51162,Wallet,Successful,Online
51163,Wallet,Successful,POS
51164,UPI,Successful,Online
51165,Wallet,Successful,Online
51166,Credit Card,Successful,POS
51167,Net Banking,Successful,POS
51168,UPI,Failed,Online
51169,Credit Card,Refunded,Online
51170,Wallet,Refunded,Online
51171,Wallet,Successful,Online
51172,Debit Card,Failed,Online
51173,Debit Card,Successful,Online
51174,UPI,Failed,Online
51175,Debit Card,Successful,Online
51176,Credit Card,Failed,Online
51177,UPI,Failed,POS
51178,UPI,Refunded,POS
51179,UPI,Failed,Online
51180,Debit Card,Successful,Online
51181,UPI,Successful,Online
51182,Credit Card,Successful,Online
51183,UPI,Failed,Online
51184,Credit Card,Successful,Online
51185,Debit Card,Refunded,POS
51186,Debit Card,Successful,Online
51187,Credit Card,Successful,Online
51188,Credit Card,Successful,Online
51189,Credit Card,Refunded,Online
51190,Net Banking,Successful,Online
51191,UPI,Successful,Online
51192,UPI,Successful,Online
51193,Debit Card,Failed,Online
51194,UPI,Successful,Online
51195,Net Banking,Successful,Online
51196,UPI,Refunded,Online
51197,Debit Card,Successful,Online
51198,UPI,Successful,Online
51199,Credit Card,Failed,Online
51200,UPI,Successful,Online
51201,Debit Card,Successful,POS
51202,Wallet,Refunded,Online
51203,Credit Card,Refunded,Online
51204,Net Banking,Successful,POS
51205,Debit Card,Successful,Online
51206,Wallet,Refunded,Online
51207,Debit Card,Successful,Online
51208,UPI,Successful,Online
51209,Debit Card,Successful,Online
51210,Credit Card,Refunded,Online
51211,UPI,Successful,Online
51212,UPI,Failed,Online
51213,Net Banking,Failed,POS
51214,Net Banking,Successful,Online
51215,Debit Card,Failed,POS
51216,Wallet,Refunded,Online
51217,Debit Card,Successful,Online
51218,UPI,Successful,Online
51219,UPI,Refunded,Online
51220,UPI,Successful,Online
51221,UPI,Successful,POS
51222,UPI,Refunded,Online
51223,Credit Card,Successful,POS
51224,Net Banking,Successful,Online
51225,Net Banking,Failed,Online
51226,Credit Card,Successful,Online
51227,Net Banking,Successful,Online
51228,Credit Card,Failed,Online
51229,Net Banking,Failed,Online
51230,Credit Card,Successful,Online
51231,UPI,Refunded,Online
51232,Net Banking,Refunded,POS
51233,Credit Card,Refunded,POS
51234,Credit Card,Refunded,POS
51235,UPI,Failed,Online
51236,Debit Card,Successful,Online
51237,Wallet,Successful,Online
51238,UPI,Successful,POS
51239,Net Banking,Successful,POS
51240,UPI,Refunded,Online
51241,UPI,Failed,POS
51242,UPI,Refunded,Online
51243,Debit Card,Successful,Online
51244,UPI,Failed,POS
51245,Credit Card,Successful,Online
51246,UPI,Successful,Online
51247,UPI,Successful,Online
51248,Debit Card,Successful,Online
51249,UPI,Successful,Online
51250,UPI,Successful,Online
51251,UPI,Successful,Online
51252,Credit Card,Successful,Online
51253,Debit Card,Successful,Online
51254,UPI,Failed,Online
51255,UPI,Failed,Online
51256,Credit Card,Failed,POS
51257,UPI,Failed,Online
51258,Net Banking,Successful,POS
51259,Debit Card,Refunded,POS
51260,Credit Card,Refunded,Online
51261,UPI,Failed,Online
51262,Debit Card,Successful,Online
51263,Net Banking,Successful,Online
51264,Credit Card,Successful,Online
51265,Debit Card,Refunded,Online
51266,Debit Card,Successful,Online
51267,Credit Card,Successful,Online
51268,UPI,Failed,POS
51269,Debit Card,Successful,Online
51270,UPI,Successful,POS
51271,Debit Card,Successful,Online
51272,Debit Card,Refunded,POS
51273,Net Banking,Failed,Online
51274,Credit Card,Successful,Online
51275,UPI,Failed,Online
51276,UPI,Successful,Online
51277,Debit Card,Successful,Online
51278,Net Banking,Refunded,Online
51279,Debit Card,Successful,Online
51280,UPI,Successful,Online
51281,Net Banking,Refunded,Online
51282,Wallet,Successful,POS
51283,Credit Card,Successful,Online
51284,Credit Card,Failed,POS
51285,Debit Card,Failed,Online
51286,Debit Card,Failed,Online
51287,Wallet,Successful,Online
51288,UPI,Successful,Online
51289,Credit Card,Successful,POS
51290,Debit Card,Failed,Online
51291,Net Banking,Refunded,Online
51292,Net Banking,Failed,Online
51293,Wallet,Successful,POS
51294,Credit Card,Refunded,Online
51295,Net Banking,Refunded,Online
51296,Credit Card,Successful,POS
51297,Credit Card,Successful,Online
51298,UPI,Successful,POS
51299,Debit Card,Refunded,POS
51300,Wallet,Successful,POS
51301,UPI,Successful,Online
51302,UPI,Successful,Online
51303,Debit Card,Successful,Online
51304,Credit Card,Failed,Online
51305,Wallet,Failed,POS
51306,UPI,Refunded,Online
51307,UPI,Refunded,Online
51308,Credit Card,Refunded,Online
51309,UPI,Failed,POS
51310,UPI,Refunded,Online
51311,UPI,Refunded,POS
51312,UPI,Failed,Online
51313,UPI,Failed,POS
51314,Wallet,Refunded,POS
51315,UPI,Refunded,POS
51316,Credit Card,Successful,Online
51317,Net Banking,Successful,Online
51318,Debit Card,Failed,POS
51319,Credit Card,Successful,Online
51320,Debit Card,Failed,POS
51321,Net Banking,Successful,Online
51322,Net Banking,Successful,Online
51323,Credit Card,Successful,Online
51324,Net Banking,Successful,Online
51325,Credit Card,Successful,POS
51326,UPI,Successful,POS
51327,Net Banking,Successful,Online
51328,Credit Card,Successful,Online
51329,Net Banking,Successful,Online
51330,UPI,Successful,Online
51331,Credit Card,Successful,Online
51332,Wallet,Failed,Online
51333,UPI,Refunded,Online
51334,Wallet,Successful,Online
51335,Wallet,Successful,Online
51336,Net Banking,Successful,POS
51337,Credit Card,Successful,POS
51338,Credit Card,Successful,Online
51339,Net Banking,Successful,Online
51340,Debit Card,Successful,POS
51341,Credit Card,Successful,Online
51342,Wallet,Successful,Online
51343,Debit Card,Successful,Online
51344,Wallet,Refunded,POS
51345,UPI,Failed,Online
51346,UPI,Successful,Online
51347,Credit Card,Successful,Online
51348,Credit Card,Successful,Online
51349,Debit Card,Failed,Online
51350,UPI,Successful,POS
51351,Wallet,Successful,Online
51352,UPI,Successful,Online
51353,Credit Card,Successful,Online
51354,UPI,Successful,Online
51355,Credit Card,Failed,Online
51356,UPI,Failed,Online
51357,UPI,Successful,POS
51358,Debit Card,Refunded,POS
51359,UPI,Successful,Online
51360,UPI,Successful,Online
51361,Debit Card,Successful,Online
51362,UPI,Failed,Online
51363,Credit Card,Successful,Online
51364,UPI,Successful,Online
51365,UPI,Successful,Online
51366,Debit Card,Successful,Online
51367,UPI,Failed,Online
51368,Net Banking,Refunded,Online
51369,Net Banking,Successful,Online
51370,UPI,Failed,POS
51371,Wallet,Successful,Online
51372,UPI,Successful,Online
51373,UPI,Successful,Online
51374,UPI,Successful,Online
51375,Credit Card,Successful,Online
51376,Credit Card,Refunded,POS
51377,UPI,Successful,Online
51378,Net Banking,Successful,POS
51379,Debit Card,Successful,Online
51380,UPI,Successful,Online
51381,Debit Card,Successful,POS
51382,Wallet,Successful,Online
51383,UPI,Refunded,Online
51384,UPI,Successful,Online
51385,Credit Card,Refunded,Online
51386,Credit Card,Refunded,Online
51387,Credit Card,Refunded,Online
51388,UPI,Failed,Online
51389,Debit Card,Refunded,Online
51390,Credit Card,Successful,Online
51391,Credit Card,Failed,Online
51392,UPI,Successful,POS
51393,Credit Card,Successful,Online
51394,UPI,Successful,Online
51395,Credit Card,Refunded,POS
51396,Net Banking,Successful,POS
51397,Credit Card,Refunded,Online
51398,UPI,Refunded,Online
51399,Credit Card,Successful,Online
51400,Net Banking,Successful,Online
51401,Debit Card,Successful,Online
51402,Credit Card,Failed,Online
51403,UPI,Successful,POS
51404,Credit Card,Refunded,Online
51405,Credit Card,Failed,Online
51406,Wallet,Successful,Online
51407,Credit Card,Refunded,POS
51408,Debit Card,Successful,POS
51409,Credit Card,Successful,Online
51410,UPI,Successful,POS
51411,Debit Card,Successful,POS
51412,Credit Card,Successful,Online
51413,Wallet,Successful,Online
51414,Credit Card,Failed,Online
51415,UPI,Refunded,POS
51416,Debit Card,Failed,Online
51417,UPI,Failed,Online
51418,UPI,Successful,Online
51419,UPI,Refunded,POS
51420,Debit Card,Successful,Online
51421,Credit Card,Successful,Online
51422,UPI,Failed,Online
51423,Credit Card,Successful,POS
51424,Credit Card,Successful,Online
51425,Net Banking,Failed,POS
51426,Credit Card,Failed,POS
51427,Debit Card,Successful,POS
51428,UPI,Refunded,POS
51429,Debit Card,Successful,Online
51430,Debit Card,Successful,POS
51431,Net Banking,Successful,POS
51432,UPI,Successful,Online
51433,Credit Card,Refunded,Online
51434,Debit Card,Successful,Online
51435,UPI,Failed,Online
51436,Credit Card,Refunded,POS
51437,Wallet,Failed,Online
51438,Credit Card,Successful,Online
51439,Wallet,Successful,POS
51440,UPI,Refunded,Online
51441,Debit Card,Successful,POS
51442,Credit Card,Successful,Online
51443,Credit Card,Refunded,Online
51444,Wallet,Refunded,POS
51445,UPI,Failed,POS
51446,Net Banking,Successful,Online
51447,Debit Card,Refunded,Online
51448,UPI,Successful,Online
51449,Net Banking,Failed,POS
51450,Credit Card,Successful,POS
51451,Debit Card,Failed,POS
51452,Credit Card,Successful,Online
51453,Net Banking,Successful,POS
51454,Credit Card,Successful,Online
51455,UPI,Failed,Online
51456,Credit Card,Successful,Online
51457,UPI,Failed,Online
51458,Credit Card,Refunded,POS
51459,UPI,Successful,POS
51460,UPI,Failed,Online
51461,UPI,Successful,Online
51462,Credit Card,Successful,Online
51463,Credit Card,Successful,POS
51464,Credit Card,Refunded,Online
51465,UPI,Refunded,POS
51466,Debit Card,Successful,Online
51467,Debit Card,Successful,Online
51468,UPI,Refunded,Online
51469,Net Banking,Refunded,Online
51470,Credit Card,Successful,Online
51471,Debit Card,Failed,Online
51472,UPI,Successful,Online
51473,UPI,Refunded,Online
51474,Net Banking,Failed,POS
51475,Net Banking,Failed,Online
51476,UPI,Failed,Online
51477,UPI,Failed,POS
51478,Debit Card,Successful,Online
51479,Debit Card,Successful,Online
51480,Net Banking,Successful,Online
51481,UPI,Successful,Online
51482,Credit Card,Successful,POS
51483,UPI,Successful,Online
51484,Credit Card,Successful,Online
51485,UPI,Successful,POS
51486,Net Banking,Failed,Online
51487,Credit Card,Refunded,Online
51488,Net Banking,Successful,Online
51489,UPI,Successful,POS
51490,UPI,Successful,Online
51491,UPI,Refunded,POS
51492,Credit Card,Successful,POS
51493,Debit Card,Successful,Online
51494,Credit Card,Successful,Online
51495,UPI,Failed,Online
51496,UPI,Failed,POS
51497,UPI,Failed,POS
51498,Debit Card,Successful,Online
51499,Credit Card,Successful,Online
51500,Debit Card,Failed,Online
51501,Debit Card,Successful,Online
51502,UPI,Failed,POS
51503,UPI,Successful,Online
51504,Debit Card,Successful,POS
51505,Debit Card,Successful,Online
51506,UPI,Successful,Online
51507,UPI,Successful,Online
51508,UPI,Refunded,Online
51509,UPI,Refunded,Online
51510,UPI,Refunded,Online
51511,UPI,Successful,Online
51512,Credit Card,Successful,Online
51513,UPI,Successful,POS
51514,UPI,Successful,Online
51515,Net Banking,Successful,Online
51516,Credit Card,Successful,Online
51517,Net Banking,Failed,Online
51518,UPI,Refunded,Online
51519,Debit Card,Successful,Online
51520,UPI,Refunded,Online
51521,Credit Card,Failed,Online
51522,UPI,Successful,POS
51523,UPI,Successful,Online
51524,Net Banking,Successful,Online
51525,Credit Card,Successful,Online
51526,Net Banking,Failed,Online
51527,UPI,Successful,Online
51528,UPI,Successful,Online
51529,Credit Card,Refunded,POS
51530,Debit Card,Refunded,Online
51531,Credit Card,Failed,Online
51532,Net Banking,Successful,POS
51533,UPI,Refunded,Online
51534,Debit Card,Successful,Online
51535,UPI,Successful,Online
51536,UPI,Refunded,Online
51537,Credit Card,Successful,Online
51538,Credit Card,Successful,Online
51539,UPI,Successful,Online
51540,UPI,Refunded,POS
51541,Credit Card,Successful,Online
51542,Credit Card,Failed,Online
51543,UPI,Successful,POS
51544,UPI,Failed,POS
51545,UPI,Failed,POS
51546,Wallet,Refunded,POS
51547,Wallet,Successful,Online
51548,Credit Card,Failed,Online
51549,Wallet,Successful,POS
51550,Debit Card,Refunded,POS
51551,UPI,Failed,POS
51552,UPI,Refunded,Online
51553,Net Banking,Successful,Online
51554,Credit Card,Refunded,Online
51555,Net Banking,Refunded,Online
51556,Net Banking,Failed,Online
51557,Credit Card,Successful,Online
51558,UPI,Refunded,Online
51559,UPI,Failed,Online
51560,UPI,Successful,Online
51561,UPI,Successful,POS
51562,Credit Card,Successful,Online
51563,UPI,Successful,Online
51564,UPI,Failed,Online
51565,Credit Card,Successful,Online
51566,UPI,Failed,POS
51567,Credit Card,Successful,Online
51568,Credit Card,Successful,Online
51569,Credit Card,Failed,Online
51570,Net Banking,Successful,Online
51571,UPI,Failed,POS
51572,UPI,Successful,Online
51573,Net Banking,Successful,Online
51574,Credit Card,Refunded,POS
51575,Debit Card,Successful,Online
51576,UPI,Successful,Online
51577,Net Banking,Successful,Online
51578,Net Banking,Refunded,Online
51579,Credit Card,Successful,Online
51580,UPI,Failed,Online
51581,Net Banking,Failed,Online
51582,Debit Card,Successful,Online
51583,Debit Card,Successful,POS
51584,UPI,Failed,Online
51585,Debit Card,Successful,Online
51586,UPI,Successful,Online
51587,UPI,Successful,Online
51588,Credit Card,Refunded,Online
51589,UPI,Successful,Online
51590,Debit Card,Successful,POS
51591,Credit Card,Successful,Online
51592,UPI,Refunded,POS
51593,Debit Card,Failed,Online
51594,Net Banking,Successful,POS
51595,UPI,Successful,Online
51596,Credit Card,Successful,POS
51597,UPI,Refunded,Online
51598,Credit Card,Successful,Online
51599,UPI,Refunded,POS
51600,UPI,Refunded,POS
51601,UPI,Successful,Online
51602,Wallet,Successful,Online
51603,Credit Card,Refunded,Online
51604,Credit Card,Successful,Online
51605,Credit Card,Failed,Online
51606,Credit Card,Successful,POS
51607,Credit Card,Successful,Online
51608,UPI,Successful,Online
51609,Credit Card,Successful,Online
51610,UPI,Successful,Online
51611,UPI,Failed,Online
51612,Credit Card,Failed,Online
51613,Net Banking,Successful,Online
51614,UPI,Refunded,Online
51615,UPI,Successful,POS
51616,UPI,Successful,Online
51617,Wallet,Successful,Online
51618,Net Banking,Successful,Online
51619,Credit Card,Successful,POS
51620,Net Banking,Successful,Online
51621,Credit Card,Successful,Online
51622,Wallet,Successful,Online
51623,UPI,Successful,Online
51624,UPI,Failed,Online
51625,Credit Card,Successful,POS
51626,UPI,Successful,Online
51627,Credit Card,Successful,Online
51628,UPI,Failed,Online
51629,Credit Card,Successful,POS
51630,UPI,Refunded,POS
51631,UPI,Successful,Online
51632,Net Banking,Refunded,Online
51633,Net Banking,Refunded,POS
51634,Wallet,Failed,Online
51635,Debit Card,Successful,Online
51636,Debit Card,Successful,Online
51637,Credit Card,Failed,Online
51638,UPI,Failed,POS
51639,UPI,Successful,Online
51640,UPI,Successful,Online
51641,Net Banking,Failed,Online
51642,UPI,Refunded,Online
51643,Net Banking,Successful,Online
51644,Credit Card,Successful,Online
51645,Debit Card,Failed,Online
51646,UPI,Refunded,Online
51647,UPI,Successful,Online
51648,Wallet,Successful,POS
51649,UPI,Successful,Online
51650,UPI,Refunded,POS
51651,UPI,Successful,Online
51652,UPI,Failed,POS
51653,UPI,Successful,Online
51654,Credit Card,Successful,Online
51655,Credit Card,Successful,POS
51656,Credit Card,Successful,POS
51657,UPI,Failed,Online
51658,Debit Card,Refunded,Online
51659,Debit Card,Successful,Online
51660,UPI,Successful,Online
51661,Credit Card,Failed,POS
51662,UPI,Failed,Online
51663,Debit Card,Failed,Online
51664,Debit Card,Refunded,Online
51665,Net Banking,Successful,Online
51666,UPI,Successful,Online
51667,Credit Card,Successful,Online
51668,UPI,Successful,Online
51669,UPI,Refunded,POS
51670,Credit Card,Successful,Online
51671,UPI,Successful,Online
51672,Debit Card,Successful,POS
51673,Credit Card,Successful,Online
51674,Net Banking,Successful,Online
51675,UPI,Successful,Online
51676,Net Banking,Failed,Online
51677,Wallet,Successful,POS
51678,Net Banking,Successful,POS
51679,Debit Card,Successful,POS
51680,Debit Card,Failed,POS
51681,Credit Card,Successful,Online
51682,UPI,Successful,POS
51683,Debit Card,Successful,Online
51684,Debit Card,Successful,POS
51685,Wallet,Successful,Online
51686,Credit Card,Successful,Online
51687,UPI,Successful,Online
51688,Debit Card,Successful,Online
51689,Wallet,Failed,Online
51690,UPI,Successful,Online
51691,UPI,Failed,Online
51692,Credit Card,Successful,Online
51693,UPI,Successful,Online
51694,UPI,Successful,POS
51695,UPI,Successful,Online
51696,Net Banking,Refunded,Online
51697,UPI,Successful,Online
51698,Credit Card,Successful,Online
51699,Debit Card,Successful,Online
51700,Wallet,Failed,Online
51701,Wallet,Refunded,Online
51702,Credit Card,Successful,Online
51703,Wallet,Successful,Online
51704,UPI,Failed,Online
51705,Debit Card,Successful,Online
51706,Credit Card,Successful,Online
51707,UPI,Successful,Online
51708,Credit Card,Successful,Online
51709,UPI,Successful,Online
51710,Net Banking,Successful,Online
51711,UPI,Successful,Online
51712,Credit Card,Refunded,Online
51713,UPI,Successful,Online
51714,UPI,Successful,Online
51715,Wallet,Successful,Online
51716,Debit Card,Successful,Online
51717,Wallet,Successful,Online
51718,UPI,Failed,Online
51719,UPI,Successful,POS
51720,Credit Card,Successful,Online
51721,Credit Card,Successful,Online
51722,UPI,Refunded,POS
51723,Debit Card,Successful,POS
51724,UPI,Successful,POS
51725,UPI,Failed,Online
51726,UPI,Failed,Online
51727,Credit Card,Failed,Online
51728,Debit Card,Successful,Online
51729,Credit Card,Failed,Online
51730,Credit Card,Failed,Online
51731,UPI,Successful,Online
51732,Net Banking,Failed,Online
51733,Net Banking,Successful,Online
51734,Debit Card,Successful,Online
51735,UPI,Successful,POS
51736,Credit Card,Successful,Online
51737,Credit Card,Successful,Online
51738,Wallet,Refunded,Online
51739,Wallet,Failed,Online
51740,Net Banking,Refunded,POS
51741,UPI,Successful,Online
51742,Wallet,Successful,Online
51743,Credit Card,Successful,Online
51744,Debit Card,Successful,POS
51745,Credit Card,Successful,Online
51746,UPI,Failed,POS
51747,Credit Card,Successful,Online
51748,UPI,Successful,Online
51749,UPI,Successful,Online
51750,Net Banking,Refunded,POS
51751,UPI,Successful,Online
51752,UPI,Successful,Online
51753,UPI,Successful,POS
51754,Credit Card,Refunded,POS
51755,Wallet,Failed,Online
51756,UPI,Successful,Online
51757,UPI,Refunded,Online
51758,Net Banking,Successful,Online
51759,Net Banking,Successful,Online
51760,UPI,Failed,POS
51761,Debit Card,Successful,Online
51762,Debit Card,Successful,POS
51763,Debit Card,Refunded,Online
51764,Credit Card,Refunded,Online
51765,Wallet,Successful,Online
51766,UPI,Successful,POS
51767,UPI,Refunded,Online
51768,Credit Card,Successful,Online
51769,Credit Card,Successful,Online
51770,Net Banking,Successful,Online
51771,Credit Card,Failed,POS
51772,UPI,Successful,Online
51773,Credit Card,Refunded,POS
51774,Credit Card,Successful,Online
51775,Wallet,Refunded,Online
51776,Credit Card,Successful,Online
51777,Credit Card,Successful,Online
51778,Debit Card,Successful,Online
51779,Debit Card,Successful,Online
51780,Credit Card,Failed,Online
51781,UPI,Refunded,POS
51782,Net Banking,Failed,POS
51783,Debit Card,Failed,Online
51784,Debit Card,Failed,Online
51785,Wallet,Failed,Online
51786,Debit Card,Refunded,Online
51787,Net Banking,Successful,Online
51788,Wallet,Refunded,Online
51789,UPI,Successful,Online
51790,Credit Card,Successful,Online
51791,Credit Card,Refunded,POS
51792,UPI,Refunded,Online
51793,Net Banking,Refunded,Online
51794,Debit Card,Successful,Online
51795,Debit Card,Refunded,POS
51796,Wallet,Successful,Online
51797,UPI,Successful,Online
51798,Debit Card,Successful,Online
51799,Credit Card,Successful,POS
51800,UPI,Successful,Online
51801,UPI,Successful,Online
51802,Net Banking,Refunded,Online
51803,Credit Card,Refunded,Online
51804,Net Banking,Refunded,Online
51805,Credit Card,Successful,Online
51806,UPI,Successful,POS
51807,UPI,Successful,Online
51808,Credit Card,Successful,Online
51809,Wallet,Refunded,POS
51810,UPI,Successful,POS
51811,Wallet,Successful,Online
51812,Wallet,Refunded,Online
51813,Wallet,Failed,Online
51814,Credit Card,Refunded,Online
51815,Wallet,Successful,Online
51816,Credit Card,Failed,Online
51817,UPI,Refunded,Online
51818,UPI,Refunded,POS
51819,Wallet,Failed,Online
51820,UPI,Failed,Online
51821,Credit Card,Successful,Online
51822,UPI,Failed,Online
51823,UPI,Successful,Online
51824,UPI,Failed,Online
51825,Net Banking,Successful,Online
51826,Credit Card,Failed,POS
51827,Net Banking,Refunded,Online
51828,Debit Card,Successful,Online
51829,Wallet,Failed,Online
51830,Credit Card,Successful,POS
51831,Credit Card,Successful,POS
51832,Credit Card,Successful,POS
51833,Credit Card,Refunded,POS
51834,Net Banking,Successful,Online
51835,Credit Card,Failed,Online
51836,Debit Card,Successful,Online
51837,Debit Card,Successful,Online
51838,UPI,Failed,POS
51839,Debit Card,Failed,Online
51840,UPI,Successful,Online
51841,Credit Card,Successful,Online
51842,Debit Card,Successful,Online
51843,Wallet,Successful,POS
51844,UPI,Failed,Online
51845,UPI,Refunded,Online
51846,UPI,Successful,Online
51847,Credit Card,Refunded,Online
51848,Net Banking,Refunded,Online
51849,Net Banking,Failed,Online
51850,Debit Card,Refunded,POS
51851,Net Banking,Successful,Online
51852,UPI,Successful,Online
51853,UPI,Failed,POS
51854,UPI,Successful,Online
51855,Net Banking,Failed,Online
51856,Debit Card,Successful,Online
51857,Debit Card,Failed,Online
51858,UPI,Successful,Online
51859,UPI,Successful,Online
51860,Wallet,Refunded,POS
51861,UPI,Failed,POS
51862,Debit Card,Successful,Online
51863,UPI,Successful,Online
51864,UPI,Successful,Online
51865,Debit Card,Successful,Online
51866,UPI,Successful,Online
51867,Debit Card,Refunded,POS
51868,Debit Card,Refunded,Online
51869,Credit Card,Failed,Online
51870,Debit Card,Successful,Online
51871,Credit Card,Failed,Online
51872,UPI,Successful,Online
51873,Debit Card,Successful,Online
51874,Credit Card,Failed,Online
51875,UPI,Successful,Online
51876,Net Banking,Refunded,POS
51877,Credit Card,Successful,Online
51878,Net Banking,Successful,Online
51879,Net Banking,Successful,Online
51880,Credit Card,Successful,Online
51881,Credit Card,Refunded,Online
51882,Credit Card,Refunded,Online
51883,Credit Card,Failed,Online
51884,Net Banking,Successful,Online
51885,Debit Card,Successful,POS
51886,UPI,Failed,POS
51887,Credit Card,Refunded,Online
51888,Wallet,Successful,POS
51889,Credit Card,Refunded,Online
51890,Debit Card,Refunded,POS
51891,Debit Card,Successful,Online
51892,UPI,Successful,Online
51893,UPI,Successful,Online
51894,Debit Card,Successful,Online
51895,Credit Card,Refunded,Online
51896,Credit Card,Refunded,Online
51897,Debit Card,Successful,Online
51898,Debit Card,Successful,POS
51899,UPI,Refunded,Online
51900,UPI,Successful,Online
51901,UPI,Successful,Online
51902,Credit Card,Refunded,Online
51903,UPI,Failed,Online
51904,Credit Card,Failed,Online
51905,UPI,Refunded,Online
51906,Credit Card,Successful,Online
51907,UPI,Refunded,POS
51908,Credit Card,Refunded,Online
51909,Credit Card,Refunded,Online
51910,UPI,Successful,POS
51911,Net Banking,Refunded,POS
51912,UPI,Refunded,Online
51913,Debit Card,Successful,Online
51914,Net Banking,Refunded,Online
51915,Credit Card,Failed,Online
51916,Net Banking,Failed,Online
51917,UPI,Refunded,Online
51918,Credit Card,Successful,Online
51919,Credit Card,Refunded,POS
51920,UPI,Refunded,Online
51921,Credit Card,Successful,Online
51922,UPI,Successful,Online
51923,Debit Card,Successful,POS
51924,Net Banking,Successful,Online
51925,UPI,Successful,Online
51926,UPI,Successful,Online
51927,Credit Card,Refunded,POS
51928,Credit Card,Failed,Online
51929,Debit Card,Successful,Online
51930,Credit Card,Successful,POS
51931,UPI,Refunded,Online
51932,Debit Card,Successful,Online
51933,Net Banking,Successful,Online
51934,Credit Card,Successful,Online
51935,Credit Card,Successful,Online
51936,UPI,Successful,POS
51937,UPI,Successful,Online
51938,UPI,Failed,POS
51939,Credit Card,Refunded,POS
51940,Net Banking,Successful,Online
51941,Credit Card,Refunded,Online
51942,UPI,Successful,POS
51943,UPI,Refunded,POS
51944,Credit Card,Successful,Online
51945,Credit Card,Successful,Online
51946,Credit Card,Successful,Online
51947,Credit Card,Successful,Online
51948,Credit Card,Successful,POS
51949,UPI,Refunded,Online
51950,UPI,Failed,Online
51951,UPI,Failed,Online
51952,UPI,Failed,POS
51953,UPI,Successful,Online
51954,UPI,Failed,Online
51955,Debit Card,Refunded,Online
51956,Debit Card,Successful,Online
51957,Credit Card,Successful,Online
51958,Net Banking,Failed,Online
51959,UPI,Failed,Online
51960,Net Banking,Failed,POS
51961,Credit Card,Successful,POS
51962,Credit Card,Refunded,Online
51963,Credit Card,Failed,POS
51964,UPI,Successful,POS
51965,Wallet,Successful,Online
51966,UPI,Successful,Online
51967,UPI,Refunded,Online
51968,UPI,Successful,Online
51969,UPI,Successful,Online
51970,UPI,Successful,Online
51971,UPI,Successful,POS
51972,UPI,Successful,Online
51973,Net Banking,Refunded,Online
51974,UPI,Failed,POS
51975,UPI,Successful,POS
51976,Credit Card,Refunded,Online
51977,Wallet,Successful,POS
51978,UPI,Failed,Online
51979,UPI,Successful,Online
51980,Wallet,Successful,Online
51981,UPI,Refunded,Online
51982,Credit Card,Successful,Online
51983,UPI,Successful,POS
51984,Net Banking,Successful,POS
51985,Wallet,Refunded,Online
51986,Debit Card,Successful,Online
51987,UPI,Successful,Online
51988,Credit Card,Successful,POS
51989,UPI,Failed,Online
51990,Net Banking,Failed,POS
51991,Net Banking,Refunded,Online
51992,Credit Card,Successful,Online
51993,Debit Card,Failed,Online
51994,UPI,Successful,POS
51995,Credit Card,Successful,Online
51996,Credit Card,Failed,Online
51997,Credit Card,Failed,Online
51998,UPI,Refunded,POS
51999,UPI,Refunded,Online
52000,Debit Card,Successful,Online
52001,Net Banking,Successful,POS
52002,Wallet,Successful,POS
52003,Debit Card,Successful,Online
52004,Credit Card,Refunded,Online
52005,UPI,Successful,POS
52006,Wallet,Refunded,Online
52007,Credit Card,Successful,Online
52008,Debit Card,Successful,Online
52009,Debit Card,Refunded,Online
52010,Net Banking,Successful,Online
52011,UPI,Successful,Online
52012,UPI,Failed,Online
52013,Debit Card,Failed,Online
52014,Net Banking,Successful,Online
52015,Debit Card,Failed,Online
52016,Credit Card,Successful,Online
52017,UPI,Successful,POS
52018,Debit Card,Successful,Online
52019,Debit Card,Successful,POS
52020,Credit Card,Successful,Online
52021,UPI,Successful,Online
52022,Net Banking,Successful,Online
52023,Credit Card,Refunded,Online
52024,Debit Card,Successful,Online
52025,UPI,Successful,Online
52026,UPI,Refunded,Online
52027,Net Banking,Successful,Online
52028,UPI,Successful,Online
52029,Credit Card,Successful,Online
52030,Credit Card,Failed,Online
52031,Debit Card,Successful,Online
52032,UPI,Failed,Online
52033,UPI,Failed,Online
52034,Net Banking,Successful,Online
52035,Credit Card,Failed,Online
52036,UPI,Successful,Online
52037,UPI,Failed,Online
52038,Wallet,Successful,POS
52039,UPI,Successful,Online
52040,Credit Card,Successful,Online
52041,Credit Card,Successful,Online
52042,Net Banking,Successful,Online
52043,Debit Card,Successful,Online
52044,Credit Card,Successful,Online
52045,UPI,Successful,Online
52046,Net Banking,Successful,Online
52047,Credit Card,Refunded,Online
52048,Net Banking,Refunded,POS
52049,Credit Card,Successful,POS
52050,Debit Card,Successful,POS
52051,UPI,Failed,Online
52052,Debit Card,Failed,Online
52053,UPI,Refunded,POS
52054,UPI,Successful,Online
52055,UPI,Successful,POS
52056,UPI,Failed,Online
52057,UPI,Failed,Online
52058,UPI,Successful,POS
52059,Net Banking,Failed,Online
52060,UPI,Refunded,Online
52061,Debit Card,Successful,Online
52062,UPI,Successful,Online
52063,Credit Card,Failed,POS
52064,Credit Card,Successful,Online
52065,Wallet,Refunded,POS
52066,Net Banking,Failed,POS
52067,Credit Card,Refunded,Online
52068,Debit Card,Successful,POS
52069,UPI,Refunded,Online
52070,Credit Card,Refunded,Online
52071,UPI,Refunded,Online
52072,UPI,Successful,Online
52073,UPI,Successful,Online
52074,Debit Card,Successful,POS
52075,Credit Card,Successful,Online
52076,Debit Card,Failed,POS
52077,Credit Card,Successful,Online
52078,UPI,Refunded,Online
52079,Debit Card,Successful,Online
52080,Net Banking,Successful,Online
52081,Net Banking,Successful,POS
52082,Credit Card,Successful,Online
52083,Debit Card,Refunded,POS
52084,Debit Card,Refunded,Online
52085,UPI,Successful,Online
52086,UPI,Refunded,POS
52087,UPI,Failed,POS
52088,UPI,Successful,Online
52089,Credit Card,Successful,Online
52090,Wallet,Refunded,POS
52091,Credit Card,Successful,Online
52092,Debit Card,Failed,Online
52093,Debit Card,Failed,Online
52094,UPI,Failed,Online
52095,UPI,Successful,Online
52096,Credit Card,Refunded,Online
52097,Debit Card,Failed,POS
52098,Wallet,Refunded,Online
52099,UPI,Successful,Online
52100,Net Banking,Successful,POS
52101,Credit Card,Successful,POS
52102,Debit Card,Successful,Online
52103,Credit Card,Successful,POS
52104,UPI,Refunded,Online
52105,UPI,Successful,POS
52106,UPI,Successful,POS
52107,UPI,Refunded,Online
52108,Debit Card,Successful,POS
52109,UPI,Failed,Online
52110,Credit Card,Successful,Online
52111,UPI,Successful,Online
52112,Debit Card,Successful,Online
52113,Debit Card,Successful,Online
52114,Debit Card,Successful,Online
52115,Credit Card,Successful,POS
52116,UPI,Successful,Online
52117,Debit Card,Successful,Online
52118,UPI,Failed,POS
52119,UPI,Successful,Online
52120,UPI,Failed,POS
52121,Debit Card,Successful,Online
52122,Debit Card,Refunded,Online
52123,Debit Card,Successful,Online
52124,Credit Card,Successful,POS
52125,UPI,Successful,Online
52126,Net Banking,Failed,Online
52127,Credit Card,Successful,POS
52128,Credit Card,Failed,Online
52129,Credit Card,Successful,Online
52130,UPI,Successful,POS
52131,UPI,Successful,Online
52132,Credit Card,Successful,Online
52133,UPI,Successful,POS
52134,UPI,Refunded,POS
52135,Net Banking,Refunded,POS
52136,Credit Card,Successful,Online
52137,Credit Card,Successful,Online
52138,Debit Card,Successful,POS
52139,Wallet,Failed,Online
52140,UPI,Successful,Online
52141,Net Banking,Successful,Online
52142,Credit Card,Successful,Online
52143,UPI,Successful,Online
52144,UPI,Successful,POS
52145,Credit Card,Refunded,Online
52146,Debit Card,Successful,Online
52147,UPI,Successful,Online
52148,Credit Card,Failed,POS
52149,Debit Card,Successful,POS
52150,Credit Card,Successful,Online
52151,Net Banking,Refunded,POS
52152,Net Banking,Successful,POS
52153,Credit Card,Successful,POS
52154,Wallet,Refunded,Online
52155,UPI,Refunded,POS
52156,UPI,Successful,POS
52157,Credit Card,Successful,Online
52158,Credit Card,Refunded,Online
52159,Credit Card,Failed,POS
52160,Credit Card,Failed,Online
52161,UPI,Refunded,Online
52162,UPI,Successful,Online
52163,Net Banking,Failed,POS
52164,Net Banking,Successful,Online
52165,Debit Card,Successful,POS
52166,Debit Card,Successful,Online
52167,Credit Card,Successful,Online
52168,UPI,Refunded,POS
52169,Credit Card,Successful,Online
52170,Debit Card,Successful,Online
52171,Credit Card,Failed,POS
52172,UPI,Refunded,Online
52173,Wallet,Successful,Online
52174,Net Banking,Successful,POS
52175,UPI,Refunded,POS
52176,Credit Card,Successful,Online
52177,Net Banking,Failed,POS
52178,UPI,Refunded,Online
52179,Credit Card,Successful,POS
52180,Credit Card,Failed,Online
52181,Credit Card,Successful,Online
52182,Net Banking,Refunded,Online
52183,Credit Card,Successful,Online
52184,UPI,Refunded,Online
52185,UPI,Successful,Online
52186,UPI,Refunded,Online
52187,Credit Card,Successful,Online
52188,Debit Card,Failed,Online
52189,UPI,Failed,Online
52190,Credit Card,Successful,POS
52191,Debit Card,Successful,Online
52192,UPI,Successful,POS
52193,Credit Card,Failed,Online
52194,Debit Card,Successful,Online
52195,Credit Card,Refunded,POS
52196,UPI,Successful,Online
52197,Credit Card,Successful,POS
52198,Wallet,Refunded,POS
52199,Credit Card,Failed,Online
52200,Credit Card,Successful,Online
52201,Credit Card,Successful,Online
52202,UPI,Refunded,Online
52203,Credit Card,Failed,Online
52204,UPI,Failed,POS
52205,UPI,Refunded,Online
52206,Credit Card,Successful,Online
52207,UPI,Successful,Online
52208,Credit Card,Refunded,Online
52209,UPI,Refunded,Online
52210,UPI,Refunded,Online
52211,Net Banking,Failed,Online
52212,Net Banking,Successful,Online
52213,UPI,Failed,POS
52214,Credit Card,Failed,Online
52215,UPI,Successful,Online
52216,Credit Card,Refunded,Online
52217,Credit Card,Failed,Online
52218,UPI,Failed,POS
52219,Debit Card,Refunded,Online
52220,UPI,Successful,Online
52221,UPI,Successful,POS
52222,Debit Card,Successful,Online
52223,Debit Card,Failed,Online
52224,Credit Card,Successful,POS
52225,Credit Card,Successful,POS
52226,Credit Card,Refunded,Online
52227,Credit Card,Successful,Online
52228,Credit Card,Refunded,Online
52229,Credit Card,Successful,Online
52230,Credit Card,Successful,Online
52231,Debit Card,Successful,Online
52232,Debit Card,Successful,Online
52233,UPI,Successful,POS
52234,Credit Card,Failed,Online
52235,UPI,Successful,POS
52236,Credit Card,Successful,POS
52237,Credit Card,Successful,Online
52238,Net Banking,Successful,POS
52239,Debit Card,Failed,Online
52240,Net Banking,Successful,Online
52241,Debit Card,Successful,Online
52242,Wallet,Failed,Online
52243,Credit Card,Failed,Online
52244,Wallet,Successful,Online
52245,UPI,Refunded,Online
52246,UPI,Successful,Online
52247,Credit Card,Failed,Online
52248,Wallet,Successful,Online
52249,Credit Card,Successful,POS
52250,UPI,Successful,Online
52251,Credit Card,Successful,Online
52252,Credit Card,Refunded,POS
52253,UPI,Refunded,Online
52254,Debit Card,Refunded,Online
52255,Wallet,Refunded,Online
52256,Net Banking,Successful,POS
52257,UPI,Failed,Online
52258,UPI,Refunded,Online
52259,UPI,Successful,Online
52260,Credit Card,Refunded,Online
52261,UPI,Successful,Online
52262,Debit Card,Successful,POS
52263,UPI,Successful,Online
52264,Net Banking,Refunded,Online
52265,Net Banking,Successful,POS
52266,UPI,Successful,POS
52267,Wallet,Refunded,Online
52268,Debit Card,Successful,POS
52269,Credit Card,Successful,Online
52270,Credit Card,Failed,Online
52271,Credit Card,Successful,Online
52272,UPI,Refunded,POS
52273,Credit Card,Successful,POS
52274,UPI,Successful,Online
52275,Credit Card,Successful,Online
52276,UPI,Successful,Online
52277,UPI,Successful,Online
52278,Credit Card,Refunded,Online
52279,Credit Card,Successful,Online
52280,Credit Card,Failed,Online
52281,UPI,Successful,Online
52282,Net Banking,Refunded,Online
52283,Credit Card,Refunded,Online
52284,UPI,Successful,Online
52285,Credit Card,Successful,POS
52286,Credit Card,Successful,Online
52287,UPI,Successful,Online
52288,Credit Card,Successful,POS
52289,Debit Card,Failed,Online
52290,Debit Card,Successful,Online
52291,UPI,Successful,Online
52292,Net Banking,Refunded,Online
52293,UPI,Failed,POS
52294,Wallet,Successful,Online
52295,UPI,Successful,Online
52296,Credit Card,Successful,Online
52297,Credit Card,Successful,Online
52298,UPI,Successful,POS
52299,Debit Card,Failed,Online
52300,Credit Card,Failed,Online
52301,UPI,Successful,Online
52302,Credit Card,Refunded,Online
52303,Credit Card,Failed,Online
52304,UPI,Successful,POS
52305,Wallet,Refunded,Online
52306,Net Banking,Successful,Online
52307,UPI,Failed,Online
52308,Credit Card,Failed,POS
52309,UPI,Successful,Online
52310,Debit Card,Failed,Online
52311,Net Banking,Successful,Online
52312,UPI,Failed,POS
52313,Debit Card,Successful,Online
52314,Credit Card,Failed,Online
52315,Credit Card,Successful,POS
52316,Net Banking,Successful,Online
52317,Credit Card,Successful,Online
52318,Credit Card,Successful,Online
52319,Debit Card,Successful,Online
52320,UPI,Successful,POS
52321,UPI,Successful,Online
52322,Net Banking,Successful,POS
52323,Debit Card,Successful,Online
52324,Net Banking,Successful,Online
52325,UPI,Failed,POS
52326,Credit Card,Successful,Online
52327,Wallet,Refunded,Online
52328,UPI,Successful,Online
52329,UPI,Failed,Online
52330,Credit Card,Successful,Online
52331,Credit Card,Refunded,Online
52332,UPI,Successful,POS
52333,Net Banking,Failed,Online
52334,Wallet,Refunded,Online
52335,Credit Card,Successful,Online
52336,Debit Card,Successful,POS
52337,Net Banking,Refunded,Online
52338,Debit Card,Failed,Online
52339,UPI,Refunded,Online
52340,UPI,Successful,Online
52341,UPI,Successful,Online
52342,UPI,Successful,Online
52343,UPI,Refunded,POS
52344,Credit Card,Refunded,Online
52345,UPI,Successful,Online
52346,UPI,Successful,Online
52347,Credit Card,Refunded,Online
52348,UPI,Successful,Online
52349,Debit Card,Successful,Online
52350,UPI,Successful,POS
52351,Net Banking,Successful,Online
52352,Wallet,Failed,POS
52353,Debit Card,Successful,POS
52354,Debit Card,Successful,Online
52355,Net Banking,Failed,POS
52356,UPI,Refunded,Online
52357,Wallet,Successful,Online
52358,Debit Card,Successful,Online
52359,Debit Card,Successful,Online
52360,UPI,Failed,Online
52361,Credit Card,Successful,Online
52362,Debit Card,Failed,Online
52363,Credit Card,Refunded,POS
52364,Debit Card,Failed,Online
52365,UPI,Successful,Online
52366,UPI,Successful,Online
52367,Credit Card,Successful,Online
52368,UPI,Failed,POS
52369,UPI,Successful,POS
52370,UPI,Successful,Online
52371,UPI,Successful,Online
52372,Credit Card,Refunded,Online
52373,UPI,Successful,Online
52374,Wallet,Failed,POS
52375,Debit Card,Successful,Online
52376,Debit Card,Successful,Online
52377,UPI,Successful,Online
52378,Credit Card,Successful,Online
52379,Credit Card,Successful,Online
52380,Wallet,Successful,Online
52381,Debit Card,Successful,Online
52382,Credit Card,Failed,Online
52383,Net Banking,Failed,Online
52384,UPI,Failed,POS
52385,UPI,Successful,POS
52386,Debit Card,Failed,Online
52387,UPI,Successful,Online
52388,UPI,Successful,Online
52389,Debit Card,Successful,POS
52390,UPI,Successful,POS
52391,Credit Card,Successful,Online
52392,Net Banking,Successful,Online
52393,UPI,Refunded,Online
52394,UPI,Successful,Online
52395,UPI,Successful,Online
52396,UPI,Successful,Online
52397,UPI,Successful,Online
52398,UPI,Refunded,Online
52399,Credit Card,Successful,Online
52400,UPI,Failed,Online
52401,Debit Card,Successful,Online
52402,Net Banking,Refunded,Online
52403,Debit Card,Failed,Online
52404,Credit Card,Failed,POS
52405,UPI,Successful,Online
52406,Debit Card,Failed,Online
52407,UPI,Successful,Online
52408,UPI,Successful,Online
52409,Net Banking,Successful,Online
52410,UPI,Successful,Online
52411,UPI,Successful,POS
52412,Net Banking,Failed,Online
52413,Net Banking,Failed,POS
52414,UPI,Failed,Online
52415,UPI,Successful,POS
52416,Credit Card,Failed,POS
52417,Debit Card,Successful,POS
52418,UPI,Successful,Online
52419,Credit Card,Successful,POS
52420,Wallet,Successful,Online
52421,UPI,Refunded,Online
52422,Net Banking,Successful,POS
52423,Wallet,Failed,Online
52424,UPI,Successful,Online
52425,Debit Card,Successful,Online
52426,UPI,Successful,Online
52427,Debit Card,Failed,POS
52428,Debit Card,Successful,Online
52429,UPI,Successful,POS
52430,Debit Card,Successful,Online
52431,Debit Card,Successful,Online
52432,UPI,Failed,Online
52433,UPI,Refunded,Online
52434,UPI,Successful,Online
52435,Credit Card,Refunded,Online
52436,Wallet,Refunded,Online
52437,Net Banking,Successful,Online
52438,Credit Card,Refunded,POS
52439,Credit Card,Failed,POS
52440,UPI,Successful,Online
52441,UPI,Refunded,Online
52442,Credit Card,Successful,Online
52443,Credit Card,Failed,Online
52444,Credit Card,Successful,POS
52445,Wallet,Successful,Online
52446,Credit Card,Successful,Online
52447,Credit Card,Successful,Online
52448,UPI,Successful,Online
52449,Wallet,Failed,Online
52450,Debit Card,Successful,Online
52451,Net Banking,Successful,POS
52452,Credit Card,Failed,POS
52453,Credit Card,Refunded,Online
52454,Credit Card,Refunded,Online
52455,UPI,Successful,POS
52456,Debit Card,Refunded,POS
52457,Net Banking,Successful,Online
52458,UPI,Refunded,Online
52459,UPI,Successful,Online
52460,Debit Card,Failed,Online
52461,UPI,Refunded,Online
52462,Credit Card,Successful,Online
52463,Debit Card,Refunded,Online
52464,UPI,Refunded,Online
52465,Debit Card,Successful,Online
52466,Credit Card,Successful,POS
52467,Net Banking,Successful,Online
52468,Debit Card,Successful,Online
52469,Net Banking,Successful,Online
52470,UPI,Successful,Online
52471,UPI,Successful,Online
52472,UPI,Refunded,Online
52473,Credit Card,Failed,Online
52474,Net Banking,Refunded,Online
52475,Credit Card,Failed,Online
52476,Net Banking,Successful,Online
52477,UPI,Successful,Online
52478,UPI,Successful,Online
52479,Net Banking,Successful,Online
52480,Credit Card,Failed,Online
52481,Debit Card,Successful,Online
52482,UPI,Failed,Online
52483,Wallet,Refunded,POS
52484,Credit Card,Refunded,Online
52485,Debit Card,Refunded,Online
52486,UPI,Successful,Online
52487,Credit Card,Successful,Online
52488,Net Banking,Successful,Online
52489,Net Banking,Failed,POS
52490,UPI,Successful,Online
52491,UPI,Successful,Online
52492,Credit Card,Failed,Online
52493,UPI,Failed,Online
52494,Debit Card,Failed,Online
52495,UPI,Successful,Online
52496,UPI,Failed,POS
52497,Debit Card,Successful,POS
52498,Credit Card,Successful,Online
52499,Debit Card,Successful,Online
52500,Wallet,Failed,Online
52501,UPI,Successful,Online
52502,Debit Card,Successful,Online
52503,UPI,Failed,Online
52504,Credit Card,Successful,Online
52505,UPI,Failed,Online
52506,UPI,Successful,POS
52507,UPI,Refunded,Online
52508,UPI,Successful,Online
52509,Net Banking,Failed,POS
52510,Debit Card,Successful,POS
52511,Wallet,Refunded,POS
52512,Credit Card,Successful,POS
52513,UPI,Successful,Online
52514,UPI,Successful,Online
52515,UPI,Successful,Online
52516,UPI,Successful,Online
52517,Debit Card,Successful,Online
52518,Credit Card,Successful,Online
52519,Credit Card,Successful,POS
52520,UPI,Successful,Online
52521,UPI,Refunded,Online
52522,UPI,Successful,POS
52523,UPI,Successful,POS
52524,Debit Card,Successful,Online
52525,UPI,Successful,Online
52526,Debit Card,Successful,Online
52527,Credit Card,Successful,POS
52528,UPI,Successful,Online
52529,Debit Card,Successful,Online
52530,Credit Card,Refunded,POS
52531,UPI,Refunded,Online
52532,Net Banking,Failed,Online
52533,UPI,Successful,Online
52534,UPI,Refunded,Online
52535,Debit Card,Failed,POS
52536,Debit Card,Successful,Online
52537,UPI,Successful,Online
52538,UPI,Successful,Online
52539,Net Banking,Successful,Online
52540,UPI,Successful,POS
52541,UPI,Refunded,Online
52542,Credit Card,Successful,Online
52543,Net Banking,Successful,Online
52544,UPI,Failed,Online
52545,Debit Card,Failed,Online
52546,Credit Card,Successful,POS
52547,Credit Card,Successful,Online
52548,Debit Card,Refunded,Online
52549,Wallet,Refunded,POS
52550,UPI,Successful,Online
52551,UPI,Successful,POS
52552,Net Banking,Refunded,Online
52553,Debit Card,Refunded,POS
52554,Credit Card,Failed,POS
52555,Credit Card,Failed,POS
52556,Debit Card,Failed,Online
52557,Debit Card,Refunded,POS
52558,Net Banking,Refunded,Online
52559,Credit Card,Refunded,POS
52560,UPI,Successful,POS
52561,Credit Card,Successful,Online
52562,Credit Card,Successful,POS
52563,Credit Card,Successful,POS
52564,Credit Card,Refunded,Online
52565,UPI,Refunded,Online
52566,Credit Card,Successful,POS
52567,Debit Card,Successful,Online
52568,Debit Card,Successful,POS
52569,Credit Card,Successful,Online
52570,UPI,Successful,Online
52571,Credit Card,Successful,POS
52572,Debit Card,Successful,Online
52573,Credit Card,Successful,Online
52574,Debit Card,Failed,POS
52575,Credit Card,Successful,Online
52576,UPI,Refunded,Online
52577,Debit Card,Failed,POS
52578,UPI,Successful,Online
52579,Credit Card,Failed,Online
52580,UPI,Successful,Online
52581,UPI,Refunded,Online
52582,Credit Card,Refunded,Online
52583,Credit Card,Successful,Online
52584,Debit Card,Failed,Online
52585,Debit Card,Refunded,POS
52586,Debit Card,Successful,Online
52587,Credit Card,Refunded,Online
52588,Credit Card,Successful,POS
52589,Credit Card,Successful,Online
52590,Credit Card,Successful,Online
52591,Credit Card,Successful,Online
52592,Wallet,Successful,Online
52593,UPI,Successful,POS
52594,Net Banking,Refunded,Online
52595,UPI,Successful,POS
52596,UPI,Successful,Online
52597,UPI,Successful,Online
52598,Credit Card,Successful,Online
52599,UPI,Failed,Online
52600,Net Banking,Successful,POS
52601,Net Banking,Failed,Online
52602,Debit Card,Refunded,Online
52603,Credit Card,Successful,Online
52604,Net Banking,Successful,POS
52605,Net Banking,Successful,Online
52606,Credit Card,Successful,Online
52607,Debit Card,Refunded,POS
52608,Credit Card,Successful,Online
52609,Credit Card,Successful,POS
52610,UPI,Refunded,Online
52611,Credit Card,Failed,Online
52612,UPI,Refunded,Online
52613,UPI,Successful,Online
52614,Debit Card,Successful,POS
52615,Wallet,Successful,Online
52616,Wallet,Refunded,POS
52617,Credit Card,Successful,Online
52618,Credit Card,Refunded,Online
52619,UPI,Successful,Online
52620,Debit Card,Successful,Online
52621,UPI,Successful,POS
52622,UPI,Successful,Online
52623,Debit Card,Successful,Online
52624,UPI,Successful,Online
52625,UPI,Refunded,POS
52626,Net Banking,Refunded,Online
52627,UPI,Successful,Online
52628,UPI,Successful,Online
52629,UPI,Successful,Online
52630,UPI,Refunded,Online
52631,UPI,Refunded,Online
52632,Debit Card,Successful,POS
52633,UPI,Failed,Online
52634,Debit Card,Refunded,Online
52635,UPI,Failed,Online
52636,Credit Card,Refunded,Online
52637,Debit Card,Refunded,Online
52638,Debit Card,Successful,POS
52639,Credit Card,Failed,POS
52640,Net Banking,Successful,Online
52641,UPI,Successful,Online
52642,Credit Card,Successful,Online
52643,Net Banking,Successful,Online
52644,UPI,Successful,Online
52645,UPI,Failed,Online
52646,UPI,Successful,POS
52647,Credit Card,Refunded,Online
52648,UPI,Failed,Online
52649,UPI,Successful,Online
52650,Credit Card,Successful,POS
52651,Credit Card,Successful,POS
52652,UPI,Successful,Online
52653,UPI,Refunded,Online
52654,Credit Card,Successful,Online
52655,Wallet,Successful,Online
52656,Debit Card,Failed,Online
52657,Debit Card,Failed,Online
52658,UPI,Successful,Online
52659,UPI,Successful,POS
52660,Credit Card,Successful,Online
52661,Debit Card,Successful,Online
52662,Credit Card,Refunded,POS
52663,Net Banking,Successful,Online
52664,Wallet,Successful,Online
52665,UPI,Successful,Online
52666,UPI,Successful,Online
52667,UPI,Failed,Online
52668,Credit Card,Successful,POS
52669,UPI,Failed,Online
52670,Net Banking,Failed,Online
52671,UPI,Successful,Online
52672,UPI,Failed,Online
52673,UPI,Successful,Online
52674,Net Banking,Refunded,Online
52675,Debit Card,Refunded,Online
52676,Net Banking,Successful,Online
52677,Wallet,Successful,Online
52678,Credit Card,Failed,Online
52679,UPI,Refunded,POS
52680,UPI,Successful,POS
52681,UPI,Successful,POS
52682,Debit Card,Refunded,POS
52683,UPI,Failed,Online
52684,UPI,Refunded,Online
52685,Credit Card,Failed,Online
52686,Credit Card,Successful,Online
52687,Debit Card,Successful,Online
52688,UPI,Failed,Online
52689,Debit Card,Failed,Online
52690,Credit Card,Successful,Online
52691,UPI,Successful,Online
52692,Debit Card,Successful,POS
52693,Wallet,Successful,Online
52694,UPI,Refunded,Online
52695,Credit Card,Failed,Online
52696,Credit Card,Successful,POS
52697,UPI,Successful,POS
52698,Net Banking,Failed,Online
52699,UPI,Successful,POS
52700,Debit Card,Successful,Online
52701,Debit Card,Refunded,Online
52702,Credit Card,Successful,Online
52703,UPI,Successful,Online
52704,UPI,Refunded,Online
52705,UPI,Successful,Online
52706,UPI,Failed,Online
52707,UPI,Successful,Online
52708,Net Banking,Successful,POS
52709,UPI,Refunded,Online
52710,Debit Card,Refunded,POS
52711,Credit Card,Successful,Online
52712,Debit Card,Refunded,Online
52713,Wallet,Refunded,Online
52714,UPI,Successful,Online
52715,Net Banking,Refunded,POS
52716,Credit Card,Successful,POS
52717,Debit Card,Refunded,POS
52718,Debit Card,Successful,POS
52719,Credit Card,Failed,Online
52720,UPI,Successful,POS
52721,UPI,Successful,Online
52722,Credit Card,Successful,Online
52723,Wallet,Successful,Online
52724,Debit Card,Failed,POS
52725,UPI,Successful,POS
52726,Net Banking,Failed,Online
52727,Debit Card,Failed,Online
52728,UPI,Refunded,Online
52729,UPI,Refunded,Online
52730,UPI,Successful,Online
52731,Net Banking,Successful,Online
52732,Net Banking,Successful,Online
52733,UPI,Refunded,Online
52734,UPI,Successful,Online
52735,Debit Card,Successful,Online
52736,Net Banking,Successful,Online
52737,Debit Card,Successful,Online
52738,Credit Card,Successful,POS
52739,UPI,Successful,Online
52740,Credit Card,Refunded,POS
52741,UPI,Successful,POS
52742,Debit Card,Failed,Online
52743,Credit Card,Refunded,POS
52744,Net Banking,Failed,Online
52745,Credit Card,Successful,Online
52746,Net Banking,Failed,Online
52747,UPI,Successful,Online
52748,Credit Card,Successful,Online
52749,Credit Card,Successful,Online
52750,UPI,Successful,Online
52751,Wallet,Successful,Online
52752,Credit Card,Refunded,Online
52753,Credit Card,Successful,Online
52754,Net Banking,Refunded,Online
52755,Net Banking,Successful,Online
52756,Credit Card,Successful,POS
52757,Net Banking,Successful,Online
52758,UPI,Failed,Online
52759,UPI,Successful,Online
52760,Credit Card,Successful,POS
52761,UPI,Failed,Online
52762,Credit Card,Successful,Online
52763,UPI,Successful,POS
52764,Credit Card,Failed,Online
52765,Net Banking,Successful,Online
52766,Credit Card,Failed,Online
52767,Wallet,Successful,POS
52768,Debit Card,Failed,Online
52769,UPI,Successful,Online
52770,UPI,Successful,POS
52771,UPI,Failed,POS
52772,Net Banking,Successful,Online
52773,UPI,Failed,Online
52774,UPI,Successful,Online
52775,Net Banking,Successful,Online
52776,Credit Card,Refunded,Online
52777,UPI,Refunded,POS
52778,UPI,Refunded,Online
52779,Net Banking,Successful,Online
52780,Net Banking,Successful,Online
52781,UPI,Failed,POS
52782,Credit Card,Successful,Online
52783,Net Banking,Successful,Online
52784,Debit Card,Successful,Online
52785,Debit Card,Refunded,Online
52786,Credit Card,Successful,POS
52787,Net Banking,Successful,Online
52788,UPI,Successful,Online
52789,UPI,Successful,POS
52790,Debit Card,Successful,POS
52791,Credit Card,Failed,Online
52792,Net Banking,Successful,Online
52793,UPI,Failed,Online
52794,Net Banking,Refunded,POS
52795,UPI,Successful,POS
52796,Debit Card,Successful,POS
52797,UPI,Successful,Online
52798,Credit Card,Successful,Online
52799,Debit Card,Successful,Online
52800,UPI,Successful,Online
52801,UPI,Failed,Online
52802,Credit Card,Successful,Online
52803,Net Banking,Refunded,Online
52804,UPI,Successful,Online
52805,UPI,Successful,POS
52806,UPI,Successful,Online
52807,Wallet,Successful,POS
52808,UPI,Refunded,Online
52809,UPI,Successful,POS
52810,Debit Card,Successful,Online
52811,Debit Card,Refunded,POS
52812,UPI,Successful,Online
52813,Wallet,Refunded,Online
52814,Credit Card,Successful,Online
52815,Credit Card,Successful,POS
52816,Credit Card,Refunded,Online
52817,Net Banking,Successful,Online
52818,UPI,Successful,Online
52819,UPI,Successful,Online
52820,UPI,Refunded,Online
52821,Debit Card,Successful,Online
52822,Credit Card,Successful,Online
52823,Credit Card,Successful,Online
52824,UPI,Successful,Online
52825,Debit Card,Successful,Online
52826,Debit Card,Successful,POS
52827,UPI,Successful,Online
52828,Debit Card,Successful,Online
52829,UPI,Successful,Online
52830,Debit Card,Successful,Online
52831,UPI,Failed,Online
52832,Credit Card,Refunded,Online
52833,Wallet,Successful,Online
52834,Wallet,Failed,POS
52835,UPI,Failed,Online
52836,Credit Card,Successful,Online
52837,UPI,Failed,Online
52838,Net Banking,Successful,Online
52839,Credit Card,Failed,Online
52840,Credit Card,Refunded,Online
52841,UPI,Failed,Online
52842,Wallet,Successful,POS
52843,Credit Card,Successful,Online
52844,UPI,Successful,Online
52845,UPI,Failed,Online
52846,UPI,Successful,Online
52847,Credit Card,Refunded,Online
52848,Net Banking,Failed,Online
52849,Net Banking,Failed,Online
52850,Credit Card,Successful,Online
52851,Net Banking,Failed,Online
52852,Credit Card,Failed,Online
52853,UPI,Successful,POS
52854,Wallet,Successful,POS
52855,UPI,Successful,Online
52856,UPI,Successful,Online
52857,Wallet,Refunded,POS
52858,UPI,Successful,Online
52859,Debit Card,Successful,Online
52860,Net Banking,Successful,Online
52861,Credit Card,Successful,POS
52862,UPI,Successful,Online
52863,UPI,Refunded,Online
52864,UPI,Successful,POS
52865,Credit Card,Successful,Online
52866,Debit Card,Successful,Online
52867,Credit Card,Successful,POS
52868,Credit Card,Successful,POS
52869,Credit Card,Successful,Online
52870,Credit Card,Successful,Online
52871,Net Banking,Successful,Online
52872,UPI,Successful,Online
52873,Net Banking,Successful,Online
52874,Credit Card,Successful,Online
52875,UPI,Failed,Online
52876,UPI,Successful,POS
52877,UPI,Successful,Online
52878,Credit Card,Refunded,POS
52879,UPI,Successful,POS
52880,Net Banking,Successful,Online
52881,Credit Card,Successful,Online
52882,Net Banking,Successful,Online
52883,UPI,Refunded,Online
52884,UPI,Successful,Online
52885,UPI,Failed,POS
52886,UPI,Successful,Online
52887,Net Banking,Failed,POS
52888,UPI,Successful,POS
52889,Credit Card,Successful,POS
52890,UPI,Successful,POS
52891,Credit Card,Successful,Online
52892,Net Banking,Refunded,Online
52893,Credit Card,Successful,Online
52894,Debit Card,Successful,POS
52895,UPI,Successful,POS
52896,Wallet,Failed,Online
52897,Debit Card,Refunded,Online
52898,Credit Card,Successful,POS
52899,Credit Card,Successful,Online
52900,Net Banking,Failed,Online
52901,Credit Card,Refunded,POS
52902,Debit Card,Failed,POS
52903,Credit Card,Successful,Online
52904,UPI,Successful,Online
52905,Debit Card,Successful,Online
52906,Credit Card,Successful,Online
52907,Credit Card,Successful,Online
52908,Credit Card,Successful,Online
52909,UPI,Successful,Online
52910,Debit Card,Failed,POS
52911,Wallet,Successful,POS
52912,Net Banking,Failed,Online
52913,UPI,Successful,Online
52914,Credit Card,Refunded,Online
52915,Debit Card,Refunded,Online
52916,Credit Card,Failed,Online
52917,Credit Card,Successful,POS
52918,Net Banking,Successful,Online
52919,Credit Card,Successful,POS
52920,Credit Card,Refunded,Online
52921,UPI,Refunded,Online
52922,UPI,Failed,Online
52923,UPI,Successful,Online
52924,Net Banking,Successful,Online
52925,Credit Card,Failed,Online
52926,Credit Card,Successful,Online
52927,Net Banking,Successful,Online
52928,Credit Card,Successful,Online
52929,Credit Card,Successful,Online
52930,UPI,Successful,Online
52931,Net Banking,Failed,Online
52932,UPI,Failed,Online
52933,UPI,Refunded,Online
52934,UPI,Failed,Online
52935,UPI,Refunded,Online
52936,UPI,Failed,Online
52937,Debit Card,Successful,POS
52938,UPI,Successful,Online
52939,Debit Card,Successful,Online
52940,UPI,Successful,Online
52941,UPI,Successful,POS
52942,Credit Card,Refunded,POS
52943,Net Banking,Refunded,Online
52944,Net Banking,Successful,Online
52945,Wallet,Successful,Online
52946,Debit Card,Failed,Online
52947,Debit Card,Failed,Online
52948,Credit Card,Successful,Online
52949,Credit Card,Successful,Online
52950,UPI,Successful,POS
52951,Credit Card,Failed,Online
52952,Credit Card,Successful,Online
52953,Credit Card,Successful,Online
52954,Credit Card,Successful,Online
52955,UPI,Successful,Online
52956,UPI,Successful,Online
52957,UPI,Successful,Online
52958,Wallet,Successful,POS
52959,UPI,Successful,POS
52960,UPI,Successful,Online
52961,Net Banking,Successful,Online
52962,Credit Card,Successful,Online
52963,UPI,Successful,POS
52964,Credit Card,Successful,POS
52965,UPI,Successful,POS
52966,UPI,Failed,Online
52967,UPI,Successful,Online
52968,Credit Card,Refunded,POS
52969,Debit Card,Successful,Online
52970,Credit Card,Successful,Online
52971,Credit Card,Successful,Online
52972,UPI,Successful,Online
52973,UPI,Failed,Online
52974,Net Banking,Refunded,Online
52975,UPI,Failed,POS
52976,Net Banking,Successful,Online
52977,Credit Card,Successful,Online
52978,Net Banking,Successful,Online
52979,UPI,Successful,Online
52980,UPI,Successful,POS
52981,Debit Card,Refunded,Online
52982,Debit Card,Failed,Online
52983,UPI,Successful,Online
52984,Wallet,Successful,Online
52985,UPI,Failed,POS
52986,UPI,Successful,Online
52987,Credit Card,Refunded,Online
52988,Debit Card,Refunded,Online
52989,Wallet,Failed,POS
52990,Credit Card,Successful,Online
52991,UPI,Refunded,POS
52992,Credit Card,Successful,POS
52993,UPI,Successful,POS
52994,Credit Card,Successful,Online
52995,Credit Card,Refunded,Online
52996,UPI,Successful,POS
52997,Credit Card,Successful,POS
52998,Credit Card,Successful,Online
52999,Debit Card,Successful,POS
53000,Credit Card,Successful,Online
53001,UPI,Refunded,Online
53002,UPI,Successful,Online
53003,UPI,Refunded,Online
53004,UPI,Successful,POS
53005,Debit Card,Refunded,Online
53006,Wallet,Successful,Online
53007,Debit Card,Successful,Online
53008,Credit Card,Successful,POS
53009,Credit Card,Successful,Online
53010,UPI,Successful,Online
53011,Net Banking,Successful,Online
53012,Wallet,Successful,POS
53013,Credit Card,Successful,Online
53014,UPI,Failed,Online
53015,Debit Card,Refunded,Online
53016,UPI,Successful,Online
53017,Debit Card,Refunded,Online
53018,Debit Card,Successful,Online
53019,UPI,Successful,POS
53020,Wallet,Successful,POS
53021,Wallet,Successful,POS
53022,Net Banking,Refunded,POS
53023,Credit Card,Successful,Online
53024,UPI,Failed,POS
53025,Credit Card,Successful,POS
53026,Credit Card,Refunded,Online
53027,UPI,Successful,Online
53028,Credit Card,Successful,Online
53029,Debit Card,Successful,Online
53030,UPI,Successful,Online
53031,UPI,Refunded,Online
53032,UPI,Successful,Online
53033,Debit Card,Successful,Online
53034,Credit Card,Successful,Online
53035,UPI,Successful,Online
53036,Wallet,Failed,Online
53037,UPI,Refunded,Online
53038,Credit Card,Refunded,POS
53039,Debit Card,Successful,Online
53040,Debit Card,Successful,Online
53041,UPI,Refunded,POS
53042,Net Banking,Successful,Online
53043,Net Banking,Successful,POS
53044,Credit Card,Failed,Online
53045,Credit Card,Successful,POS
53046,UPI,Successful,Online
53047,Credit Card,Refunded,Online
53048,Credit Card,Successful,Online
53049,Debit Card,Failed,POS
53050,Credit Card,Successful,Online
53051,Debit Card,Successful,Online
53052,UPI,Successful,Online
53053,UPI,Failed,Online
53054,UPI,Successful,Online
53055,UPI,Refunded,POS
53056,Credit Card,Successful,Online
53057,Debit Card,Refunded,POS
53058,Credit Card,Refunded,Online
53059,Credit Card,Successful,Online
53060,Debit Card,Refunded,Online
53061,UPI,Failed,Online
53062,UPI,Successful,Online
53063,UPI,Successful,Online
53064,Debit Card,Successful,POS
53065,UPI,Refunded,Online
53066,UPI,Successful,Online
53067,Credit Card,Successful,Online
53068,Wallet,Successful,POS
53069,Credit Card,Failed,POS
53070,Debit Card,Successful,Online
53071,Debit Card,Successful,Online
53072,Credit Card,Successful,POS
53073,Debit Card,Successful,Online
53074,Net Banking,Successful,Online
53075,UPI,Successful,Online
53076,UPI,Successful,POS
53077,UPI,Successful,Online
53078,Credit Card,Refunded,Online
53079,Net Banking,Successful,POS
53080,UPI,Successful,POS
53081,UPI,Successful,Online
53082,Net Banking,Successful,Online
53083,Credit Card,Failed,POS
53084,Credit Card,Successful,Online
53085,Net Banking,Failed,Online
53086,Credit Card,Failed,Online
53087,Debit Card,Failed,Online
53088,UPI,Successful,POS
53089,UPI,Refunded,POS
53090,Credit Card,Successful,POS
53091,Credit Card,Refunded,POS
53092,Wallet,Successful,Online
53093,Wallet,Failed,Online
53094,Net Banking,Successful,Online
53095,UPI,Refunded,POS
53096,Wallet,Successful,Online
53097,Debit Card,Refunded,Online
53098,Credit Card,Successful,Online
53099,Debit Card,Successful,Online
53100,UPI,Successful,Online
53101,UPI,Successful,Online
53102,Net Banking,Successful,Online
53103,Credit Card,Refunded,Online
53104,UPI,Failed,POS
53105,Credit Card,Refunded,Online
53106,Net Banking,Successful,Online
53107,Credit Card,Successful,Online
53108,Credit Card,Refunded,Online
53109,UPI,Failed,Online
53110,UPI,Failed,Online
53111,Wallet,Refunded,Online
53112,Credit Card,Successful,Online
53113,Credit Card,Failed,Online
53114,Credit Card,Failed,Online
53115,Net Banking,Successful,Online
53116,Credit Card,Successful,POS
53117,Debit Card,Successful,Online
53118,Credit Card,Successful,Online
53119,UPI,Refunded,Online
53120,Net Banking,Refunded,POS
53121,Wallet,Successful,Online
53122,Wallet,Successful,POS
53123,Wallet,Successful,POS
53124,Debit Card,Failed,Online
53125,Debit Card,Successful,Online
53126,Net Banking,Refunded,Online
53127,Credit Card,Refunded,Online
53128,UPI,Successful,Online
53129,Credit Card,Successful,POS
53130,Wallet,Failed,Online
53131,UPI,Refunded,POS
53132,Net Banking,Successful,Online
53133,UPI,Failed,POS
53134,UPI,Failed,Online
53135,UPI,Successful,Online
53136,UPI,Successful,POS
53137,UPI,Successful,Online
53138,UPI,Successful,Online
53139,Net Banking,Successful,POS
53140,UPI,Successful,Online
53141,UPI,Refunded,Online
53142,UPI,Successful,Online
53143,Debit Card,Successful,POS
53144,Credit Card,Successful,Online
53145,Credit Card,Successful,Online
53146,UPI,Successful,Online
53147,UPI,Refunded,Online
53148,Debit Card,Successful,POS
53149,Debit Card,Successful,POS
53150,UPI,Failed,Online
53151,Credit Card,Successful,Online
53152,UPI,Failed,Online
53153,UPI,Successful,Online
53154,Debit Card,Successful,Online
53155,Credit Card,Successful,POS
53156,UPI,Successful,Online
53157,UPI,Failed,Online
53158,Wallet,Failed,Online
53159,Net Banking,Refunded,POS
53160,Net Banking,Successful,Online
53161,Credit Card,Failed,Online
53162,Credit Card,Successful,Online
53163,UPI,Successful,Online
53164,UPI,Successful,Online
53165,Credit Card,Successful,Online
53166,Credit Card,Refunded,POS
53167,UPI,Failed,Online
53168,Net Banking,Successful,Online
53169,UPI,Successful,Online
53170,UPI,Refunded,Online
53171,UPI,Successful,Online
53172,Credit Card,Failed,Online
53173,UPI,Failed,Online
53174,UPI,Successful,Online
53175,Credit Card,Successful,Online
53176,Credit Card,Failed,Online
53177,Credit Card,Failed,Online
53178,UPI,Successful,POS
53179,Credit Card,Successful,POS
53180,Credit Card,Successful,Online
53181,UPI,Successful,POS
53182,Net Banking,Successful,POS
53183,Credit Card,Refunded,Online
53184,UPI,Refunded,Online
53185,Wallet,Refunded,Online
53186,Net Banking,Refunded,Online
53187,Wallet,Successful,Online
53188,Debit Card,Successful,POS
53189,UPI,Successful,POS
53190,UPI,Successful,POS
53191,Debit Card,Successful,Online
53192,Wallet,Refunded,Online
53193,Credit Card,Failed,Online
53194,Net Banking,Refunded,POS
53195,UPI,Successful,POS
53196,Credit Card,Successful,Online
53197,Net Banking,Successful,Online
53198,Debit Card,Successful,Online
53199,Wallet,Successful,Online
53200,Debit Card,Successful,POS
53201,Credit Card,Failed,POS
53202,Credit Card,Refunded,Online
53203,Net Banking,Successful,Online
53204,Credit Card,Successful,POS
53205,UPI,Successful,Online
53206,Credit Card,Refunded,POS
53207,Credit Card,Refunded,Online
53208,UPI,Failed,Online
53209,Debit Card,Successful,Online
53210,UPI,Successful,Online
53211,Credit Card,Failed,Online
53212,Debit Card,Failed,Online
53213,Credit Card,Successful,Online
53214,Net Banking,Successful,Online
53215,UPI,Failed,Online
53216,Wallet,Failed,Online
53217,UPI,Failed,Online
53218,UPI,Successful,Online
53219,Net Banking,Failed,Online
53220,Debit Card,Refunded,Online
53221,UPI,Successful,Online
53222,Wallet,Successful,Online
53223,Credit Card,Successful,POS
53224,Wallet,Failed,Online
53225,Credit Card,Successful,Online
53226,Credit Card,Successful,POS
53227,Credit Card,Refunded,POS
53228,UPI,Refunded,Online
53229,Credit Card,Successful,Online
53230,Credit Card,Successful,POS
53231,UPI,Successful,Online
53232,UPI,Successful,Online
53233,UPI,Successful,Online
53234,Net Banking,Successful,Online
53235,Credit Card,Successful,POS
53236,Debit Card,Refunded,Online
53237,Wallet,Failed,Online
53238,Credit Card,Successful,Online
53239,Wallet,Successful,Online
53240,UPI,Successful,Online
53241,UPI,Successful,POS
53242,Credit Card,Successful,POS
53243,Credit Card,Successful,Online
53244,Net Banking,Successful,Online
53245,Credit Card,Refunded,POS
53246,UPI,Failed,POS
53247,Debit Card,Failed,POS
53248,Credit Card,Successful,Online
53249,UPI,Successful,Online
53250,Credit Card,Successful,Online
53251,Net Banking,Successful,Online
53252,Net Banking,Successful,Online
53253,Credit Card,Refunded,Online
53254,UPI,Successful,Online
53255,UPI,Refunded,POS
53256,Credit Card,Successful,Online
53257,Debit Card,Refunded,Online
53258,UPI,Successful,POS
53259,UPI,Successful,POS
53260,Net Banking,Successful,Online
53261,Net Banking,Successful,POS
53262,Credit Card,Failed,POS
53263,UPI,Failed,Online
53264,UPI,Refunded,Online
53265,UPI,Failed,Online
53266,Credit Card,Failed,Online
53267,UPI,Successful,Online
53268,Net Banking,Successful,Online
53269,Wallet,Successful,Online
53270,UPI,Failed,POS
53271,Credit Card,Refunded,Online
53272,Debit Card,Successful,Online
53273,Net Banking,Successful,Online
53274,Net Banking,Refunded,Online
53275,UPI,Successful,Online
53276,UPI,Refunded,POS
53277,Debit Card,Successful,Online
53278,Debit Card,Successful,Online
53279,UPI,Successful,Online
53280,Credit Card,Successful,Online
53281,Debit Card,Refunded,Online
53282,UPI,Successful,Online
53283,Net Banking,Failed,Online
53284,UPI,Refunded,Online
53285,Debit Card,Failed,Online
53286,Credit Card,Successful,POS
53287,UPI,Failed,Online
53288,Debit Card,Successful,POS
53289,Debit Card,Successful,POS
53290,Net Banking,Successful,POS
53291,UPI,Successful,Online
53292,Debit Card,Failed,POS
53293,Credit Card,Successful,Online
53294,Credit Card,Failed,POS
53295,Net Banking,Successful,Online
53296,UPI,Refunded,Online
53297,UPI,Refunded,Online
53298,Credit Card,Refunded,Online
53299,UPI,Failed,Online
53300,Net Banking,Refunded,Online
53301,Credit Card,Successful,Online
53302,Credit Card,Successful,Online
53303,Debit Card,Successful,Online
53304,Credit Card,Successful,Online
53305,Credit Card,Successful,POS
53306,UPI,Successful,Online
53307,UPI,Refunded,Online
53308,UPI,Successful,Online
53309,Debit Card,Failed,Online
53310,Credit Card,Failed,Online
53311,UPI,Refunded,Online
53312,Credit Card,Refunded,POS
53313,UPI,Successful,Online
53314,Net Banking,Successful,POS
53315,UPI,Failed,POS
53316,Net Banking,Successful,Online
53317,Credit Card,Successful,Online
53318,Credit Card,Successful,POS
53319,UPI,Failed,Online
53320,Wallet,Successful,POS
53321,UPI,Successful,Online
53322,Credit Card,Successful,Online
53323,Wallet,Successful,Online
53324,Net Banking,Refunded,Online
53325,Credit Card,Successful,Online
53326,Wallet,Refunded,Online
53327,Debit Card,Successful,Online
53328,UPI,Successful,Online
53329,Credit Card,Successful,POS
53330,UPI,Failed,Online
53331,UPI,Successful,Online
53332,Debit Card,Refunded,Online
53333,Credit Card,Successful,Online
53334,UPI,Successful,Online
53335,Net Banking,Successful,POS
53336,UPI,Refunded,Online
53337,Wallet,Refunded,Online
53338,Wallet,Successful,Online
53339,Wallet,Failed,POS
53340,Debit Card,Failed,Online
53341,UPI,Successful,Online
53342,Credit Card,Successful,Online
53343,UPI,Successful,POS
53344,UPI,Refunded,POS
53345,Credit Card,Successful,Online
53346,UPI,Refunded,POS
53347,Wallet,Successful,Online
53348,Net Banking,Successful,Online
53349,Credit Card,Successful,Online
53350,Credit Card,Successful,Online
53351,Credit Card,Successful,Online
53352,Net Banking,Successful,Online
53353,Debit Card,Failed,Online
53354,UPI,Successful,POS
53355,Credit Card,Successful,Online
53356,Credit Card,Successful,Online
53357,Wallet,Successful,Online
53358,UPI,Successful,Online
53359,UPI,Successful,POS
53360,Net Banking,Refunded,Online
53361,Net Banking,Failed,POS
53362,Net Banking,Failed,POS
53363,Credit Card,Refunded,Online
53364,Debit Card,Successful,Online
53365,Credit Card,Successful,Online
53366,UPI,Successful,Online
53367,Credit Card,Successful,Online
53368,UPI,Successful,Online
53369,UPI,Successful,POS
53370,Net Banking,Refunded,Online
53371,UPI,Refunded,Online
53372,Net Banking,Failed,Online
53373,UPI,Refunded,POS
53374,UPI,Successful,Online
53375,Credit Card,Successful,Online
53376,Debit Card,Successful,Online
53377,Credit Card,Successful,Online
53378,Net Banking,Successful,Online
53379,UPI,Failed,Online
53380,Net Banking,Successful,Online
53381,UPI,Successful,Online
53382,Net Banking,Successful,Online
53383,Credit Card,Successful,Online
53384,Net Banking,Successful,Online
53385,Debit Card,Successful,Online
53386,UPI,Successful,Online
53387,Net Banking,Refunded,Online
53388,UPI,Refunded,Online
53389,UPI,Successful,Online
53390,Debit Card,Successful,Online
53391,UPI,Refunded,Online
53392,UPI,Successful,Online
53393,Credit Card,Successful,Online
53394,Net Banking,Successful,POS
53395,UPI,Refunded,Online
53396,Credit Card,Refunded,Online
53397,Debit Card,Successful,Online
53398,Net Banking,Refunded,Online
53399,Net Banking,Successful,Online
53400,Debit Card,Refunded,POS
53401,Debit Card,Failed,POS
53402,Credit Card,Successful,Online
53403,UPI,Successful,POS
53404,Debit Card,Failed,Online
53405,Wallet,Refunded,Online
53406,Debit Card,Refunded,Online
53407,UPI,Failed,Online
53408,Credit Card,Successful,POS
53409,Credit Card,Successful,Online
53410,Debit Card,Successful,Online
53411,Debit Card,Failed,Online
53412,Credit Card,Successful,Online
53413,UPI,Refunded,Online
53414,Wallet,Successful,POS
53415,Debit Card,Successful,Online
53416,UPI,Successful,Online
53417,UPI,Refunded,POS
53418,Net Banking,Successful,Online
53419,Net Banking,Successful,POS
53420,Credit Card,Refunded,Online
53421,UPI,Failed,POS
53422,UPI,Failed,Online
53423,UPI,Failed,POS
53424,Credit Card,Successful,Online
53425,Credit Card,Refunded,Online
53426,Credit Card,Successful,Online
53427,Debit Card,Successful,Online
53428,UPI,Refunded,POS
53429,UPI,Successful,Online
53430,UPI,Refunded,Online
53431,UPI,Successful,Online
53432,UPI,Refunded,Online
53433,Credit Card,Failed,Online
53434,Debit Card,Refunded,Online
53435,Debit Card,Successful,Online
53436,Debit Card,Refunded,Online
53437,Debit Card,Successful,Online
53438,Debit Card,Successful,Online
53439,UPI,Successful,POS
53440,Wallet,Failed,Online
53441,UPI,Successful,Online
53442,UPI,Successful,Online
53443,UPI,Refunded,Online
53444,Wallet,Successful,Online
53445,Wallet,Successful,POS
53446,Debit Card,Refunded,Online
53447,Credit Card,Failed,POS
53448,Credit Card,Refunded,Online
53449,Wallet,Successful,Online
53450,Debit Card,Successful,Online
53451,Wallet,Successful,Online
53452,UPI,Successful,POS
53453,UPI,Refunded,Online
53454,Net Banking,Successful,Online
53455,UPI,Successful,Online
53456,Wallet,Successful,POS
53457,Credit Card,Successful,POS
53458,Net Banking,Successful,Online
53459,UPI,Successful,Online
53460,Debit Card,Successful,POS
53461,Credit Card,Successful,Online
53462,Credit Card,Refunded,Online
53463,Credit Card,Successful,Online
53464,Wallet,Successful,Online
53465,Debit Card,Refunded,POS
53466,UPI,Successful,POS
53467,Net Banking,Successful,POS
53468,UPI,Successful,Online
53469,UPI,Successful,POS
53470,UPI,Failed,Online
53471,Net Banking,Successful,Online
53472,UPI,Successful,Online
53473,UPI,Refunded,Online
53474,Net Banking,Successful,Online
53475,Debit Card,Successful,POS
53476,UPI,Failed,Online
53477,Debit Card,Refunded,Online
53478,Net Banking,Successful,POS
53479,UPI,Refunded,Online
53480,Net Banking,Successful,Online
53481,Credit Card,Failed,Online
53482,Debit Card,Successful,POS
53483,Credit Card,Failed,Online
53484,Debit Card,Refunded,POS
53485,UPI,Successful,Online
53486,Debit Card,Failed,Online
53487,UPI,Successful,POS
53488,Credit Card,Failed,POS
53489,UPI,Refunded,Online
53490,Net Banking,Refunded,POS
53491,UPI,Refunded,Online
53492,Credit Card,Successful,POS
53493,Credit Card,Refunded,Online
53494,Debit Card,Successful,Online
53495,Credit Card,Successful,POS
53496,Debit Card,Failed,Online
53497,UPI,Successful,Online
53498,UPI,Successful,Online
53499,Credit Card,Successful,Online
53500,Wallet,Successful,Online
53501,UPI,Failed,Online
53502,UPI,Refunded,Online
53503,UPI,Failed,POS
53504,Credit Card,Successful,Online
53505,Credit Card,Refunded,Online
53506,Net Banking,Successful,Online
53507,UPI,Successful,Online
53508,UPI,Failed,Online
53509,UPI,Refunded,POS
53510,Credit Card,Successful,Online
53511,Debit Card,Failed,Online
53512,UPI,Successful,Online
53513,Wallet,Successful,Online
53514,UPI,Successful,Online
53515,Debit Card,Successful,Online
53516,Credit Card,Successful,Online
53517,UPI,Successful,Online
53518,Net Banking,Successful,Online
53519,Debit Card,Refunded,POS
53520,Credit Card,Successful,Online
53521,Credit Card,Successful,POS
53522,UPI,Failed,Online
53523,Debit Card,Successful,Online
53524,UPI,Successful,Online
53525,Net Banking,Successful,Online
53526,UPI,Successful,Online
53527,UPI,Failed,Online
53528,UPI,Successful,Online
53529,UPI,Successful,Online
53530,Credit Card,Failed,Online
53531,UPI,Successful,Online
53532,Debit Card,Successful,Online
53533,UPI,Successful,Online
53534,Debit Card,Failed,POS
53535,Credit Card,Failed,POS
53536,Wallet,Successful,Online
53537,Wallet,Successful,Online
53538,Net Banking,Successful,POS
53539,Debit Card,Refunded,Online
53540,Credit Card,Refunded,Online
53541,Debit Card,Successful,POS
53542,Wallet,Successful,POS
53543,UPI,Refunded,POS
53544,Credit Card,Successful,Online
53545,UPI,Successful,Online
53546,Credit Card,Successful,POS
53547,Credit Card,Successful,Online
53548,Credit Card,Successful,POS
53549,Credit Card,Failed,Online
53550,Wallet,Successful,Online
53551,Credit Card,Failed,Online
53552,Net Banking,Successful,POS
53553,UPI,Successful,Online
53554,Credit Card,Successful,POS
53555,Credit Card,Successful,Online
53556,UPI,Refunded,Online
53557,UPI,Successful,Online
53558,Credit Card,Successful,Online
53559,Credit Card,Successful,POS
53560,Credit Card,Successful,Online
53561,UPI,Successful,Online
53562,UPI,Refunded,POS
53563,Credit Card,Successful,Online
53564,UPI,Failed,Online
53565,UPI,Successful,Online
53566,UPI,Failed,POS
53567,UPI,Successful,POS
53568,UPI,Failed,Online
53569,UPI,Successful,Online
53570,UPI,Successful,Online
53571,Debit Card,Successful,Online
53572,UPI,Successful,Online
53573,Credit Card,Successful,Online
53574,Net Banking,Failed,Online
53575,Debit Card,Successful,Online
53576,UPI,Failed,POS
53577,Net Banking,Successful,POS
53578,UPI,Successful,POS
53579,UPI,Failed,Online
53580,Wallet,Successful,POS
53581,Net Banking,Successful,Online
53582,Credit Card,Successful,POS
53583,Debit Card,Successful,Online
53584,Debit Card,Successful,Online
53585,UPI,Successful,POS
53586,UPI,Refunded,POS
53587,Credit Card,Refunded,Online
53588,Net Banking,Refunded,Online
53589,UPI,Refunded,Online
53590,Debit Card,Successful,Online
53591,UPI,Failed,POS
53592,Credit Card,Successful,Online
53593,Credit Card,Successful,Online
53594,Debit Card,Successful,Online
53595,UPI,Successful,Online
53596,Credit Card,Failed,Online
53597,Credit Card,Failed,Online
53598,UPI,Successful,Online
53599,UPI,Successful,Online
53600,Debit Card,Refunded,Online
53601,Credit Card,Successful,Online
53602,UPI,Successful,POS
53603,Credit Card,Failed,Online
53604,Net Banking,Successful,Online
53605,UPI,Successful,Online
53606,Credit Card,Successful,POS
53607,UPI,Successful,Online
53608,UPI,Successful,POS
53609,UPI,Refunded,POS
53610,Credit Card,Successful,Online
53611,Debit Card,Successful,Online
53612,UPI,Failed,Online
53613,Credit Card,Successful,Online
53614,Credit Card,Refunded,Online
53615,UPI,Successful,Online
53616,Credit Card,Successful,POS
53617,Debit Card,Failed,Online
53618,Net Banking,Successful,Online
53619,Net Banking,Successful,Online
53620,UPI,Refunded,Online
53621,Debit Card,Successful,Online
53622,UPI,Successful,Online
53623,Debit Card,Failed,POS
53624,Wallet,Successful,Online
53625,UPI,Failed,Online
53626,Credit Card,Successful,Online
53627,Credit Card,Refunded,Online
53628,Debit Card,Successful,Online
53629,UPI,Successful,Online
53630,Wallet,Successful,Online
53631,Credit Card,Successful,Online
53632,UPI,Successful,Online
53633,UPI,Successful,POS
53634,Debit Card,Successful,Online
53635,UPI,Successful,Online
53636,UPI,Successful,Online
53637,Credit Card,Successful,Online
53638,Credit Card,Successful,Online
53639,Debit Card,Successful,POS
53640,Credit Card,Failed,Online
53641,Debit Card,Failed,Online
53642,Wallet,Successful,Online
53643,UPI,Successful,Online
53644,Debit Card,Successful,Online
53645,Net Banking,Successful,Online
53646,Debit Card,Successful,Online
53647,Debit Card,Successful,Online
53648,UPI,Successful,Online
53649,Credit Card,Refunded,POS
53650,Credit Card,Successful,POS
53651,Debit Card,Successful,Online
53652,Wallet,Successful,Online
53653,UPI,Successful,Online
53654,UPI,Failed,POS
53655,UPI,Successful,POS
53656,Debit Card,Successful,POS
53657,UPI,Successful,Online
53658,Credit Card,Successful,Online
53659,UPI,Successful,Online
53660,Credit Card,Refunded,Online
53661,UPI,Failed,Online
53662,Net Banking,Successful,Online
53663,Credit Card,Successful,POS
53664,Wallet,Refunded,Online
53665,Credit Card,Successful,Online
53666,UPI,Successful,Online
53667,UPI,Successful,POS
53668,Wallet,Refunded,Online
53669,Debit Card,Refunded,Online
53670,UPI,Successful,Online
53671,Debit Card,Successful,POS
53672,Credit Card,Failed,Online
53673,UPI,Successful,Online
53674,UPI,Successful,POS
53675,Net Banking,Successful,Online
53676,UPI,Refunded,Online
53677,UPI,Refunded,Online
53678,UPI,Successful,Online
53679,UPI,Refunded,Online
53680,Credit Card,Successful,Online
53681,UPI,Successful,Online
53682,UPI,Successful,Online
53683,Net Banking,Successful,Online
53684,UPI,Failed,Online
53685,UPI,Successful,POS
53686,Credit Card,Successful,POS
53687,Credit Card,Successful,Online
53688,Debit Card,Refunded,Online
53689,UPI,Successful,Online
53690,Net Banking,Successful,Online
53691,Debit Card,Failed,Online
53692,Debit Card,Successful,POS
53693,UPI,Failed,Online
53694,UPI,Successful,Online
53695,Credit Card,Successful,Online
53696,Net Banking,Successful,POS
53697,Credit Card,Refunded,POS
53698,UPI,Successful,Online
53699,UPI,Successful,POS
53700,Debit Card,Successful,Online
53701,Debit Card,Successful,Online
53702,UPI,Successful,Online
53703,UPI,Refunded,Online
53704,Credit Card,Failed,Online
53705,Credit Card,Successful,Online
53706,Debit Card,Successful,Online
53707,Debit Card,Successful,POS
53708,Credit Card,Successful,Online
53709,UPI,Successful,Online
53710,Debit Card,Successful,Online
53711,Wallet,Successful,Online
53712,Net Banking,Successful,Online
53713,Net Banking,Successful,Online
53714,UPI,Successful,POS
53715,Debit Card,Failed,Online
53716,Net Banking,Refunded,POS
53717,Debit Card,Failed,Online
53718,UPI,Successful,POS
53719,Wallet,Successful,Online
53720,Credit Card,Successful,POS
53721,UPI,Successful,Online
53722,UPI,Successful,Online
53723,Credit Card,Successful,POS
53724,Credit Card,Successful,POS
53725,UPI,Refunded,POS
53726,Debit Card,Failed,Online
53727,Debit Card,Failed,Online
53728,Debit Card,Successful,POS
53729,UPI,Successful,Online
53730,Debit Card,Successful,POS
53731,UPI,Successful,Online
53732,UPI,Failed,POS
53733,Credit Card,Successful,Online
53734,Net Banking,Successful,Online
53735,Credit Card,Successful,POS
53736,UPI,Successful,Online
53737,UPI,Refunded,Online
53738,Credit Card,Successful,Online
53739,Wallet,Refunded,POS
53740,Wallet,Successful,Online
53741,UPI,Refunded,Online
53742,UPI,Successful,Online
53743,UPI,Failed,Online
53744,Debit Card,Successful,Online
53745,UPI,Failed,Online
53746,UPI,Successful,Online
53747,Credit Card,Successful,POS
53748,UPI,Successful,Online
53749,UPI,Failed,Online
53750,UPI,Failed,Online
53751,UPI,Successful,Online
53752,Credit Card,Successful,POS
53753,Wallet,Refunded,POS
53754,UPI,Successful,Online
53755,UPI,Successful,Online
53756,Net Banking,Successful,POS
53757,Net Banking,Successful,POS
53758,Credit Card,Successful,Online
53759,Debit Card,Successful,Online
53760,UPI,Refunded,Online
53761,Debit Card,Failed,POS
53762,Wallet,Successful,Online
53763,Credit Card,Successful,Online
53764,Credit Card,Failed,Online
53765,UPI,Successful,Online
53766,Credit Card,Successful,Online
53767,Credit Card,Refunded,Online
53768,Debit Card,Successful,Online
53769,UPI,Failed,Online
53770,Credit Card,Successful,POS
53771,Credit Card,Successful,Online
53772,UPI,Failed,Online
53773,UPI,Successful,Online
53774,UPI,Successful,Online
53775,Debit Card,Successful,Online
53776,Credit Card,Successful,Online
53777,Net Banking,Failed,POS
53778,UPI,Refunded,Online
53779,Net Banking,Successful,POS
53780,Debit Card,Successful,Online
53781,Credit Card,Refunded,Online
53782,UPI,Refunded,POS
53783,UPI,Successful,Online
53784,Wallet,Successful,Online
53785,UPI,Successful,Online
53786,UPI,Successful,Online
53787,UPI,Successful,Online
53788,Debit Card,Successful,Online
53789,UPI,Successful,POS
53790,UPI,Refunded,Online
53791,Credit Card,Successful,Online
53792,Credit Card,Successful,Online
53793,Credit Card,Refunded,Online
53794,Credit Card,Failed,POS
53795,Debit Card,Successful,POS
53796,Debit Card,Successful,Online
53797,Debit Card,Successful,Online
53798,UPI,Successful,POS
53799,Debit Card,Successful,POS
53800,UPI,Successful,Online
53801,UPI,Successful,Online
53802,Wallet,Successful,Online
53803,Debit Card,Successful,Online
53804,Credit Card,Failed,POS
53805,Net Banking,Successful,POS
53806,Wallet,Failed,Online
53807,Credit Card,Successful,Online
53808,Credit Card,Successful,POS
53809,Debit Card,Successful,Online
53810,UPI,Successful,Online
53811,UPI,Successful,Online
53812,Debit Card,Successful,Online
53813,UPI,Successful,Online
53814,UPI,Refunded,Online
53815,UPI,Refunded,Online
53816,UPI,Successful,Online
53817,Wallet,Successful,Online
53818,Debit Card,Successful,Online
53819,Credit Card,Refunded,Online
53820,Wallet,Successful,Online
53821,Net Banking,Successful,Online
53822,Credit Card,Successful,Online
53823,Net Banking,Refunded,Online
53824,Credit Card,Successful,Online
53825,UPI,Refunded,Online
53826,UPI,Successful,Online
53827,Debit Card,Failed,Online
53828,Credit Card,Successful,Online
53829,Debit Card,Successful,Online
53830,Debit Card,Successful,Online
53831,UPI,Successful,POS
53832,UPI,Failed,Online
53833,Credit Card,Failed,POS
53834,UPI,Successful,Online
53835,Credit Card,Successful,Online
53836,Credit Card,Successful,Online
53837,Credit Card,Successful,Online
53838,UPI,Successful,Online
53839,Credit Card,Failed,POS
53840,Net Banking,Successful,Online
53841,Wallet,Refunded,POS
53842,Net Banking,Refunded,POS
53843,Credit Card,Successful,Online
53844,UPI,Failed,Online
53845,Debit Card,Successful,Online
53846,Net Banking,Successful,Online
53847,UPI,Refunded,POS
53848,UPI,Refunded,POS
53849,UPI,Refunded,Online
53850,Debit Card,Successful,Online
53851,Credit Card,Successful,Online
53852,UPI,Successful,POS
53853,Net Banking,Refunded,Online
53854,Credit Card,Failed,Online
53855,UPI,Failed,Online
53856,UPI,Successful,Online
53857,UPI,Successful,Online
53858,Credit Card,Successful,Online
53859,UPI,Successful,Online
53860,Credit Card,Successful,Online
53861,Debit Card,Refunded,POS
53862,Debit Card,Successful,Online
53863,UPI,Refunded,Online
53864,Credit Card,Successful,Online
53865,Net Banking,Refunded,POS
53866,UPI,Refunded,Online
53867,UPI,Successful,Online
53868,Credit Card,Successful,POS
53869,Credit Card,Refunded,POS
53870,UPI,Refunded,Online
53871,Debit Card,Successful,Online
53872,Credit Card,Successful,POS
53873,Net Banking,Successful,Online
53874,UPI,Successful,Online
53875,Debit Card,Successful,Online
53876,UPI,Failed,POS
53877,Credit Card,Successful,Online
53878,Credit Card,Failed,Online
53879,Credit Card,Successful,Online
53880,Net Banking,Successful,Online
53881,UPI,Successful,Online
53882,Credit Card,Failed,Online
53883,UPI,Successful,Online
53884,Debit Card,Successful,Online
53885,UPI,Successful,Online
53886,Net Banking,Successful,Online
53887,Net Banking,Successful,Online
53888,Net Banking,Refunded,Online
53889,UPI,Successful,Online
53890,Credit Card,Refunded,Online
53891,UPI,Refunded,Online
53892,Net Banking,Failed,Online
53893,Debit Card,Refunded,Online
53894,Credit Card,Successful,POS
53895,Debit Card,Successful,Online
53896,UPI,Successful,Online
53897,Credit Card,Successful,POS
53898,UPI,Successful,Online
53899,Wallet,Successful,Online
53900,Net Banking,Successful,Online
53901,Debit Card,Successful,Online
53902,Net Banking,Failed,POS
53903,UPI,Refunded,POS
53904,Net Banking,Failed,Online
53905,UPI,Refunded,Online
53906,Debit Card,Successful,POS
53907,Debit Card,Successful,Online
53908,UPI,Successful,POS
53909,UPI,Successful,POS
53910,UPI,Refunded,Online
53911,Wallet,Failed,Online
53912,UPI,Failed,Online
53913,Credit Card,Failed,Online
53914,Debit Card,Failed,Online
53915,UPI,Successful,Online
53916,Credit Card,Failed,Online
53917,Credit Card,Refunded,Online
53918,UPI,Successful,Online
53919,Debit Card,Successful,Online
53920,UPI,Successful,Online
53921,UPI,Successful,POS
53922,Credit Card,Successful,Online
53923,Credit Card,Refunded,Online
53924,Net Banking,Failed,POS
53925,Net Banking,Successful,Online
53926,Credit Card,Failed,Online
53927,UPI,Successful,Online
53928,UPI,Successful,POS
53929,UPI,Refunded,Online
53930,Credit Card,Successful,Online
53931,Debit Card,Successful,POS
53932,UPI,Successful,Online
53933,UPI,Successful,POS
53934,Credit Card,Failed,Online
53935,UPI,Successful,Online
53936,Debit Card,Successful,Online
53937,Credit Card,Refunded,Online
53938,Credit Card,Successful,Online
53939,UPI,Successful,POS
53940,Net Banking,Failed,Online
53941,UPI,Successful,Online
53942,Net Banking,Failed,Online
53943,UPI,Refunded,Online
53944,Net Banking,Successful,Online
53945,Debit Card,Successful,POS
53946,UPI,Successful,POS
53947,Net Banking,Successful,POS
53948,Debit Card,Successful,Online
53949,UPI,Failed,POS
53950,UPI,Successful,POS
53951,Credit Card,Successful,Online
53952,Debit Card,Successful,Online
53953,Debit Card,Successful,Online
53954,Debit Card,Refunded,Online
53955,Debit Card,Successful,Online
53956,Debit Card,Refunded,POS
53957,Credit Card,Failed,Online
53958,UPI,Refunded,Online
53959,Net Banking,Successful,Online
53960,UPI,Successful,Online
53961,UPI,Successful,Online
53962,Debit Card,Refunded,POS
53963,Credit Card,Failed,POS
53964,UPI,Successful,POS
53965,UPI,Successful,Online
53966,Credit Card,Failed,Online
53967,Wallet,Successful,Online
53968,Credit Card,Failed,Online
53969,Credit Card,Successful,Online
53970,UPI,Successful,POS
53971,UPI,Successful,Online
53972,UPI,Successful,Online
53973,UPI,Successful,POS
53974,Credit Card,Failed,POS
53975,UPI,Successful,Online
53976,UPI,Successful,Online
53977,Debit Card,Successful,Online
53978,Net Banking,Successful,POS
53979,Net Banking,Successful,POS
53980,Credit Card,Failed,POS
53981,UPI,Successful,Online
53982,Debit Card,Successful,POS
53983,UPI,Failed,POS
53984,Debit Card,Failed,Online
53985,Debit Card,Successful,Online
53986,Debit Card,Successful,Online
53987,Wallet,Successful,Online
53988,Debit Card,Successful,Online
53989,Debit Card,Refunded,Online
53990,UPI,Successful,POS
53991,Net Banking,Successful,POS
53992,UPI,Failed,Online
53993,Net Banking,Successful,Online
53994,UPI,Successful,Online
53995,UPI,Successful,Online
53996,Net Banking,Successful,POS
53997,UPI,Failed,Online
53998,Net Banking,Successful,Online
53999,UPI,Failed,POS
54000,Net Banking,Refunded,Online
54001,Debit Card,Successful,POS
54002,Debit Card,Successful,Online
54003,UPI,Successful,Online
54004,UPI,Successful,Online
54005,Net Banking,Refunded,POS
54006,UPI,Refunded,POS
54007,UPI,Successful,Online
54008,Credit Card,Failed,Online
54009,Credit Card,Refunded,Online
54010,UPI,Refunded,Online
54011,UPI,Failed,Online
54012,UPI,Successful,POS
54013,Net Banking,Refunded,POS
54014,UPI,Refunded,Online
54015,Wallet,Failed,POS
54016,UPI,Failed,Online
54017,UPI,Successful,POS
54018,Credit Card,Successful,Online
54019,UPI,Successful,POS
54020,Credit Card,Successful,Online
54021,Net Banking,Successful,Online
54022,UPI,Successful,Online
54023,Debit Card,Failed,Online
54024,Credit Card,Refunded,Online
54025,UPI,Failed,POS
54026,UPI,Failed,POS
54027,Net Banking,Successful,Online
54028,UPI,Failed,Online
54029,Net Banking,Successful,POS
54030,Credit Card,Refunded,Online
54031,UPI,Successful,Online
54032,Credit Card,Successful,POS
54033,Debit Card,Refunded,Online
54034,Debit Card,Successful,Online
54035,Credit Card,Successful,Online
54036,Net Banking,Failed,Online
54037,UPI,Refunded,Online
54038,Net Banking,Successful,Online
54039,Net Banking,Failed,Online
54040,Debit Card,Successful,Online
54041,Debit Card,Refunded,Online
54042,Credit Card,Failed,Online
54043,Debit Card,Refunded,Online
54044,Credit Card,Successful,Online
54045,UPI,Successful,POS
54046,Credit Card,Successful,POS
54047,UPI,Successful,Online
54048,Credit Card,Successful,Online
54049,UPI,Successful,POS
54050,UPI,Successful,Online
54051,UPI,Refunded,Online
54052,Net Banking,Successful,Online
54053,Credit Card,Successful,Online
54054,Debit Card,Failed,POS
54055,UPI,Failed,Online
54056,Credit Card,Successful,Online
54057,UPI,Successful,Online
54058,UPI,Refunded,Online
54059,Credit Card,Successful,POS
54060,Credit Card,Failed,POS
54061,UPI,Successful,POS
54062,Credit Card,Refunded,POS
54063,Net Banking,Successful,Online
54064,UPI,Successful,Online
54065,UPI,Successful,Online
54066,Debit Card,Failed,Online
54067,UPI,Failed,Online
54068,Wallet,Successful,Online
54069,Credit Card,Successful,Online
54070,Credit Card,Successful,Online
54071,Credit Card,Successful,POS
54072,Credit Card,Successful,Online
54073,UPI,Successful,Online
54074,Net Banking,Failed,Online
54075,Credit Card,Successful,Online
54076,UPI,Refunded,Online
54077,Credit Card,Successful,POS
54078,UPI,Successful,Online
54079,UPI,Refunded,Online
54080,Credit Card,Refunded,Online
54081,Credit Card,Successful,Online
54082,Credit Card,Successful,Online
54083,UPI,Refunded,Online
54084,Credit Card,Refunded,Online
54085,UPI,Successful,Online
54086,Credit Card,Successful,Online
54087,Credit Card,Successful,Online
54088,Debit Card,Refunded,Online
54089,Net Banking,Refunded,Online
54090,Net Banking,Successful,Online
54091,Wallet,Failed,Online
54092,Wallet,Successful,Online
54093,Debit Card,Failed,Online
54094,Wallet,Successful,POS
54095,Net Banking,Successful,Online
54096,Debit Card,Successful,Online
54097,UPI,Successful,Online
54098,UPI,Successful,Online
54099,Net Banking,Successful,Online
54100,Credit Card,Successful,Online
54101,Debit Card,Successful,Online
54102,UPI,Successful,Online
54103,Credit Card,Successful,Online
54104,Debit Card,Successful,Online
54105,Net Banking,Refunded,Online
54106,UPI,Successful,Online
54107,Net Banking,Refunded,Online
54108,Debit Card,Successful,Online
54109,UPI,Failed,POS
54110,UPI,Successful,Online
54111,UPI,Failed,Online
54112,UPI,Refunded,Online
54113,Credit Card,Failed,Online
54114,UPI,Refunded,POS
54115,UPI,Failed,Online
54116,Net Banking,Refunded,Online
54117,Credit Card,Failed,Online
54118,Credit Card,Refunded,Online
54119,UPI,Successful,POS
54120,Net Banking,Successful,POS
54121,Net Banking,Successful,Online
54122,Credit Card,Successful,Online
54123,Net Banking,Failed,Online
54124,Net Banking,Refunded,Online
54125,Debit Card,Successful,POS
54126,Debit Card,Successful,POS
54127,UPI,Refunded,Online
54128,UPI,Failed,POS
54129,UPI,Successful,Online
54130,UPI,Successful,Online
54131,UPI,Successful,Online
54132,Net Banking,Refunded,Online
54133,UPI,Successful,Online
54134,Wallet,Successful,Online
54135,Credit Card,Successful,Online
54136,UPI,Successful,POS
54137,Credit Card,Successful,Online
54138,UPI,Failed,POS
54139,Wallet,Refunded,Online
54140,Net Banking,Failed,POS
54141,UPI,Successful,Online
54142,Wallet,Successful,Online
54143,Debit Card,Refunded,Online
54144,UPI,Successful,POS
54145,Debit Card,Refunded,Online
54146,Credit Card,Successful,Online
54147,UPI,Successful,POS
54148,Debit Card,Successful,Online
54149,UPI,Refunded,POS
54150,Credit Card,Successful,Online
54151,UPI,Successful,Online
54152,Wallet,Successful,Online
54153,Debit Card,Successful,POS
54154,UPI,Successful,POS
54155,UPI,Failed,Online
54156,UPI,Successful,Online
54157,Debit Card,Successful,Online
54158,UPI,Successful,Online
54159,Net Banking,Failed,Online
54160,Wallet,Successful,POS
54161,Debit Card,Refunded,Online
54162,UPI,Refunded,Online
54163,UPI,Successful,Online
54164,Credit Card,Refunded,POS
54165,Credit Card,Successful,Online
54166,Debit Card,Failed,Online
54167,Credit Card,Failed,Online
54168,UPI,Refunded,Online
54169,Net Banking,Successful,Online
54170,UPI,Successful,POS
54171,Credit Card,Successful,POS
54172,Debit Card,Refunded,POS
54173,UPI,Refunded,Online
54174,Debit Card,Refunded,POS
54175,Debit Card,Successful,Online
54176,Debit Card,Successful,POS
54177,UPI,Successful,Online
54178,UPI,Successful,POS
54179,UPI,Successful,POS
54180,UPI,Refunded,Online
54181,Wallet,Refunded,Online
54182,Debit Card,Successful,Online
54183,UPI,Refunded,Online
54184,Net Banking,Successful,POS
54185,Debit Card,Successful,Online
54186,UPI,Successful,POS
54187,UPI,Successful,POS
54188,UPI,Refunded,Online
54189,Wallet,Successful,Online
54190,Credit Card,Successful,Online
54191,Net Banking,Successful,Online
54192,UPI,Successful,Online
54193,Net Banking,Successful,Online
54194,UPI,Successful,Online
54195,Wallet,Refunded,Online
54196,Net Banking,Failed,Online
54197,UPI,Failed,Online
54198,Debit Card,Successful,Online
54199,Debit Card,Successful,Online
54200,Net Banking,Successful,Online
54201,UPI,Successful,Online
54202,Credit Card,Successful,Online
54203,Net Banking,Successful,Online
54204,Debit Card,Successful,Online
54205,Credit Card,Failed,Online
54206,Net Banking,Successful,Online
54207,UPI,Successful,POS
54208,Debit Card,Refunded,Online
54209,UPI,Successful,POS
54210,UPI,Refunded,Online
54211,Credit Card,Refunded,Online
54212,Credit Card,Successful,Online
54213,Credit Card,Successful,Online
54214,Credit Card,Failed,Online
54215,UPI,Successful,Online
54216,UPI,Successful,Online
54217,Debit Card,Successful,Online
54218,Credit Card,Successful,POS
54219,Credit Card,Successful,POS
54220,Credit Card,Successful,POS
54221,Net Banking,Failed,Online
54222,Debit Card,Refunded,POS
54223,UPI,Refunded,Online
54224,Net Banking,Successful,Online
54225,Wallet,Successful,POS
54226,Credit Card,Refunded,Online
54227,Wallet,Failed,Online
54228,Credit Card,Successful,Online
54229,Credit Card,Refunded,Online
54230,UPI,Successful,Online
54231,Debit Card,Failed,Online
54232,UPI,Failed,Online
54233,UPI,Successful,Online
54234,UPI,Successful,POS
54235,UPI,Failed,Online
54236,Credit Card,Refunded,POS
54237,Credit Card,Successful,POS
54238,UPI,Successful,Online
54239,Wallet,Refunded,Online
54240,UPI,Successful,Online
54241,Credit Card,Successful,Online
54242,UPI,Refunded,Online
54243,UPI,Failed,Online
54244,UPI,Successful,Online
54245,Credit Card,Successful,POS
54246,Debit Card,Failed,Online
54247,UPI,Successful,Online
54248,UPI,Successful,Online
54249,UPI,Successful,POS
54250,Net Banking,Successful,Online
54251,Debit Card,Successful,Online
54252,UPI,Refunded,Online
54253,UPI,Successful,POS
54254,Wallet,Successful,Online
54255,Credit Card,Failed,Online
54256,Credit Card,Successful,Online
54257,UPI,Successful,POS
54258,Credit Card,Failed,Online
54259,Wallet,Successful,Online
54260,Wallet,Failed,Online
54261,Debit Card,Successful,Online
54262,Credit Card,Successful,Online
54263,Credit Card,Refunded,Online
54264,UPI,Successful,Online
54265,Wallet,Successful,Online
54266,Debit Card,Failed,Online
54267,Credit Card,Failed,Online
54268,UPI,Failed,Online
54269,Credit Card,Refunded,Online
54270,Wallet,Successful,POS
54271,Credit Card,Successful,Online
54272,UPI,Successful,Online
54273,UPI,Failed,POS
54274,UPI,Refunded,POS
54275,Net Banking,Successful,Online
54276,Wallet,Refunded,POS
54277,Wallet,Successful,POS
54278,Debit Card,Failed,Online
54279,Credit Card,Successful,Online
54280,Credit Card,Refunded,Online
54281,Credit Card,Successful,POS
54282,Debit Card,Successful,POS
54283,Credit Card,Successful,Online
54284,Debit Card,Successful,Online
54285,UPI,Successful,POS
54286,UPI,Successful,Online
54287,Net Banking,Failed,Online
54288,Net Banking,Refunded,Online
54289,Credit Card,Successful,Online
54290,UPI,Failed,POS
54291,Net Banking,Successful,Online
54292,Debit Card,Successful,Online
54293,Credit Card,Failed,POS
54294,Credit Card,Successful,Online
54295,Credit Card,Successful,Online
54296,Credit Card,Successful,Online
54297,Net Banking,Successful,POS
54298,UPI,Failed,Online
54299,UPI,Successful,POS
54300,UPI,Successful,Online
54301,UPI,Refunded,Online
54302,UPI,Successful,POS
54303,UPI,Failed,Online
54304,UPI,Successful,POS
54305,UPI,Successful,Online
54306,UPI,Successful,Online
54307,UPI,Successful,Online
54308,Credit Card,Refunded,Online
54309,Credit Card,Refunded,Online
54310,UPI,Refunded,Online
54311,Credit Card,Successful,Online
54312,Wallet,Successful,POS
54313,Wallet,Successful,Online
54314,UPI,Successful,Online
54315,Debit Card,Successful,POS
54316,UPI,Successful,Online
54317,UPI,Successful,Online
54318,UPI,Successful,POS
54319,UPI,Refunded,Online
54320,Credit Card,Refunded,POS
54321,Debit Card,Refunded,Online
54322,Debit Card,Refunded,Online
54323,UPI,Successful,Online
54324,UPI,Refunded,Online
54325,UPI,Successful,Online
54326,UPI,Successful,Online
54327,Wallet,Failed,POS
54328,Debit Card,Failed,Online
54329,Wallet,Successful,POS
54330,Debit Card,Successful,POS
54331,Credit Card,Refunded,Online
54332,Credit Card,Successful,Online
54333,Credit Card,Successful,Online
54334,Credit Card,Successful,Online
54335,Net Banking,Successful,Online
54336,Credit Card,Successful,Online
54337,UPI,Successful,Online
54338,Debit Card,Refunded,Online
54339,Net Banking,Failed,Online
54340,Credit Card,Refunded,Online
54341,Debit Card,Refunded,Online
54342,UPI,Successful,Online
54343,Credit Card,Successful,Online
54344,UPI,Successful,Online
54345,UPI,Successful,Online
54346,Credit Card,Failed,Online
54347,UPI,Successful,Online
54348,Debit Card,Successful,Online
54349,Net Banking,Refunded,Online
54350,UPI,Successful,Online
54351,Debit Card,Refunded,Online
54352,Credit Card,Refunded,POS
54353,UPI,Successful,Online
54354,Debit Card,Failed,POS
54355,Credit Card,Successful,Online
54356,Credit Card,Refunded,Online
54357,Net Banking,Failed,Online
54358,Credit Card,Refunded,Online
54359,Wallet,Failed,Online
54360,Credit Card,Successful,Online
54361,UPI,Successful,Online
54362,Credit Card,Successful,Online
54363,UPI,Successful,Online
54364,Credit Card,Refunded,Online
54365,Debit Card,Refunded,Online
54366,Credit Card,Successful,Online
54367,UPI,Successful,Online
54368,Credit Card,Successful,POS
54369,UPI,Refunded,Online
54370,Debit Card,Refunded,POS
54371,Debit Card,Successful,POS
54372,Wallet,Successful,POS
54373,UPI,Failed,Online
54374,Credit Card,Successful,Online
54375,Credit Card,Failed,Online
54376,Net Banking,Successful,Online
54377,Credit Card,Successful,Online
54378,UPI,Successful,POS
54379,Credit Card,Successful,Online
54380,Debit Card,Successful,Online
54381,Debit Card,Successful,Online
54382,Net Banking,Successful,Online
54383,UPI,Successful,Online
54384,Wallet,Refunded,Online
54385,UPI,Failed,Online
54386,Wallet,Failed,POS
54387,Net Banking,Successful,Online
54388,Debit Card,Refunded,Online
54389,Debit Card,Refunded,Online
54390,UPI,Successful,POS
54391,UPI,Successful,POS
54392,UPI,Successful,Online
54393,UPI,Successful,Online
54394,Credit Card,Refunded,Online
54395,UPI,Successful,Online
54396,Net Banking,Successful,Online
54397,Credit Card,Failed,Online
54398,Debit Card,Refunded,POS
54399,Debit Card,Successful,Online
54400,UPI,Successful,Online
54401,UPI,Successful,Online
54402,UPI,Failed,POS
54403,Debit Card,Successful,Online
54404,Credit Card,Successful,Online
54405,UPI,Successful,POS
54406,Debit Card,Successful,POS
54407,UPI,Refunded,Online
54408,Debit Card,Failed,POS
54409,Credit Card,Successful,Online
54410,Debit Card,Refunded,Online
54411,Net Banking,Refunded,POS
54412,Debit Card,Successful,Online
54413,Credit Card,Successful,Online
54414,UPI,Successful,Online
54415,Debit Card,Refunded,Online
54416,Credit Card,Successful,Online
54417,UPI,Refunded,POS
54418,Debit Card,Successful,Online
54419,UPI,Successful,POS
54420,UPI,Successful,Online
54421,Net Banking,Successful,Online
54422,Credit Card,Successful,Online
54423,UPI,Successful,Online
54424,Debit Card,Successful,POS
54425,Net Banking,Successful,Online
54426,UPI,Failed,POS
54427,Debit Card,Refunded,Online
54428,Debit Card,Successful,Online
54429,UPI,Successful,POS
54430,Credit Card,Successful,Online
54431,UPI,Refunded,Online
54432,Debit Card,Refunded,POS
54433,Net Banking,Refunded,POS
54434,UPI,Successful,POS
54435,Debit Card,Successful,Online
54436,Debit Card,Refunded,Online
54437,UPI,Failed,Online
54438,Debit Card,Refunded,POS
54439,UPI,Successful,Online
54440,Net Banking,Successful,POS
54441,Credit Card,Successful,Online
54442,Credit Card,Successful,Online
54443,Debit Card,Successful,Online
54444,Credit Card,Successful,Online
54445,Net Banking,Successful,Online
54446,Credit Card,Successful,Online
54447,Net Banking,Successful,Online
54448,Credit Card,Successful,Online
54449,UPI,Successful,POS
54450,Net Banking,Successful,Online
54451,Debit Card,Failed,POS
54452,Debit Card,Successful,POS
54453,Wallet,Failed,Online
54454,UPI,Failed,Online
54455,Credit Card,Successful,Online
54456,UPI,Successful,Online
54457,Credit Card,Successful,Online
54458,Debit Card,Refunded,Online
54459,Wallet,Failed,Online
54460,Credit Card,Failed,Online
54461,Debit Card,Successful,Online
54462,Net Banking,Failed,Online
54463,Debit Card,Failed,Online
54464,UPI,Failed,Online
54465,Credit Card,Successful,POS
54466,Wallet,Successful,Online
54467,Wallet,Failed,Online
54468,Credit Card,Successful,Online
54469,Net Banking,Failed,Online
54470,UPI,Failed,Online
54471,UPI,Successful,Online
54472,Wallet,Successful,Online
54473,UPI,Refunded,POS
54474,UPI,Successful,POS
54475,Credit Card,Refunded,POS
54476,Credit Card,Successful,Online
54477,Credit Card,Successful,Online
54478,UPI,Failed,Online
54479,Net Banking,Failed,Online
54480,Net Banking,Successful,Online
54481,Credit Card,Refunded,POS
54482,Credit Card,Successful,Online
54483,Debit Card,Successful,POS
54484,Debit Card,Failed,Online
54485,Credit Card,Failed,Online
54486,Credit Card,Successful,Online
54487,UPI,Failed,Online
54488,UPI,Failed,Online
54489,Credit Card,Successful,POS
54490,Debit Card,Failed,Online
54491,Debit Card,Failed,Online
54492,Debit Card,Failed,Online
54493,UPI,Refunded,Online
54494,Debit Card,Successful,Online
54495,UPI,Successful,POS
54496,Credit Card,Successful,Online
54497,Debit Card,Refunded,POS
54498,Credit Card,Successful,Online
54499,Credit Card,Successful,Online
54500,Credit Card,Successful,Online
54501,Net Banking,Refunded,Online
54502,Credit Card,Successful,Online
54503,Debit Card,Successful,Online
54504,Wallet,Successful,Online
54505,Debit Card,Successful,POS
54506,Credit Card,Failed,POS
54507,UPI,Failed,POS
54508,UPI,Refunded,POS
54509,Credit Card,Successful,Online
54510,Debit Card,Refunded,Online
54511,Credit Card,Successful,Online
54512,Wallet,Successful,Online
54513,UPI,Failed,Online
54514,Debit Card,Successful,Online
54515,Credit Card,Successful,Online
54516,Credit Card,Refunded,POS
54517,Debit Card,Refunded,Online
54518,UPI,Successful,POS
54519,UPI,Failed,Online
54520,Credit Card,Failed,Online
54521,Credit Card,Refunded,Online
54522,Debit Card,Failed,POS
54523,Wallet,Failed,Online
54524,UPI,Successful,Online
54525,Credit Card,Successful,Online
54526,Debit Card,Successful,Online
54527,Wallet,Successful,POS
54528,Wallet,Successful,Online
54529,Debit Card,Failed,POS
54530,Credit Card,Successful,POS
54531,UPI,Successful,Online
54532,Credit Card,Failed,Online
54533,Credit Card,Failed,Online
54534,Debit Card,Refunded,Online
54535,Credit Card,Refunded,Online
54536,Debit Card,Successful,Online
54537,Credit Card,Refunded,Online
54538,Debit Card,Failed,Online
54539,UPI,Failed,Online
54540,UPI,Refunded,POS
54541,UPI,Successful,POS
54542,Net Banking,Refunded,POS
54543,UPI,Successful,Online
54544,Debit Card,Refunded,Online
54545,UPI,Failed,Online
54546,Credit Card,Failed,Online
54547,Net Banking,Refunded,Online
54548,Credit Card,Successful,Online
54549,UPI,Successful,POS
54550,UPI,Successful,Online
54551,Net Banking,Failed,Online
54552,Credit Card,Successful,Online
54553,Credit Card,Refunded,Online
54554,Credit Card,Successful,Online
54555,UPI,Successful,Online
54556,UPI,Successful,Online
54557,Debit Card,Successful,Online
54558,Debit Card,Failed,Online
54559,UPI,Successful,Online
54560,Debit Card,Successful,Online
54561,Net Banking,Refunded,Online
54562,Net Banking,Successful,Online
54563,UPI,Successful,Online
54564,UPI,Successful,POS
54565,Net Banking,Successful,Online
54566,UPI,Failed,POS
54567,UPI,Failed,Online
54568,Net Banking,Refunded,Online
54569,UPI,Failed,Online
54570,Credit Card,Successful,Online
54571,Credit Card,Successful,Online
54572,Net Banking,Failed,Online
54573,UPI,Successful,Online
54574,Net Banking,Successful,POS
54575,Credit Card,Successful,POS
54576,Credit Card,Failed,Online
54577,UPI,Successful,Online
54578,UPI,Failed,Online
54579,Credit Card,Successful,POS
54580,Credit Card,Failed,Online
54581,Net Banking,Successful,Online
54582,Credit Card,Successful,Online
54583,Credit Card,Successful,Online
54584,Credit Card,Refunded,Online
54585,Debit Card,Successful,Online
54586,Credit Card,Successful,POS
54587,UPI,Refunded,Online
54588,Net Banking,Failed,POS
54589,Credit Card,Successful,POS
54590,Credit Card,Successful,Online
54591,Credit Card,Failed,Online
54592,Debit Card,Failed,Online
54593,UPI,Successful,Online
54594,UPI,Failed,POS
54595,Debit Card,Failed,Online
54596,UPI,Successful,POS
54597,Debit Card,Failed,Online
54598,UPI,Successful,Online
54599,UPI,Successful,Online
54600,UPI,Refunded,POS
54601,Credit Card,Successful,POS
54602,Debit Card,Refunded,Online
54603,UPI,Successful,Online
54604,UPI,Successful,Online
54605,Net Banking,Successful,Online
54606,Credit Card,Successful,POS
54607,Debit Card,Refunded,Online
54608,Net Banking,Successful,POS
54609,Wallet,Successful,Online
54610,Net Banking,Failed,Online
54611,UPI,Successful,Online
54612,Wallet,Successful,POS
54613,Debit Card,Successful,Online
54614,Net Banking,Successful,Online
54615,UPI,Failed,Online
54616,Wallet,Failed,POS
54617,Debit Card,Successful,Online
54618,Debit Card,Successful,Online
54619,UPI,Successful,Online
54620,UPI,Successful,POS
54621,Wallet,Refunded,Online
54622,Credit Card,Successful,Online
54623,Credit Card,Successful,Online
54624,Net Banking,Refunded,Online
54625,UPI,Successful,Online
54626,Credit Card,Failed,Online
54627,UPI,Successful,Online
54628,UPI,Successful,Online
54629,UPI,Failed,Online
54630,UPI,Refunded,Online
54631,UPI,Failed,Online
54632,Credit Card,Successful,Online
54633,Net Banking,Successful,POS
54634,Credit Card,Refunded,Online
54635,UPI,Refunded,Online
54636,UPI,Refunded,Online
54637,Net Banking,Failed,Online
54638,Wallet,Successful,POS
54639,UPI,Successful,Online
54640,UPI,Successful,Online
54641,Credit Card,Failed,Online
54642,Debit Card,Successful,Online
54643,Credit Card,Successful,POS
54644,Credit Card,Successful,Online
54645,Debit Card,Failed,Online
54646,Wallet,Failed,Online
54647,UPI,Refunded,Online
54648,Wallet,Successful,Online
54649,Credit Card,Successful,Online
54650,Debit Card,Successful,Online
54651,Credit Card,Successful,POS
54652,Credit Card,Successful,Online
54653,Debit Card,Refunded,POS
54654,Credit Card,Successful,Online
54655,UPI,Successful,Online
54656,Credit Card,Refunded,POS
54657,Credit Card,Successful,Online
54658,UPI,Refunded,Online
54659,Net Banking,Successful,Online
54660,UPI,Refunded,Online
54661,Credit Card,Failed,Online
54662,UPI,Failed,POS
54663,Credit Card,Successful,Online
54664,UPI,Failed,Online
54665,Credit Card,Refunded,POS
54666,UPI,Successful,Online
54667,UPI,Refunded,Online
54668,Debit Card,Successful,POS
54669,Credit Card,Successful,Online
54670,UPI,Successful,POS
54671,UPI,Successful,Online
54672,Net Banking,Successful,Online
54673,UPI,Failed,Online
54674,Net Banking,Successful,Online
54675,Credit Card,Failed,Online
54676,UPI,Successful,Online
54677,Debit Card,Successful,Online
54678,Net Banking,Successful,Online
54679,UPI,Refunded,POS
54680,Credit Card,Successful,POS
54681,Credit Card,Refunded,Online
54682,Net Banking,Successful,POS
54683,Debit Card,Successful,Online
54684,UPI,Successful,POS
54685,UPI,Successful,POS
54686,UPI,Successful,Online
54687,UPI,Failed,POS
54688,UPI,Successful,Online
54689,Debit Card,Refunded,Online
54690,UPI,Successful,POS
54691,Credit Card,Failed,POS
54692,Credit Card,Failed,Online
54693,UPI,Successful,Online
54694,UPI,Failed,Online
54695,UPI,Successful,Online
54696,UPI,Successful,Online
54697,Net Banking,Refunded,Online
54698,Debit Card,Failed,Online
54699,UPI,Refunded,Online
54700,Credit Card,Successful,POS
54701,UPI,Successful,POS
54702,Credit Card,Successful,Online
54703,Credit Card,Refunded,Online
54704,Credit Card,Successful,POS
54705,UPI,Successful,Online
54706,UPI,Failed,Online
54707,Debit Card,Successful,POS
54708,Net Banking,Successful,POS
54709,Wallet,Refunded,POS
54710,UPI,Refunded,Online
54711,Debit Card,Refunded,Online
54712,Debit Card,Successful,Online
54713,Wallet,Successful,POS
54714,UPI,Failed,Online
54715,Debit Card,Successful,Online
54716,UPI,Successful,Online
54717,Credit Card,Refunded,Online
54718,UPI,Failed,Online
54719,Debit Card,Refunded,Online
54720,Net Banking,Successful,Online
54721,UPI,Refunded,Online
54722,Credit Card,Successful,Online
54723,UPI,Refunded,POS
54724,Credit Card,Successful,Online
54725,UPI,Refunded,Online
54726,UPI,Failed,Online
54727,Net Banking,Failed,POS
54728,UPI,Refunded,Online
54729,Credit Card,Refunded,Online
54730,Net Banking,Successful,POS
54731,Net Banking,Successful,Online
54732,Debit Card,Successful,Online
54733,UPI,Successful,Online
54734,Debit Card,Refunded,Online
54735,UPI,Refunded,Online
54736,Net Banking,Refunded,POS
54737,Debit Card,Refunded,Online
54738,Debit Card,Successful,POS
54739,UPI,Successful,Online
54740,Credit Card,Successful,Online
54741,Net Banking,Successful,POS
54742,Net Banking,Refunded,Online
54743,UPI,Refunded,Online
54744,Net Banking,Successful,Online
54745,UPI,Successful,Online
54746,Credit Card,Successful,Online
54747,Debit Card,Refunded,Online
54748,UPI,Successful,POS
54749,UPI,Refunded,Online
54750,Debit Card,Successful,Online
54751,Credit Card,Successful,Online
54752,UPI,Failed,Online
54753,Debit Card,Failed,POS
54754,Net Banking,Successful,Online
54755,Credit Card,Successful,Online
54756,UPI,Successful,Online
54757,UPI,Successful,Online
54758,Debit Card,Successful,POS
54759,Credit Card,Successful,Online
54760,Debit Card,Successful,POS
54761,Debit Card,Successful,POS
54762,Credit Card,Successful,Online
54763,UPI,Successful,Online
54764,Net Banking,Refunded,POS
54765,Credit Card,Successful,Online
54766,Credit Card,Refunded,Online
54767,Net Banking,Successful,Online
54768,Net Banking,Successful,Online
54769,Credit Card,Successful,Online
54770,UPI,Successful,POS
54771,Wallet,Failed,Online
54772,Debit Card,Successful,Online
54773,Credit Card,Successful,POS
54774,Credit Card,Failed,POS
54775,Credit Card,Refunded,Online
54776,Net Banking,Failed,Online
54777,Credit Card,Successful,Online
54778,Net Banking,Successful,Online
54779,Net Banking,Failed,Online
54780,Net Banking,Successful,Online
54781,Debit Card,Successful,POS
54782,Net Banking,Refunded,Online
54783,Credit Card,Successful,Online
54784,UPI,Refunded,Online
54785,Net Banking,Successful,POS
54786,Credit Card,Successful,Online
54787,UPI,Refunded,POS
54788,UPI,Refunded,Online
54789,UPI,Failed,POS
54790,Debit Card,Successful,Online
54791,Debit Card,Refunded,POS
54792,UPI,Refunded,Online
54793,Net Banking,Successful,Online
54794,UPI,Successful,POS
54795,Debit Card,Successful,Online
54796,Credit Card,Failed,POS
54797,Debit Card,Refunded,POS
54798,Credit Card,Successful,Online
54799,UPI,Refunded,Online
54800,Net Banking,Successful,Online
54801,UPI,Successful,POS
54802,Wallet,Refunded,Online
54803,Credit Card,Failed,Online
54804,Credit Card,Successful,POS
54805,Credit Card,Refunded,POS
54806,UPI,Successful,Online
54807,Credit Card,Failed,Online
54808,Wallet,Successful,Online
54809,UPI,Failed,Online
54810,Debit Card,Failed,Online
54811,Credit Card,Refunded,POS
54812,Debit Card,Failed,Online
54813,UPI,Successful,Online
54814,Credit Card,Refunded,Online
54815,Wallet,Successful,POS
54816,UPI,Successful,POS
54817,Credit Card,Refunded,Online
54818,Credit Card,Refunded,Online
54819,Credit Card,Successful,Online
54820,Credit Card,Successful,Online
54821,Credit Card,Failed,Online
54822,UPI,Successful,Online
54823,Net Banking,Successful,Online
54824,Net Banking,Successful,Online
54825,UPI,Failed,Online
54826,Credit Card,Successful,Online
54827,Debit Card,Successful,Online
54828,Wallet,Successful,Online
54829,Wallet,Successful,Online
54830,Net Banking,Successful,POS
54831,UPI,Successful,Online
54832,Net Banking,Failed,Online
54833,Net Banking,Failed,Online
54834,UPI,Successful,POS
54835,Credit Card,Successful,POS
54836,Credit Card,Refunded,Online
54837,Debit Card,Refunded,Online
54838,UPI,Successful,POS
54839,UPI,Successful,Online
54840,UPI,Successful,Online
54841,Credit Card,Successful,POS
54842,UPI,Refunded,POS
54843,Debit Card,Refunded,Online
54844,UPI,Failed,POS
54845,Net Banking,Successful,Online
54846,Net Banking,Successful,POS
54847,Net Banking,Successful,Online
54848,Debit Card,Successful,POS
54849,UPI,Successful,Online
54850,Credit Card,Successful,POS
54851,UPI,Successful,POS
54852,Wallet,Successful,POS
54853,UPI,Successful,Online
54854,Credit Card,Successful,POS
54855,Debit Card,Successful,POS
54856,Net Banking,Failed,Online
54857,Debit Card,Successful,Online
54858,Debit Card,Successful,Online
54859,Credit Card,Successful,Online
54860,Credit Card,Failed,Online
54861,UPI,Refunded,Online
54862,Net Banking,Successful,Online
54863,Credit Card,Successful,Online
54864,UPI,Successful,POS
54865,Net Banking,Successful,POS
54866,Credit Card,Successful,POS
54867,Net Banking,Successful,Online
54868,Net Banking,Successful,Online
54869,Debit Card,Successful,Online
54870,UPI,Refunded,Online
54871,UPI,Successful,POS
54872,Net Banking,Successful,POS
54873,Net Banking,Refunded,POS
54874,Credit Card,Failed,Online
54875,Credit Card,Refunded,POS
54876,UPI,Refunded,Online
54877,Wallet,Successful,POS
54878,UPI,Refunded,Online
54879,UPI,Successful,Online
54880,Debit Card,Refunded,Online
54881,UPI,Successful,POS
54882,Net Banking,Successful,POS
54883,UPI,Failed,Online
54884,UPI,Refunded,Online
54885,Credit Card,Successful,Online
54886,Credit Card,Refunded,Online
54887,UPI,Successful,Online
54888,Credit Card,Refunded,Online
54889,Credit Card,Successful,Online
54890,Net Banking,Successful,POS
54891,UPI,Successful,Online
54892,Wallet,Successful,POS
54893,Credit Card,Refunded,POS
54894,UPI,Successful,POS
54895,UPI,Failed,POS
54896,Credit Card,Successful,Online
54897,UPI,Successful,Online
54898,UPI,Successful,POS
54899,UPI,Successful,Online
54900,Debit Card,Successful,POS
54901,Credit Card,Successful,Online
54902,UPI,Refunded,POS
54903,Credit Card,Refunded,Online
54904,Debit Card,Successful,Online
54905,UPI,Successful,Online
54906,Net Banking,Successful,Online
54907,Credit Card,Successful,Online
54908,Wallet,Successful,Online
54909,UPI,Successful,Online
54910,Wallet,Successful,Online
54911,Credit Card,Failed,POS
54912,Credit Card,Refunded,Online
54913,Credit Card,Successful,Online
54914,UPI,Successful,Online
54915,Net Banking,Successful,Online
54916,Credit Card,Failed,POS
54917,UPI,Successful,Online
54918,UPI,Failed,POS
54919,UPI,Successful,POS
54920,Credit Card,Successful,POS
54921,Credit Card,Successful,Online
54922,Credit Card,Refunded,Online
54923,UPI,Successful,Online
54924,Credit Card,Failed,Online
54925,Credit Card,Successful,POS
54926,UPI,Successful,POS
54927,UPI,Successful,POS
54928,UPI,Refunded,POS
54929,Net Banking,Successful,POS
54930,Debit Card,Refunded,Online
54931,Wallet,Failed,POS
54932,UPI,Refunded,POS
54933,Net Banking,Refunded,POS
54934,Credit Card,Failed,Online
54935,Credit Card,Refunded,Online
54936,UPI,Successful,Online
54937,Debit Card,Successful,Online
54938,Net Banking,Successful,Online
54939,UPI,Successful,Online
54940,UPI,Successful,Online
54941,Debit Card,Refunded,Online
54942,Wallet,Successful,Online
54943,Debit Card,Failed,Online
54944,UPI,Successful,Online
54945,Credit Card,Successful,Online
54946,Credit Card,Refunded,POS
54947,Net Banking,Refunded,Online
54948,Debit Card,Refunded,Online
54949,Credit Card,Successful,Online
54950,UPI,Successful,Online
54951,Net Banking,Refunded,Online
54952,Debit Card,Failed,POS
54953,Wallet,Refunded,Online
54954,Credit Card,Successful,Online
54955,Net Banking,Successful,Online
54956,Debit Card,Successful,POS
54957,UPI,Successful,Online
54958,Wallet,Successful,Online
54959,UPI,Successful,Online
54960,Debit Card,Refunded,Online
54961,Wallet,Failed,Online
54962,UPI,Failed,Online
54963,Credit Card,Refunded,POS
54964,Credit Card,Successful,Online
54965,Debit Card,Successful,Online
54966,Net Banking,Failed,POS
54967,Credit Card,Successful,Online
54968,Debit Card,Successful,Online
54969,UPI,Refunded,Online
54970,UPI,Successful,Online
54971,Credit Card,Failed,POS
54972,Debit Card,Refunded,POS
54973,UPI,Failed,Online
54974,Debit Card,Successful,POS
54975,Credit Card,Successful,Online
54976,Debit Card,Successful,POS
54977,UPI,Successful,POS
54978,Debit Card,Successful,POS
54979,Credit Card,Successful,Online
54980,Wallet,Successful,Online
54981,Debit Card,Failed,POS
54982,Debit Card,Successful,Online
54983,Net Banking,Successful,POS
54984,Debit Card,Refunded,Online
54985,UPI,Successful,POS
54986,Net Banking,Failed,Online
54987,Debit Card,Successful,Online
54988,Credit Card,Successful,Online
54989,Debit Card,Refunded,Online
54990,Net Banking,Successful,Online
54991,Wallet,Refunded,POS
54992,Wallet,Successful,Online
54993,UPI,Refunded,Online
54994,Credit Card,Successful,Online
54995,UPI,Successful,POS
54996,UPI,Successful,Online
54997,Net Banking,Successful,Online
54998,UPI,Successful,Online
54999,Credit Card,Successful,Online
55000,Debit Card,Successful,Online
55001,Debit Card,Successful,POS
55002,UPI,Failed,Online
55003,UPI,Refunded,Online
55004,Credit Card,Successful,POS
55005,UPI,Refunded,Online
55006,Wallet,Refunded,POS
55007,Net Banking,Failed,POS
55008,Credit Card,Successful,Online
55009,Net Banking,Successful,Online
55010,UPI,Successful,Online
55011,Debit Card,Refunded,Online
55012,UPI,Successful,Online
55013,Debit Card,Failed,POS
55014,Credit Card,Successful,Online
55015,UPI,Successful,POS
55016,UPI,Refunded,Online
55017,Credit Card,Successful,Online
55018,Debit Card,Refunded,Online
55019,UPI,Successful,Online
55020,Debit Card,Successful,Online
55021,Debit Card,Refunded,POS
55022,Debit Card,Failed,Online
55023,Debit Card,Successful,Online
55024,UPI,Successful,POS
55025,Credit Card,Successful,Online
55026,Wallet,Refunded,Online
55027,Credit Card,Successful,Online
55028,Credit Card,Failed,Online
55029,Debit Card,Successful,Online
55030,UPI,Refunded,Online
55031,Debit Card,Successful,Online
55032,Net Banking,Successful,Online
55033,UPI,Failed,Online
55034,Net Banking,Refunded,Online
55035,UPI,Refunded,Online
55036,Credit Card,Successful,Online
55037,Net Banking,Successful,Online
55038,Net Banking,Refunded,Online
55039,Net Banking,Successful,Online
55040,Wallet,Successful,POS
55041,Credit Card,Successful,Online
55042,Debit Card,Successful,Online
55043,Credit Card,Successful,POS
55044,UPI,Successful,Online
55045,Credit Card,Successful,Online
55046,Debit Card,Successful,Online
55047,Credit Card,Successful,POS
55048,Debit Card,Successful,Online
55049,Debit Card,Successful,POS
55050,UPI,Successful,POS
55051,Credit Card,Successful,POS
55052,Credit Card,Failed,POS
55053,Credit Card,Refunded,Online
55054,Debit Card,Failed,Online
55055,Credit Card,Failed,Online
55056,Net Banking,Successful,POS
55057,Debit Card,Successful,Online
55058,Credit Card,Failed,Online
55059,Debit Card,Refunded,Online
55060,UPI,Failed,POS
55061,UPI,Successful,POS
55062,UPI,Successful,Online
55063,Credit Card,Failed,Online
55064,UPI,Successful,Online
55065,Wallet,Refunded,Online
55066,Credit Card,Successful,Online
55067,Debit Card,Successful,POS
55068,UPI,Successful,Online
55069,UPI,Successful,Online
55070,UPI,Refunded,Online
55071,Debit Card,Refunded,POS
55072,Credit Card,Successful,Online
55073,Credit Card,Successful,Online
55074,Credit Card,Failed,POS
55075,Debit Card,Successful,Online
55076,UPI,Failed,Online
55077,Debit Card,Refunded,POS
55078,Credit Card,Failed,Online
55079,Debit Card,Failed,Online
55080,UPI,Successful,POS
55081,Credit Card,Successful,Online
55082,UPI,Successful,Online
55083,Wallet,Successful,Online
55084,Credit Card,Successful,Online
55085,Wallet,Failed,Online
55086,Credit Card,Successful,Online
55087,UPI,Successful,Online
55088,Credit Card,Refunded,Online
55089,UPI,Successful,Online
55090,Net Banking,Refunded,POS
55091,Debit Card,Successful,POS
55092,Debit Card,Successful,Online
55093,Credit Card,Successful,Online
55094,Credit Card,Successful,Online
55095,Wallet,Successful,POS
55096,UPI,Successful,Online
55097,Debit Card,Successful,Online
55098,Credit Card,Successful,Online
55099,Wallet,Refunded,Online
55100,Net Banking,Successful,Online
55101,Wallet,Successful,Online
55102,Credit Card,Failed,Online
55103,UPI,Successful,Online
55104,Credit Card,Refunded,Online
55105,Debit Card,Failed,Online
55106,Debit Card,Successful,Online
55107,UPI,Failed,POS
55108,Credit Card,Successful,Online
55109,UPI,Successful,POS
55110,Net Banking,Successful,POS
55111,UPI,Successful,POS
55112,Debit Card,Failed,Online
55113,UPI,Refunded,Online
55114,UPI,Successful,POS
55115,Wallet,Failed,Online
55116,UPI,Refunded,Online
55117,UPI,Failed,Online
55118,UPI,Successful,POS
55119,Credit Card,Successful,Online
55120,Credit Card,Successful,Online
55121,UPI,Successful,POS
55122,Debit Card,Successful,Online
55123,UPI,Refunded,Online
55124,Net Banking,Refunded,POS
55125,Debit Card,Successful,Online
55126,Wallet,Refunded,Online
55127,Net Banking,Successful,Online
55128,UPI,Refunded,POS
55129,Credit Card,Successful,Online
55130,Debit Card,Refunded,Online
55131,UPI,Failed,POS
55132,UPI,Successful,Online
55133,UPI,Successful,Online
55134,Credit Card,Successful,Online
55135,Credit Card,Successful,Online
55136,UPI,Refunded,Online
55137,UPI,Failed,POS
55138,Debit Card,Failed,Online
55139,UPI,Refunded,Online
55140,Wallet,Successful,Online
55141,UPI,Successful,POS
55142,Debit Card,Failed,Online
55143,Credit Card,Refunded,POS
55144,UPI,Failed,Online
55145,Credit Card,Failed,Online
55146,Credit Card,Refunded,Online
55147,Net Banking,Successful,POS
55148,Debit Card,Failed,Online
55149,UPI,Failed,POS
55150,UPI,Successful,Online
55151,UPI,Successful,Online
55152,UPI,Successful,Online
55153,Credit Card,Refunded,Online
55154,Wallet,Successful,Online
55155,Credit Card,Refunded,Online
55156,Debit Card,Successful,Online
55157,Debit Card,Refunded,Online
55158,Net Banking,Successful,Online
55159,UPI,Successful,Online
55160,Debit Card,Failed,Online
55161,Net Banking,Refunded,POS
55162,UPI,Refunded,Online
55163,UPI,Failed,Online
55164,Wallet,Refunded,Online
55165,Debit Card,Refunded,Online
55166,UPI,Successful,Online
55167,Credit Card,Successful,Online
55168,Credit Card,Failed,Online
55169,Credit Card,Successful,Online
55170,UPI,Refunded,Online
55171,UPI,Refunded,Online
55172,Debit Card,Successful,Online
55173,Debit Card,Refunded,Online
55174,Net Banking,Successful,Online
55175,UPI,Failed,POS
55176,Net Banking,Failed,Online
55177,UPI,Successful,Online
55178,Credit Card,Successful,Online
55179,Net Banking,Successful,POS
55180,Credit Card,Successful,Online
55181,UPI,Successful,Online
55182,UPI,Refunded,Online
55183,Credit Card,Refunded,Online
55184,Debit Card,Successful,Online
55185,Wallet,Successful,Online
55186,Debit Card,Successful,POS
55187,Net Banking,Refunded,Online
55188,Debit Card,Successful,Online
55189,Net Banking,Failed,Online
55190,UPI,Successful,Online
55191,Net Banking,Successful,POS
55192,Credit Card,Successful,Online
55193,Net Banking,Refunded,Online
55194,UPI,Failed,Online
55195,Debit Card,Successful,POS
55196,Debit Card,Successful,POS
55197,Wallet,Successful,Online
55198,Debit Card,Successful,Online
55199,Credit Card,Refunded,Online
55200,Credit Card,Refunded,Online
55201,UPI,Refunded,POS
55202,UPI,Successful,POS
55203,UPI,Successful,POS
55204,UPI,Successful,Online
55205,Credit Card,Successful,Online
55206,Net Banking,Successful,POS
55207,Net Banking,Refunded,POS
55208,UPI,Refunded,Online
55209,UPI,Successful,Online
55210,UPI,Successful,Online
55211,UPI,Failed,Online
55212,UPI,Successful,POS
55213,Credit Card,Failed,Online
55214,Credit Card,Successful,Online
55215,Credit Card,Successful,Online
55216,Credit Card,Successful,Online
55217,UPI,Refunded,POS
55218,Debit Card,Successful,Online
55219,Net Banking,Failed,Online
55220,UPI,Failed,POS
55221,UPI,Successful,Online
55222,UPI,Failed,Online
55223,UPI,Successful,POS
55224,Credit Card,Successful,Online
55225,UPI,Refunded,Online
55226,Credit Card,Successful,Online
55227,UPI,Failed,POS
55228,Debit Card,Refunded,POS
55229,UPI,Successful,POS
55230,Credit Card,Successful,Online
55231,UPI,Failed,Online
55232,UPI,Refunded,Online
55233,Net Banking,Refunded,POS
55234,Debit Card,Successful,Online
55235,UPI,Refunded,Online
55236,Debit Card,Refunded,Online
55237,Credit Card,Successful,Online
55238,Credit Card,Failed,POS
55239,Credit Card,Failed,Online
55240,Net Banking,Successful,Online
55241,UPI,Successful,Online
55242,Credit Card,Successful,Online
55243,UPI,Successful,POS
55244,Debit Card,Successful,POS
55245,Net Banking,Refunded,Online
55246,Net Banking,Successful,Online
55247,Debit Card,Failed,Online
55248,Wallet,Refunded,Online
55249,Debit Card,Successful,Online
55250,Debit Card,Refunded,Online
55251,Wallet,Failed,Online
55252,UPI,Successful,Online
55253,Credit Card,Successful,Online
55254,Debit Card,Successful,Online
55255,Net Banking,Successful,Online
55256,Net Banking,Successful,Online
55257,Net Banking,Successful,Online
55258,Wallet,Successful,Online
55259,Credit Card,Refunded,Online
55260,UPI,Successful,Online
55261,UPI,Refunded,Online
55262,Credit Card,Successful,Online
55263,Credit Card,Failed,Online
55264,Credit Card,Successful,Online
55265,Credit Card,Refunded,POS
55266,Net Banking,Successful,Online
55267,UPI,Successful,Online
55268,Net Banking,Successful,Online
55269,Net Banking,Failed,Online
55270,Credit Card,Successful,Online
55271,Credit Card,Successful,Online
55272,Debit Card,Refunded,Online
55273,Debit Card,Successful,Online
55274,UPI,Failed,POS
55275,UPI,Failed,Online
55276,UPI,Successful,Online
55277,UPI,Refunded,Online
55278,UPI,Failed,Online
55279,UPI,Successful,POS
55280,Credit Card,Failed,Online
55281,Wallet,Successful,Online
55282,Debit Card,Refunded,POS
55283,Net Banking,Successful,POS
55284,Debit Card,Successful,POS
55285,Debit Card,Successful,Online
55286,Credit Card,Failed,Online
55287,UPI,Refunded,Online
55288,Net Banking,Refunded,Online
55289,Net Banking,Successful,POS
55290,Credit Card,Successful,Online
55291,UPI,Successful,Online
55292,Debit Card,Successful,Online
55293,UPI,Successful,Online
55294,UPI,Successful,Online
55295,Debit Card,Successful,POS
55296,Credit Card,Refunded,Online
55297,Debit Card,Refunded,Online
55298,Net Banking,Successful,Online
55299,Credit Card,Successful,Online
55300,Credit Card,Successful,Online
55301,UPI,Refunded,POS
55302,UPI,Successful,Online
55303,Debit Card,Failed,Online
55304,Credit Card,Successful,POS
55305,UPI,Refunded,Online
55306,UPI,Successful,POS
55307,Credit Card,Successful,Online
55308,Credit Card,Successful,Online
55309,Debit Card,Successful,Online
55310,Credit Card,Refunded,Online
55311,UPI,Failed,Online
55312,Credit Card,Failed,Online
55313,Net Banking,Successful,Online
55314,UPI,Failed,Online
55315,Debit Card,Failed,Online
55316,Credit Card,Successful,Online
55317,Debit Card,Successful,Online
55318,UPI,Failed,Online
55319,Wallet,Successful,Online
55320,Credit Card,Successful,Online
55321,Net Banking,Successful,Online
55322,UPI,Successful,Online
55323,Debit Card,Refunded,POS
55324,Debit Card,Refunded,Online
55325,Credit Card,Refunded,Online
55326,Credit Card,Failed,POS
55327,Debit Card,Refunded,Online
55328,UPI,Refunded,Online
55329,Debit Card,Successful,Online
55330,UPI,Successful,Online
55331,UPI,Successful,Online
55332,Debit Card,Failed,POS
55333,UPI,Refunded,Online
55334,Wallet,Failed,Online
55335,Net Banking,Failed,Online
55336,Credit Card,Failed,Online
55337,Debit Card,Failed,Online
55338,Net Banking,Failed,POS
55339,UPI,Failed,Online
55340,Net Banking,Refunded,POS
55341,UPI,Successful,Online
55342,Credit Card,Successful,POS
55343,Credit Card,Successful,Online
55344,Debit Card,Successful,Online
55345,UPI,Successful,Online
55346,UPI,Successful,Online
55347,Credit Card,Refunded,POS
55348,UPI,Failed,Online
55349,Debit Card,Successful,Online
55350,Debit Card,Successful,Online
55351,UPI,Refunded,Online
55352,UPI,Successful,Online
55353,Credit Card,Successful,POS
55354,Credit Card,Refunded,POS
55355,UPI,Successful,Online
55356,UPI,Failed,POS
55357,UPI,Successful,POS
55358,UPI,Successful,Online
55359,Credit Card,Successful,Online
55360,Debit Card,Failed,Online
55361,Credit Card,Successful,Online
55362,Net Banking,Failed,Online
55363,UPI,Successful,Online
55364,Credit Card,Failed,POS
55365,Credit Card,Refunded,Online
55366,Debit Card,Successful,Online
55367,Debit Card,Successful,Online
55368,Debit Card,Successful,POS
55369,Debit Card,Successful,POS
55370,UPI,Successful,Online
55371,Debit Card,Refunded,Online
55372,Debit Card,Successful,Online
55373,Wallet,Failed,Online
55374,Debit Card,Successful,POS
55375,Debit Card,Successful,Online
55376,Credit Card,Refunded,POS
55377,Net Banking,Successful,Online
55378,Wallet,Successful,Online
55379,Debit Card,Refunded,Online
55380,Credit Card,Refunded,Online
55381,UPI,Successful,Online
55382,Debit Card,Refunded,Online
55383,Debit Card,Successful,POS
55384,Debit Card,Successful,POS
55385,UPI,Successful,Online
55386,Debit Card,Failed,POS
55387,UPI,Successful,Online
55388,Debit Card,Failed,Online
55389,UPI,Successful,Online
55390,Debit Card,Refunded,Online
55391,UPI,Successful,Online
55392,UPI,Refunded,Online
55393,Credit Card,Successful,POS
55394,UPI,Successful,POS
55395,Debit Card,Successful,Online
55396,Net Banking,Failed,POS
55397,Wallet,Successful,Online
55398,UPI,Refunded,Online
55399,Debit Card,Successful,POS
55400,UPI,Refunded,POS
55401,Net Banking,Successful,Online
55402,Debit Card,Successful,Online
55403,UPI,Failed,Online
55404,Credit Card,Failed,Online
55405,UPI,Successful,Online
55406,Debit Card,Successful,Online
55407,Credit Card,Failed,Online
55408,Debit Card,Successful,Online
55409,Credit Card,Refunded,POS
55410,Wallet,Successful,Online
55411,Net Banking,Successful,Online
55412,Credit Card,Successful,POS
55413,Debit Card,Failed,POS
55414,Net Banking,Successful,Online
55415,Net Banking,Successful,Online
55416,UPI,Refunded,Online
55417,UPI,Failed,Online
55418,UPI,Failed,Online
55419,Credit Card,Successful,Online
55420,UPI,Successful,Online
55421,Credit Card,Failed,Online
55422,Debit Card,Refunded,Online
55423,Credit Card,Successful,Online
55424,Debit Card,Successful,POS
55425,UPI,Successful,Online
55426,Net Banking,Successful,POS
55427,Net Banking,Successful,POS
55428,Credit Card,Refunded,Online
55429,Net Banking,Refunded,POS
55430,UPI,Failed,Online
55431,Debit Card,Failed,Online
55432,UPI,Successful,Online
55433,Credit Card,Successful,Online
55434,UPI,Failed,Online
55435,Credit Card,Refunded,Online
55436,UPI,Successful,Online
55437,Credit Card,Refunded,Online
55438,UPI,Successful,Online
55439,Net Banking,Successful,Online
55440,Credit Card,Failed,Online
55441,UPI,Successful,Online
55442,UPI,Failed,Online
55443,Net Banking,Refunded,Online
55444,Credit Card,Refunded,Online
55445,Credit Card,Successful,Online
55446,Credit Card,Refunded,Online
55447,UPI,Successful,Online
55448,UPI,Successful,Online
55449,Credit Card,Successful,Online
55450,UPI,Successful,Online
55451,UPI,Successful,Online
55452,UPI,Successful,Online
55453,UPI,Failed,POS
55454,UPI,Failed,Online
55455,Wallet,Successful,Online
55456,Credit Card,Successful,Online
55457,Debit Card,Successful,Online
55458,UPI,Successful,Online
55459,UPI,Successful,Online
55460,Debit Card,Successful,POS
55461,Credit Card,Successful,Online
55462,UPI,Successful,Online
55463,Credit Card,Failed,Online
55464,Credit Card,Failed,Online
55465,Net Banking,Successful,POS
55466,UPI,Successful,POS
55467,Credit Card,Refunded,Online
55468,Debit Card,Failed,Online
55469,Wallet,Successful,POS
55470,Debit Card,Successful,POS
55471,UPI,Refunded,POS
55472,Debit Card,Successful,Online
55473,Debit Card,Failed,POS
55474,Debit Card,Successful,Online
55475,Net Banking,Successful,Online
55476,Net Banking,Failed,Online
55477,UPI,Successful,POS
55478,UPI,Refunded,Online
55479,Debit Card,Successful,Online
55480,UPI,Successful,Online
55481,UPI,Successful,Online
55482,Credit Card,Refunded,POS
55483,Debit Card,Refunded,Online
55484,UPI,Failed,Online
55485,Debit Card,Refunded,Online
55486,UPI,Successful,POS
55487,UPI,Successful,Online
55488,UPI,Refunded,Online
55489,UPI,Refunded,Online
55490,Net Banking,Failed,Online
55491,Net Banking,Successful,Online
55492,Debit Card,Refunded,Online
55493,UPI,Successful,Online
55494,Credit Card,Successful,Online
55495,UPI,Successful,Online
55496,UPI,Refunded,POS
55497,Credit Card,Successful,Online
55498,Debit Card,Successful,Online
55499,UPI,Refunded,Online
55500,UPI,Failed,Online
55501,Net Banking,Refunded,Online
55502,Credit Card,Refunded,POS
55503,Net Banking,Failed,Online
55504,Wallet,Failed,POS
55505,Credit Card,Successful,POS
55506,UPI,Successful,POS
55507,Debit Card,Successful,Online
55508,UPI,Failed,Online
55509,UPI,Successful,POS
55510,Debit Card,Refunded,Online
55511,Credit Card,Successful,Online
55512,UPI,Successful,Online
55513,Debit Card,Refunded,Online
55514,Debit Card,Successful,Online
55515,UPI,Successful,Online
55516,UPI,Successful,Online
55517,UPI,Refunded,POS
55518,UPI,Successful,Online
55519,Debit Card,Successful,Online
55520,Debit Card,Failed,Online
55521,Debit Card,Successful,Online
55522,UPI,Refunded,Online
55523,UPI,Successful,Online
55524,UPI,Successful,POS
55525,UPI,Refunded,POS
55526,UPI,Successful,Online
55527,Credit Card,Successful,Online
55528,UPI,Successful,POS
55529,Debit Card,Successful,Online
55530,Debit Card,Successful,POS
55531,Credit Card,Failed,Online
55532,UPI,Failed,Online
55533,Net Banking,Successful,Online
55534,Wallet,Refunded,Online
55535,UPI,Successful,Online
55536,Debit Card,Failed,Online
55537,Net Banking,Successful,POS
55538,Credit Card,Refunded,Online
55539,UPI,Refunded,Online
55540,Credit Card,Successful,Online
55541,Credit Card,Successful,Online
55542,Credit Card,Failed,Online
55543,Net Banking,Successful,Online
55544,Debit Card,Successful,POS
55545,UPI,Refunded,Online
55546,Credit Card,Failed,Online
55547,Debit Card,Successful,Online
55548,UPI,Refunded,Online
55549,UPI,Refunded,POS
55550,Net Banking,Successful,POS
55551,Credit Card,Successful,Online
55552,UPI,Failed,Online
55553,UPI,Successful,Online
55554,Credit Card,Refunded,Online
55555,Credit Card,Successful,POS
55556,UPI,Successful,Online
55557,Credit Card,Refunded,Online
55558,UPI,Successful,Online
55559,UPI,Refunded,POS
55560,Credit Card,Successful,Online
55561,UPI,Failed,Online
55562,Net Banking,Refunded,Online
55563,UPI,Failed,POS
55564,Debit Card,Successful,Online
55565,Credit Card,Successful,Online
55566,Credit Card,Failed,Online
55567,Debit Card,Failed,Online
55568,Credit Card,Refunded,POS
55569,Debit Card,Successful,Online
55570,Credit Card,Failed,Online
55571,Credit Card,Successful,Online
55572,Debit Card,Refunded,POS
55573,Credit Card,Refunded,Online
55574,Credit Card,Successful,Online
55575,Debit Card,Successful,Online
55576,Wallet,Failed,POS
55577,UPI,Failed,Online
55578,Credit Card,Successful,POS
55579,UPI,Successful,Online
55580,UPI,Successful,POS
55581,Credit Card,Successful,POS
55582,Net Banking,Refunded,Online
55583,Credit Card,Failed,Online
55584,Debit Card,Successful,POS
55585,UPI,Refunded,Online
55586,Credit Card,Refunded,Online
55587,Net Banking,Failed,Online
55588,UPI,Successful,POS
55589,UPI,Failed,Online
55590,Credit Card,Successful,Online
55591,Debit Card,Failed,Online
55592,Credit Card,Refunded,Online
55593,Credit Card,Successful,POS
55594,Debit Card,Refunded,Online
55595,UPI,Refunded,Online
55596,Debit Card,Successful,Online
55597,UPI,Refunded,Online
55598,Credit Card,Refunded,POS
55599,Debit Card,Refunded,POS
55600,Net Banking,Successful,Online
55601,Debit Card,Successful,POS
55602,Debit Card,Successful,Online
55603,UPI,Successful,Online
55604,UPI,Successful,Online
55605,UPI,Successful,Online
55606,Net Banking,Successful,Online
55607,Net Banking,Successful,Online
55608,Wallet,Failed,POS
55609,UPI,Failed,Online
55610,Credit Card,Refunded,Online
55611,Credit Card,Successful,Online
55612,Debit Card,Successful,POS
55613,Credit Card,Refunded,Online
55614,Debit Card,Successful,POS
55615,UPI,Failed,Online
55616,UPI,Successful,Online
55617,UPI,Successful,Online
55618,UPI,Successful,Online
55619,UPI,Refunded,Online
55620,UPI,Refunded,Online
55621,UPI,Successful,Online
55622,Credit Card,Successful,POS
55623,Net Banking,Refunded,Online
55624,Net Banking,Successful,Online
55625,UPI,Failed,Online
55626,UPI,Refunded,Online
55627,UPI,Successful,Online
55628,Wallet,Refunded,POS
55629,Credit Card,Failed,POS
55630,UPI,Successful,POS
55631,Net Banking,Successful,Online
55632,Credit Card,Successful,Online
55633,Net Banking,Refunded,Online
55634,UPI,Successful,POS
55635,Credit Card,Successful,POS
55636,Credit Card,Successful,Online
55637,Net Banking,Refunded,Online
55638,Net Banking,Successful,Online
55639,Credit Card,Successful,Online
55640,UPI,Failed,Online
55641,Credit Card,Successful,Online
55642,Wallet,Refunded,POS
55643,Credit Card,Failed,Online
55644,Debit Card,Successful,Online
55645,Credit Card,Failed,Online
55646,Credit Card,Failed,Online
55647,Credit Card,Successful,POS
55648,Debit Card,Refunded,POS
55649,Net Banking,Successful,Online
55650,Credit Card,Failed,Online
55651,Credit Card,Successful,Online
55652,UPI,Successful,Online
55653,UPI,Successful,Online
55654,Net Banking,Failed,Online
55655,UPI,Successful,POS
55656,Debit Card,Successful,Online
55657,Debit Card,Failed,POS
55658,Debit Card,Successful,Online
55659,Net Banking,Successful,Online
55660,Credit Card,Successful,Online
55661,Net Banking,Failed,POS
55662,UPI,Successful,Online
55663,Credit Card,Successful,POS
55664,Debit Card,Successful,Online
55665,UPI,Failed,Online
55666,Debit Card,Successful,Online
55667,Debit Card,Failed,Online
55668,Net Banking,Successful,Online
55669,UPI,Failed,POS
55670,Debit Card,Successful,Online
55671,UPI,Successful,Online
55672,Debit Card,Successful,POS
55673,Credit Card,Successful,Online
55674,Credit Card,Successful,Online
55675,Credit Card,Failed,Online
55676,UPI,Successful,Online
55677,UPI,Successful,POS
55678,UPI,Refunded,Online
55679,Credit Card,Successful,Online
55680,Net Banking,Failed,POS
55681,UPI,Successful,Online
55682,UPI,Successful,Online
55683,Credit Card,Failed,POS
55684,Debit Card,Successful,POS
55685,UPI,Refunded,Online
55686,UPI,Refunded,Online
55687,UPI,Successful,Online
55688,Credit Card,Refunded,POS
55689,UPI,Failed,POS
55690,UPI,Refunded,Online
55691,Debit Card,Failed,Online
55692,Credit Card,Successful,Online
55693,UPI,Successful,Online
55694,Credit Card,Successful,POS
55695,Credit Card,Refunded,Online
55696,Net Banking,Successful,Online
55697,UPI,Refunded,Online
55698,Debit Card,Successful,POS
55699,Debit Card,Refunded,Online
55700,UPI,Failed,POS
55701,Net Banking,Failed,Online
55702,Credit Card,Successful,Online
55703,Debit Card,Successful,Online
55704,UPI,Successful,POS
55705,UPI,Successful,Online
55706,Credit Card,Successful,POS
55707,UPI,Successful,Online
55708,Credit Card,Successful,POS
55709,UPI,Successful,POS
55710,Credit Card,Refunded,POS
55711,Credit Card,Successful,Online
55712,UPI,Failed,Online
55713,Credit Card,Refunded,POS
55714,Credit Card,Successful,Online
55715,UPI,Failed,Online
55716,UPI,Successful,Online
55717,UPI,Successful,Online
55718,UPI,Refunded,Online
55719,Net Banking,Successful,Online
55720,Credit Card,Successful,Online
55721,UPI,Successful,Online
55722,UPI,Failed,Online
55723,UPI,Refunded,Online
55724,Credit Card,Refunded,Online
55725,UPI,Failed,Online
55726,Credit Card,Refunded,Online
55727,UPI,Successful,Online
55728,Debit Card,Successful,Online
55729,UPI,Successful,POS
55730,Credit Card,Refunded,Online
55731,Debit Card,Successful,Online
55732,Credit Card,Successful,Online
55733,Debit Card,Successful,Online
55734,Debit Card,Failed,Online
55735,Credit Card,Successful,Online
55736,Credit Card,Successful,Online
55737,Wallet,Failed,Online
55738,Debit Card,Successful,POS
55739,Net Banking,Successful,Online
55740,UPI,Refunded,Online
55741,Credit Card,Failed,Online
55742,Net Banking,Successful,Online
55743,UPI,Successful,Online
55744,Wallet,Successful,Online
55745,UPI,Failed,Online
55746,Net Banking,Successful,POS
55747,Credit Card,Successful,POS
55748,UPI,Successful,Online
55749,Net Banking,Successful,Online
55750,UPI,Successful,Online
55751,UPI,Refunded,Online
55752,UPI,Successful,POS
55753,Debit Card,Failed,Online
55754,Wallet,Successful,Online
55755,UPI,Refunded,Online
55756,Credit Card,Successful,Online
55757,UPI,Successful,POS
55758,Debit Card,Successful,Online
55759,UPI,Successful,Online
55760,UPI,Successful,Online
55761,UPI,Successful,Online
55762,Credit Card,Failed,Online
55763,Net Banking,Refunded,Online
55764,Credit Card,Successful,Online
55765,UPI,Successful,POS
55766,Credit Card,Successful,Online
55767,Debit Card,Successful,Online
55768,UPI,Refunded,Online
55769,UPI,Failed,Online
55770,UPI,Failed,Online
55771,Debit Card,Successful,POS
55772,Credit Card,Failed,POS
55773,Credit Card,Successful,Online
55774,UPI,Refunded,Online
55775,UPI,Successful,POS
55776,Wallet,Successful,Online
55777,UPI,Refunded,Online
55778,Net Banking,Successful,POS
55779,Credit Card,Successful,Online
55780,UPI,Successful,Online
55781,Credit Card,Refunded,POS
55782,Wallet,Failed,POS
55783,Credit Card,Successful,POS
55784,Net Banking,Successful,Online
55785,UPI,Refunded,Online
55786,Credit Card,Failed,POS
55787,Net Banking,Refunded,Online
55788,Net Banking,Successful,Online
55789,Credit Card,Successful,Online
55790,Credit Card,Successful,POS
55791,UPI,Successful,Online
55792,UPI,Successful,POS
55793,UPI,Failed,POS
55794,UPI,Successful,Online
55795,UPI,Successful,Online
55796,UPI,Refunded,Online
55797,Wallet,Refunded,Online
55798,Debit Card,Successful,POS
55799,Credit Card,Successful,Online
55800,Wallet,Refunded,Online
55801,UPI,Failed,POS
55802,Credit Card,Refunded,Online
55803,Credit Card,Successful,Online
55804,UPI,Successful,Online
55805,Debit Card,Successful,Online
55806,UPI,Successful,Online
55807,UPI,Failed,Online
55808,UPI,Successful,POS
55809,Net Banking,Refunded,Online
55810,Debit Card,Successful,Online
55811,Debit Card,Successful,Online
55812,Credit Card,Failed,Online
55813,UPI,Failed,Online
55814,Credit Card,Refunded,Online
55815,Credit Card,Refunded,POS
55816,UPI,Successful,Online
55817,Debit Card,Successful,Online
55818,UPI,Refunded,Online
55819,UPI,Failed,Online
55820,Debit Card,Successful,Online
55821,Debit Card,Successful,Online
55822,Credit Card,Failed,Online
55823,Credit Card,Refunded,POS
55824,Credit Card,Failed,Online
55825,Debit Card,Refunded,Online
55826,Debit Card,Failed,Online
55827,Credit Card,Failed,Online
55828,Wallet,Successful,Online
55829,Wallet,Refunded,Online
55830,Credit Card,Successful,POS
55831,Net Banking,Successful,Online
55832,Credit Card,Successful,Online
55833,Credit Card,Successful,Online
55834,UPI,Successful,Online
55835,Credit Card,Successful,Online
55836,Net Banking,Successful,Online
55837,Debit Card,Successful,POS
55838,Debit Card,Successful,Online
55839,UPI,Successful,Online
55840,UPI,Successful,Online
55841,UPI,Successful,POS
55842,UPI,Successful,Online
55843,Credit Card,Failed,Online
55844,UPI,Failed,Online
55845,Credit Card,Refunded,POS
55846,Credit Card,Successful,POS
55847,UPI,Successful,POS
55848,UPI,Failed,POS
55849,Net Banking,Successful,POS
55850,UPI,Successful,Online
55851,UPI,Failed,Online
55852,Net Banking,Successful,Online
55853,Wallet,Failed,Online
55854,Debit Card,Successful,POS
55855,UPI,Failed,Online
55856,UPI,Failed,POS
55857,Wallet,Successful,Online
55858,Debit Card,Failed,Online
55859,Credit Card,Failed,Online
55860,UPI,Successful,Online
55861,UPI,Failed,Online
55862,UPI,Successful,POS
55863,Credit Card,Successful,POS
55864,UPI,Successful,Online
55865,Wallet,Successful,Online
55866,UPI,Successful,POS
55867,Debit Card,Successful,POS
55868,UPI,Failed,Online
55869,Credit Card,Refunded,Online
55870,UPI,Refunded,Online
55871,Debit Card,Successful,Online
55872,Credit Card,Successful,Online
55873,UPI,Refunded,Online
55874,Net Banking,Refunded,Online
55875,Credit Card,Successful,Online
55876,Net Banking,Refunded,Online
55877,Net Banking,Successful,POS
55878,Net Banking,Successful,POS
55879,UPI,Successful,POS
55880,UPI,Successful,Online
55881,Wallet,Successful,Online
55882,Credit Card,Refunded,Online
55883,UPI,Successful,Online
55884,Debit Card,Successful,Online
55885,UPI,Successful,POS
55886,Debit Card,Refunded,Online
55887,Net Banking,Successful,Online
55888,Debit Card,Refunded,POS
55889,UPI,Successful,POS
55890,Credit Card,Failed,POS
55891,Credit Card,Successful,Online
55892,Credit Card,Successful,POS
55893,UPI,Successful,Online
55894,Credit Card,Failed,Online
55895,Credit Card,Successful,Online
55896,Credit Card,Successful,Online
55897,Debit Card,Refunded,Online
55898,Credit Card,Successful,Online
55899,UPI,Successful,POS
55900,Debit Card,Failed,POS
55901,Debit Card,Successful,Online
55902,UPI,Successful,Online
55903,Credit Card,Successful,POS
55904,UPI,Successful,Online
55905,UPI,Successful,POS
55906,Net Banking,Refunded,Online
55907,Net Banking,Successful,Online
55908,Credit Card,Successful,Online
55909,Debit Card,Failed,POS
55910,Net Banking,Failed,Online
55911,Wallet,Failed,Online
55912,Credit Card,Failed,Online
55913,Credit Card,Failed,Online
55914,Credit Card,Successful,POS
55915,UPI,Successful,Online
55916,Credit Card,Refunded,Online
55917,Debit Card,Failed,POS
55918,Debit Card,Successful,Online
55919,Net Banking,Successful,Online
55920,UPI,Successful,POS
55921,Credit Card,Failed,POS
55922,UPI,Successful,POS
55923,UPI,Refunded,Online
55924,Net Banking,Successful,Online
55925,Credit Card,Refunded,Online
55926,Debit Card,Failed,Online
55927,UPI,Successful,Online
55928,Credit Card,Successful,Online
55929,Debit Card,Successful,Online
55930,UPI,Failed,Online
55931,UPI,Successful,Online
55932,UPI,Successful,Online
55933,Debit Card,Refunded,Online
55934,Wallet,Refunded,Online
55935,Net Banking,Successful,Online
55936,Wallet,Successful,Online
55937,Net Banking,Failed,POS
55938,Net Banking,Successful,POS
55939,Credit Card,Successful,Online
55940,Credit Card,Successful,Online
55941,Credit Card,Successful,Online
55942,Debit Card,Failed,Online
55943,UPI,Successful,Online
55944,UPI,Successful,Online
55945,Wallet,Refunded,Online
55946,UPI,Successful,Online
55947,Wallet,Successful,Online
55948,Debit Card,Successful,POS
55949,UPI,Failed,Online
55950,Debit Card,Failed,POS
55951,Debit Card,Successful,Online
55952,UPI,Refunded,Online
55953,Debit Card,Successful,Online
55954,Debit Card,Successful,Online
55955,UPI,Refunded,POS
55956,UPI,Successful,Online
55957,UPI,Refunded,POS
55958,UPI,Refunded,Online
55959,UPI,Failed,Online
55960,Debit Card,Successful,Online
55961,UPI,Failed,POS
55962,Net Banking,Failed,Online
55963,UPI,Successful,Online
55964,Credit Card,Failed,Online
55965,Credit Card,Refunded,Online
55966,Net Banking,Successful,POS
55967,Credit Card,Successful,POS
55968,UPI,Successful,POS
55969,Net Banking,Failed,Online
55970,UPI,Successful,Online
55971,UPI,Refunded,Online
55972,Credit Card,Failed,Online
55973,Debit Card,Refunded,Online
55974,UPI,Refunded,Online
55975,Credit Card,Successful,Online
55976,Credit Card,Successful,POS
55977,Net Banking,Successful,Online
55978,UPI,Successful,Online
55979,UPI,Successful,Online
55980,Credit Card,Failed,Online
55981,UPI,Successful,Online
55982,Debit Card,Successful,Online
55983,Credit Card,Refunded,POS
55984,Debit Card,Failed,Online
55985,Net Banking,Failed,Online
55986,Net Banking,Refunded,Online
55987,Credit Card,Refunded,POS
55988,Wallet,Successful,Online
55989,UPI,Failed,Online
55990,Debit Card,Successful,POS
55991,Credit Card,Successful,Online
55992,Debit Card,Successful,POS
55993,Credit Card,Successful,Online
55994,Debit Card,Successful,Online
55995,Net Banking,Failed,Online
55996,Debit Card,Failed,Online
55997,Debit Card,Successful,Online
55998,UPI,Failed,Online
55999,UPI,Successful,Online
56000,Wallet,Failed,POS
56001,Debit Card,Refunded,Online
56002,Credit Card,Failed,Online
56003,UPI,Successful,Online
56004,UPI,Successful,Online
56005,UPI,Failed,Online
56006,Credit Card,Successful,Online
56007,UPI,Successful,POS
56008,UPI,Failed,Online
56009,Credit Card,Failed,POS
56010,Credit Card,Refunded,POS
56011,UPI,Successful,Online
56012,Credit Card,Failed,Online
56013,Net Banking,Successful,Online
56014,Credit Card,Successful,Online
56015,Net Banking,Failed,Online
56016,Net Banking,Successful,Online
56017,UPI,Successful,Online
56018,UPI,Refunded,POS
56019,Credit Card,Successful,Online
56020,Credit Card,Successful,Online
56021,Credit Card,Successful,POS
56022,UPI,Refunded,Online
56023,Credit Card,Refunded,Online
56024,UPI,Successful,Online
56025,Wallet,Refunded,Online
56026,UPI,Refunded,Online
56027,Net Banking,Refunded,POS
56028,UPI,Successful,POS
56029,UPI,Successful,Online
56030,UPI,Failed,Online
56031,Wallet,Failed,Online
56032,UPI,Successful,Online
56033,Credit Card,Refunded,Online
56034,Net Banking,Successful,Online
56035,Debit Card,Successful,Online
56036,UPI,Failed,POS
56037,Wallet,Refunded,Online
56038,Net Banking,Failed,Online
56039,Credit Card,Successful,POS
56040,Credit Card,Refunded,Online
56041,Wallet,Successful,Online
56042,Wallet,Successful,POS
56043,Credit Card,Failed,Online
56044,Net Banking,Refunded,Online
56045,UPI,Refunded,Online
56046,UPI,Successful,Online
56047,UPI,Successful,Online
56048,UPI,Successful,Online
56049,Debit Card,Successful,Online
56050,Credit Card,Refunded,POS
56051,UPI,Refunded,POS
56052,Credit Card,Failed,Online
56053,UPI,Successful,POS
56054,Wallet,Successful,Online
56055,Net Banking,Refunded,POS
56056,Credit Card,Successful,Online
56057,Net Banking,Successful,Online
56058,UPI,Successful,Online
56059,Debit Card,Successful,POS
56060,Wallet,Successful,Online
56061,Credit Card,Refunded,POS
56062,Debit Card,Successful,Online
56063,UPI,Failed,Online
56064,UPI,Successful,Online
56065,Credit Card,Successful,Online
56066,Wallet,Successful,POS
56067,Credit Card,Refunded,Online
56068,Net Banking,Successful,POS
56069,Net Banking,Successful,Online
56070,UPI,Refunded,Online
56071,Credit Card,Successful,Online
56072,Credit Card,Failed,Online
56073,Credit Card,Successful,Online
56074,UPI,Failed,Online
56075,Wallet,Failed,Online
56076,Debit Card,Refunded,POS
56077,Credit Card,Successful,Online
56078,Credit Card,Failed,POS
56079,UPI,Successful,Online
56080,Credit Card,Successful,Online
56081,Net Banking,Refunded,Online
56082,Net Banking,Failed,POS
56083,UPI,Refunded,Online
56084,Credit Card,Successful,Online
56085,Debit Card,Refunded,Online
56086,UPI,Successful,Online
56087,UPI,Refunded,Online
56088,Credit Card,Successful,Online
56089,Credit Card,Successful,Online
56090,UPI,Successful,Online
56091,UPI,Successful,Online
56092,UPI,Successful,POS
56093,UPI,Successful,Online
56094,Credit Card,Failed,Online
56095,UPI,Refunded,Online
56096,UPI,Successful,Online
56097,Net Banking,Successful,POS
56098,UPI,Failed,Online
56099,Credit Card,Successful,Online
56100,Wallet,Refunded,Online
56101,Credit Card,Failed,Online
56102,Debit Card,Successful,POS
56103,Credit Card,Refunded,Online
56104,UPI,Successful,Online
56105,Credit Card,Successful,POS
56106,Credit Card,Refunded,POS
56107,UPI,Successful,Online
56108,Credit Card,Successful,POS
56109,Net Banking,Refunded,POS
56110,UPI,Failed,Online
56111,Credit Card,Successful,Online
56112,Credit Card,Refunded,Online
56113,Debit Card,Successful,Online
56114,Net Banking,Successful,Online
56115,Debit Card,Refunded,Online
56116,UPI,Failed,Online
56117,UPI,Refunded,POS
56118,UPI,Refunded,POS
56119,Debit Card,Successful,POS
56120,Debit Card,Successful,Online
56121,Wallet,Refunded,Online
56122,Credit Card,Successful,Online
56123,Credit Card,Successful,Online
56124,Credit Card,Successful,Online
56125,UPI,Successful,Online
56126,Credit Card,Refunded,Online
56127,Credit Card,Successful,POS
56128,Wallet,Successful,Online
56129,UPI,Successful,Online
56130,Wallet,Failed,Online
56131,Credit Card,Failed,Online
56132,UPI,Successful,Online
56133,UPI,Successful,Online
56134,UPI,Successful,Online
56135,Credit Card,Refunded,Online
56136,UPI,Refunded,Online
56137,Credit Card,Failed,POS
56138,Wallet,Successful,POS
56139,Debit Card,Successful,Online
56140,Debit Card,Refunded,Online
56141,UPI,Failed,Online
56142,Credit Card,Refunded,Online
56143,UPI,Refunded,Online
56144,Net Banking,Successful,Online
56145,UPI,Successful,Online
56146,Credit Card,Successful,Online
56147,Credit Card,Successful,Online
56148,Credit Card,Refunded,Online
56149,Net Banking,Failed,POS
56150,UPI,Refunded,Online
56151,UPI,Failed,Online
56152,Debit Card,Successful,Online
56153,Credit Card,Successful,Online
56154,Credit Card,Successful,POS
56155,UPI,Refunded,Online
56156,Debit Card,Failed,Online
56157,Wallet,Successful,Online
56158,Credit Card,Failed,Online
56159,Net Banking,Failed,Online
56160,Credit Card,Successful,POS
56161,UPI,Successful,Online
56162,UPI,Successful,POS
56163,Debit Card,Successful,Online
56164,Credit Card,Successful,Online
56165,Debit Card,Successful,Online
56166,Debit Card,Successful,POS
56167,Wallet,Successful,Online
56168,Credit Card,Successful,Online
56169,Credit Card,Successful,Online
56170,UPI,Failed,POS
56171,Credit Card,Successful,Online
56172,Net Banking,Successful,Online
56173,UPI,Refunded,POS
56174,Wallet,Refunded,POS
56175,Wallet,Successful,Online
56176,Credit Card,Successful,Online
56177,UPI,Successful,Online
56178,UPI,Refunded,POS
56179,UPI,Failed,POS
56180,UPI,Successful,Online
56181,Credit Card,Failed,Online
56182,UPI,Refunded,Online
56183,Debit Card,Failed,Online
56184,UPI,Successful,Online
56185,UPI,Refunded,Online
56186,Credit Card,Failed,POS
56187,Wallet,Successful,Online
56188,Debit Card,Successful,POS
56189,Credit Card,Successful,Online
56190,Debit Card,Refunded,Online
56191,Debit Card,Refunded,POS
56192,Net Banking,Refunded,Online
56193,UPI,Successful,Online
56194,Net Banking,Successful,POS
56195,UPI,Refunded,Online
56196,Wallet,Failed,Online
56197,UPI,Successful,Online
56198,Net Banking,Refunded,Online
56199,Wallet,Successful,POS
56200,UPI,Successful,Online
56201,Wallet,Successful,Online
56202,UPI,Successful,Online
56203,UPI,Refunded,Online
56204,Credit Card,Successful,POS
56205,Wallet,Failed,Online
56206,Credit Card,Refunded,Online
56207,Credit Card,Failed,Online
56208,Debit Card,Failed,Online
56209,Wallet,Successful,Online
56210,Debit Card,Successful,Online
56211,UPI,Successful,POS
56212,UPI,Successful,Online
56213,UPI,Successful,Online
56214,Credit Card,Successful,Online
56215,UPI,Successful,POS
56216,UPI,Refunded,POS
56217,Net Banking,Successful,Online
56218,UPI,Refunded,Online
56219,Credit Card,Successful,Online
56220,Credit Card,Successful,POS
56221,UPI,Failed,POS
56222,UPI,Successful,Online
56223,Credit Card,Successful,Online
56224,Net Banking,Successful,POS
56225,UPI,Successful,Online
56226,UPI,Successful,POS
56227,Debit Card,Successful,Online
56228,Debit Card,Refunded,Online
56229,Debit Card,Successful,POS
56230,Wallet,Refunded,POS
56231,Debit Card,Successful,Online
56232,Credit Card,Successful,Online
56233,Net Banking,Refunded,Online
56234,Credit Card,Successful,POS
56235,UPI,Successful,Online
56236,UPI,Successful,Online
56237,UPI,Successful,Online
56238,UPI,Successful,POS
56239,UPI,Successful,Online
56240,UPI,Successful,Online
56241,Net Banking,Failed,Online
56242,Net Banking,Successful,Online
56243,Credit Card,Failed,POS
56244,Net Banking,Successful,Online
56245,UPI,Refunded,Online
56246,Net Banking,Failed,POS
56247,Credit Card,Refunded,Online
56248,UPI,Refunded,Online
56249,UPI,Successful,Online
56250,UPI,Successful,Online
56251,UPI,Successful,Online
56252,UPI,Failed,Online
56253,UPI,Successful,POS
56254,UPI,Failed,POS
56255,UPI,Successful,Online
56256,Wallet,Successful,Online
56257,UPI,Successful,Online
56258,UPI,Failed,Online
56259,Debit Card,Successful,POS
56260,Net Banking,Successful,Online
56261,Credit Card,Refunded,Online
56262,Net Banking,Failed,Online
56263,UPI,Refunded,POS
56264,UPI,Successful,POS
56265,UPI,Successful,Online
56266,Credit Card,Successful,Online
56267,UPI,Successful,Online
56268,Debit Card,Successful,POS
56269,UPI,Failed,Online
56270,Debit Card,Successful,Online
56271,UPI,Failed,Online
56272,Credit Card,Refunded,Online
56273,Credit Card,Refunded,Online
56274,Debit Card,Failed,Online
56275,UPI,Refunded,Online
56276,Net Banking,Refunded,Online
56277,Debit Card,Successful,POS
56278,UPI,Failed,Online
56279,Wallet,Failed,Online
56280,Debit Card,Successful,Online
56281,Credit Card,Successful,Online
56282,UPI,Successful,Online
56283,Credit Card,Successful,Online
56284,UPI,Successful,Online
56285,Credit Card,Failed,Online
56286,Credit Card,Successful,Online
56287,Debit Card,Successful,Online
56288,UPI,Refunded,POS
56289,Net Banking,Successful,Online
56290,UPI,Refunded,Online
56291,Credit Card,Failed,Online
56292,Debit Card,Failed,Online
56293,Credit Card,Failed,POS
56294,UPI,Refunded,Online
56295,Credit Card,Failed,Online
56296,UPI,Failed,Online
56297,Credit Card,Refunded,Online
56298,UPI,Failed,Online
56299,Debit Card,Successful,Online
56300,Credit Card,Successful,Online
56301,UPI,Successful,Online
56302,UPI,Failed,POS
56303,UPI,Failed,Online
56304,Credit Card,Failed,Online
56305,Credit Card,Failed,Online
56306,Credit Card,Refunded,Online
56307,Debit Card,Successful,Online
56308,UPI,Refunded,Online
56309,Wallet,Refunded,Online
56310,UPI,Failed,POS
56311,UPI,Successful,POS
56312,Debit Card,Successful,Online
56313,Debit Card,Successful,Online
56314,UPI,Successful,Online
56315,Debit Card,Successful,Online
56316,Net Banking,Refunded,Online
56317,Debit Card,Successful,POS
56318,UPI,Successful,Online
56319,Net Banking,Successful,POS
56320,Debit Card,Successful,POS
56321,Debit Card,Successful,Online
56322,Debit Card,Successful,Online
56323,Wallet,Successful,Online
56324,Credit Card,Successful,Online
56325,UPI,Successful,Online
56326,Credit Card,Failed,Online
56327,UPI,Successful,Online
56328,UPI,Successful,Online
56329,Credit Card,Successful,Online
56330,UPI,Successful,POS
56331,Debit Card,Successful,Online
56332,Net Banking,Failed,Online
56333,Credit Card,Failed,Online
56334,Net Banking,Successful,Online
56335,UPI,Successful,Online
56336,Net Banking,Successful,Online
56337,Net Banking,Successful,Online
56338,UPI,Successful,Online
56339,UPI,Failed,Online
56340,UPI,Refunded,Online
56341,Debit Card,Successful,Online
56342,Net Banking,Successful,Online
56343,UPI,Refunded,POS
56344,Credit Card,Successful,POS
56345,UPI,Successful,Online
56346,Credit Card,Failed,Online
56347,Wallet,Refunded,Online
56348,UPI,Failed,POS
56349,Wallet,Successful,Online
56350,Net Banking,Successful,Online
56351,Wallet,Failed,Online
56352,UPI,Refunded,Online
56353,UPI,Successful,Online
56354,UPI,Successful,Online
56355,Debit Card,Successful,Online
56356,Credit Card,Successful,Online
56357,UPI,Successful,Online
56358,Debit Card,Successful,Online
56359,UPI,Failed,Online
56360,UPI,Successful,Online
56361,Credit Card,Successful,Online
56362,UPI,Failed,Online
56363,UPI,Refunded,Online
56364,UPI,Successful,Online
56365,Net Banking,Successful,POS
56366,Debit Card,Refunded,Online
56367,Credit Card,Successful,Online
56368,Debit Card,Successful,Online
56369,Credit Card,Successful,Online
56370,UPI,Successful,POS
56371,Debit Card,Successful,POS
56372,Debit Card,Successful,POS
56373,Credit Card,Successful,Online
56374,Credit Card,Successful,Online
56375,Debit Card,Successful,Online
56376,Credit Card,Successful,Online
56377,Net Banking,Refunded,Online
56378,UPI,Refunded,Online
56379,Net Banking,Failed,Online
56380,UPI,Successful,Online
56381,UPI,Refunded,POS
56382,Credit Card,Failed,POS
56383,UPI,Successful,Online
56384,Debit Card,Failed,Online
56385,Credit Card,Refunded,Online
56386,Debit Card,Failed,Online
56387,UPI,Successful,Online
56388,UPI,Failed,Online
56389,Credit Card,Successful,Online
56390,Credit Card,Successful,POS
56391,Debit Card,Failed,Online
56392,Credit Card,Successful,Online
56393,Wallet,Failed,Online
56394,Debit Card,Failed,Online
56395,Net Banking,Failed,POS
56396,UPI,Successful,POS
56397,UPI,Successful,POS
56398,UPI,Failed,POS
56399,UPI,Failed,Online
56400,Credit Card,Successful,Online
56401,Credit Card,Successful,Online
56402,Credit Card,Refunded,Online
56403,Debit Card,Successful,Online
56404,Wallet,Successful,Online
56405,Net Banking,Failed,Online
56406,UPI,Failed,POS
56407,UPI,Successful,POS
56408,UPI,Refunded,Online
56409,UPI,Refunded,POS
56410,Credit Card,Successful,Online
56411,Credit Card,Successful,Online
56412,UPI,Refunded,Online
56413,Debit Card,Refunded,Online
56414,Debit Card,Successful,Online
56415,UPI,Successful,Online
56416,Credit Card,Successful,POS
56417,Net Banking,Successful,POS
56418,Credit Card,Refunded,POS
56419,UPI,Failed,Online
56420,UPI,Refunded,Online
56421,UPI,Refunded,Online
56422,UPI,Successful,Online
56423,Debit Card,Successful,POS
56424,UPI,Successful,Online
56425,UPI,Successful,Online
56426,UPI,Successful,Online
56427,Debit Card,Refunded,Online
56428,UPI,Successful,Online
56429,UPI,Successful,Online
56430,Credit Card,Refunded,Online
56431,Credit Card,Refunded,Online
56432,UPI,Successful,POS
56433,UPI,Refunded,Online
56434,Debit Card,Refunded,Online
56435,Wallet,Successful,Online
56436,UPI,Successful,Online
56437,UPI,Successful,POS
56438,UPI,Successful,Online
56439,Debit Card,Successful,POS
56440,Credit Card,Successful,POS
56441,Debit Card,Refunded,POS
56442,Debit Card,Successful,Online
56443,Net Banking,Successful,Online
56444,Net Banking,Successful,Online
56445,Debit Card,Successful,POS
56446,Credit Card,Successful,Online
56447,UPI,Successful,POS
56448,Credit Card,Successful,Online
56449,Credit Card,Successful,Online
56450,Credit Card,Refunded,Online
56451,UPI,Successful,Online
56452,Debit Card,Failed,Online
56453,Credit Card,Successful,Online
56454,Credit Card,Refunded,Online
56455,UPI,Successful,POS
56456,Credit Card,Failed,POS
56457,UPI,Successful,Online
56458,Net Banking,Successful,Online
56459,Credit Card,Successful,Online
56460,UPI,Successful,POS
56461,UPI,Successful,POS
56462,Debit Card,Refunded,Online
56463,UPI,Refunded,Online
56464,Wallet,Successful,Online
56465,Credit Card,Failed,Online
56466,UPI,Successful,POS
56467,Debit Card,Successful,Online
56468,UPI,Refunded,Online
56469,Net Banking,Failed,Online
56470,UPI,Failed,Online
56471,Wallet,Successful,Online
56472,Credit Card,Refunded,Online
56473,Net Banking,Failed,Online
56474,UPI,Failed,Online
56475,UPI,Successful,POS
56476,Debit Card,Failed,Online
56477,Debit Card,Failed,Online
56478,UPI,Successful,POS
56479,UPI,Successful,Online
56480,UPI,Successful,Online
56481,Credit Card,Successful,Online
56482,UPI,Successful,Online
56483,UPI,Successful,Online
56484,UPI,Successful,POS
56485,Credit Card,Refunded,Online
56486,UPI,Successful,POS
56487,Wallet,Successful,Online
56488,UPI,Successful,Online
56489,Net Banking,Refunded,POS
56490,Credit Card,Refunded,Online
56491,UPI,Successful,Online
56492,UPI,Successful,Online
56493,Credit Card,Successful,Online
56494,Debit Card,Refunded,Online
56495,Credit Card,Refunded,POS
56496,UPI,Successful,POS
56497,Net Banking,Successful,Online
56498,Wallet,Successful,Online
56499,Credit Card,Successful,Online
56500,Credit Card,Failed,Online
56501,Credit Card,Refunded,Online
56502,UPI,Successful,Online
56503,UPI,Failed,Online
56504,Credit Card,Failed,Online
56505,Debit Card,Failed,POS
56506,UPI,Successful,POS
56507,Credit Card,Successful,Online
56508,Net Banking,Successful,POS
56509,UPI,Refunded,Online
56510,UPI,Refunded,POS
56511,Debit Card,Successful,Online
56512,UPI,Successful,POS
56513,UPI,Successful,Online
56514,UPI,Successful,Online
56515,Credit Card,Successful,Online
56516,Net Banking,Refunded,Online
56517,Credit Card,Successful,Online
56518,Credit Card,Refunded,POS
56519,Credit Card,Successful,Online
56520,Wallet,Successful,POS
56521,UPI,Successful,Online
56522,UPI,Failed,Online
56523,Wallet,Refunded,Online
56524,Wallet,Refunded,Online
56525,UPI,Successful,Online
56526,UPI,Refunded,POS
56527,Credit Card,Successful,Online
56528,UPI,Failed,Online
56529,Debit Card,Successful,Online
56530,UPI,Successful,POS
56531,UPI,Successful,Online
56532,Credit Card,Successful,Online
56533,Wallet,Successful,Online
56534,Credit Card,Refunded,Online
56535,UPI,Successful,Online
56536,Wallet,Successful,Online
56537,Credit Card,Successful,POS
56538,UPI,Refunded,Online
56539,Credit Card,Successful,POS
56540,UPI,Successful,Online
56541,Credit Card,Successful,Online
56542,Credit Card,Failed,Online
56543,UPI,Failed,Online
56544,UPI,Successful,Online
56545,UPI,Successful,POS
56546,Credit Card,Successful,POS
56547,UPI,Failed,Online
56548,UPI,Failed,Online
56549,Wallet,Successful,Online
56550,Credit Card,Successful,Online
56551,UPI,Refunded,POS
56552,Debit Card,Successful,POS
56553,UPI,Refunded,Online
56554,Debit Card,Successful,Online
56555,Debit Card,Successful,Online
56556,Debit Card,Successful,Online
56557,Debit Card,Successful,Online
56558,UPI,Refunded,Online
56559,Debit Card,Failed,POS
56560,UPI,Failed,POS
56561,UPI,Successful,POS
56562,Wallet,Failed,POS
56563,Credit Card,Successful,Online
56564,Wallet,Successful,Online
56565,UPI,Failed,Online
56566,Credit Card,Successful,Online
56567,UPI,Successful,Online
56568,Credit Card,Refunded,Online
56569,UPI,Refunded,POS
56570,UPI,Successful,POS
56571,UPI,Successful,POS
56572,Debit Card,Refunded,Online
56573,UPI,Successful,Online
56574,Net Banking,Successful,POS
56575,UPI,Successful,Online
56576,UPI,Successful,Online
56577,Credit Card,Successful,Online
56578,Wallet,Successful,Online
56579,UPI,Successful,Online
56580,UPI,Successful,Online
56581,Debit Card,Successful,Online
56582,UPI,Failed,Online
56583,Debit Card,Successful,POS
56584,UPI,Refunded,Online
56585,Credit Card,Successful,Online
56586,UPI,Successful,Online
56587,Credit Card,Successful,Online
56588,Debit Card,Refunded,Online
56589,Debit Card,Refunded,Online
56590,Credit Card,Successful,Online
56591,Net Banking,Successful,Online
56592,UPI,Successful,Online
56593,UPI,Successful,Online
56594,Credit Card,Refunded,Online
56595,Credit Card,Successful,Online
56596,UPI,Successful,Online
56597,Credit Card,Successful,Online
56598,UPI,Successful,Online
56599,Debit Card,Successful,Online
56600,Debit Card,Successful,Online
56601,Credit Card,Successful,Online
56602,UPI,Successful,POS
56603,Credit Card,Failed,Online
56604,Debit Card,Refunded,POS
56605,UPI,Failed,Online
56606,Credit Card,Successful,Online
56607,Wallet,Successful,Online
56608,UPI,Successful,Online
56609,UPI,Successful,Online
56610,UPI,Failed,POS
56611,Credit Card,Failed,Online
56612,Wallet,Successful,Online
56613,Credit Card,Refunded,Online
56614,UPI,Successful,Online
56615,Credit Card,Successful,Online
56616,Credit Card,Successful,Online
56617,Credit Card,Failed,Online
56618,UPI,Successful,Online
56619,Credit Card,Successful,POS
56620,Credit Card,Refunded,Online
56621,UPI,Successful,Online
56622,Credit Card,Refunded,Online
56623,Wallet,Successful,Online
56624,UPI,Successful,POS
56625,Wallet,Successful,Online
56626,UPI,Successful,POS
56627,Debit Card,Successful,POS
56628,UPI,Successful,POS
56629,UPI,Successful,Online
56630,Credit Card,Successful,Online
56631,Credit Card,Refunded,POS
56632,Debit Card,Successful,Online
56633,Credit Card,Refunded,Online
56634,Credit Card,Failed,Online
56635,Net Banking,Successful,POS
56636,Credit Card,Failed,Online
56637,UPI,Successful,Online
56638,UPI,Failed,POS
56639,Credit Card,Successful,Online
56640,Debit Card,Successful,Online
56641,UPI,Successful,Online
56642,UPI,Successful,Online
56643,UPI,Successful,Online
56644,Credit Card,Successful,Online
56645,UPI,Successful,POS
56646,UPI,Failed,POS
56647,Credit Card,Successful,Online
56648,Debit Card,Successful,Online
56649,UPI,Successful,POS
56650,Credit Card,Refunded,POS
56651,UPI,Successful,Online
56652,Net Banking,Successful,Online
56653,UPI,Successful,POS
56654,Wallet,Successful,Online
56655,Wallet,Refunded,POS
56656,Debit Card,Refunded,Online
56657,UPI,Successful,POS
56658,Credit Card,Successful,Online
56659,UPI,Successful,Online
56660,Net Banking,Failed,POS
56661,Debit Card,Successful,Online
56662,Wallet,Refunded,Online
56663,Credit Card,Successful,Online
56664,Credit Card,Successful,Online
56665,Credit Card,Successful,Online
56666,Credit Card,Successful,Online
56667,Credit Card,Successful,Online
56668,Credit Card,Successful,Online
56669,Net Banking,Successful,Online
56670,Credit Card,Failed,Online
56671,Net Banking,Successful,Online
56672,Net Banking,Successful,Online
56673,Credit Card,Failed,POS
56674,UPI,Successful,Online
56675,Credit Card,Refunded,Online
56676,Credit Card,Failed,Online
56677,UPI,Failed,Online
56678,UPI,Refunded,Online
56679,Wallet,Failed,Online
56680,UPI,Successful,Online
56681,Debit Card,Successful,POS
56682,Net Banking,Successful,POS
56683,Credit Card,Refunded,Online
56684,Credit Card,Successful,POS
56685,Debit Card,Failed,Online
56686,Credit Card,Successful,Online
56687,UPI,Failed,Online
56688,Wallet,Refunded,POS
56689,Credit Card,Failed,POS
56690,Debit Card,Successful,POS
56691,Credit Card,Failed,Online
56692,UPI,Failed,Online
56693,Wallet,Failed,POS
56694,Debit Card,Failed,Online
56695,UPI,Successful,Online
56696,Wallet,Successful,Online
56697,Debit Card,Successful,Online
56698,Credit Card,Refunded,Online
56699,Credit Card,Successful,Online
56700,UPI,Successful,Online
56701,Credit Card,Refunded,POS
56702,UPI,Refunded,POS
56703,Credit Card,Failed,Online
56704,Credit Card,Successful,Online
56705,Net Banking,Successful,Online
56706,Debit Card,Successful,Online
56707,UPI,Successful,Online
56708,Net Banking,Failed,Online
56709,Credit Card,Successful,Online
56710,Credit Card,Failed,Online
56711,UPI,Successful,Online
56712,Net Banking,Refunded,Online
56713,Net Banking,Successful,Online
56714,Debit Card,Refunded,POS
56715,Wallet,Successful,POS
56716,UPI,Failed,POS
56717,Net Banking,Successful,Online
56718,Credit Card,Successful,POS
56719,UPI,Successful,Online
56720,Debit Card,Successful,Online
56721,Debit Card,Successful,Online
56722,UPI,Successful,Online
56723,UPI,Refunded,Online
56724,UPI,Failed,Online
56725,Credit Card,Failed,Online
56726,UPI,Refunded,POS
56727,UPI,Successful,Online
56728,Credit Card,Successful,Online
56729,Wallet,Refunded,Online
56730,Debit Card,Failed,Online
56731,UPI,Successful,Online
56732,Wallet,Failed,POS
56733,Credit Card,Successful,POS
56734,Credit Card,Failed,POS
56735,Credit Card,Refunded,Online
56736,Credit Card,Successful,POS
56737,UPI,Failed,Online
56738,Credit Card,Refunded,POS
56739,Credit Card,Refunded,Online
56740,Credit Card,Refunded,Online
56741,Debit Card,Successful,Online
56742,UPI,Refunded,Online
56743,Debit Card,Successful,Online
56744,Credit Card,Successful,Online
56745,Wallet,Successful,Online
56746,Credit Card,Successful,Online
56747,Net Banking,Refunded,POS
56748,Net Banking,Successful,Online
56749,Credit Card,Successful,POS
56750,Debit Card,Successful,Online
56751,UPI,Successful,Online
56752,Wallet,Refunded,Online
56753,UPI,Successful,POS
56754,Credit Card,Failed,Online
56755,UPI,Successful,Online
56756,Credit Card,Failed,Online
56757,Credit Card,Successful,POS
56758,Net Banking,Successful,Online
56759,Credit Card,Successful,Online
56760,Wallet,Successful,Online
56761,Credit Card,Failed,Online
56762,UPI,Failed,Online
56763,UPI,Successful,Online
56764,Debit Card,Successful,Online
56765,UPI,Successful,POS
56766,Credit Card,Successful,Online
56767,UPI,Successful,Online
56768,Credit Card,Successful,Online
56769,Debit Card,Successful,Online
56770,Credit Card,Failed,Online
56771,UPI,Failed,Online
56772,UPI,Failed,POS
56773,UPI,Refunded,Online
56774,UPI,Refunded,Online
56775,Credit Card,Failed,Online
56776,Credit Card,Refunded,POS
56777,UPI,Refunded,Online
56778,Credit Card,Successful,Online
56779,Credit Card,Successful,Online
56780,UPI,Failed,Online
56781,Credit Card,Refunded,POS
56782,UPI,Successful,POS
56783,Credit Card,Successful,Online
56784,Debit Card,Successful,POS
56785,UPI,Successful,Online
56786,Credit Card,Successful,Online
56787,Credit Card,Successful,Online
56788,UPI,Failed,Online
56789,Debit Card,Successful,Online
56790,Credit Card,Successful,POS
56791,Credit Card,Successful,Online
56792,Debit Card,Failed,Online
56793,Debit Card,Successful,Online
56794,Wallet,Successful,Online
56795,Credit Card,Successful,POS
56796,Net Banking,Successful,Online
56797,UPI,Successful,POS
56798,Credit Card,Successful,Online
56799,UPI,Refunded,Online
56800,UPI,Successful,Online
56801,Credit Card,Failed,Online
56802,Debit Card,Successful,Online
56803,Credit Card,Successful,Online
56804,Debit Card,Successful,Online
56805,Credit Card,Successful,Online
56806,Credit Card,Successful,Online
56807,UPI,Successful,Online
56808,Credit Card,Successful,Online
56809,UPI,Successful,Online
56810,Credit Card,Successful,Online
56811,UPI,Refunded,Online
56812,UPI,Successful,Online
56813,Debit Card,Successful,POS
56814,Credit Card,Failed,Online
56815,Credit Card,Successful,Online
56816,UPI,Successful,POS
56817,Credit Card,Failed,Online
56818,Debit Card,Successful,Online
56819,Net Banking,Successful,Online
56820,Debit Card,Successful,Online
56821,UPI,Successful,POS
56822,Debit Card,Failed,Online
56823,UPI,Refunded,Online
56824,UPI,Refunded,Online
56825,UPI,Successful,Online
56826,Debit Card,Successful,Online
56827,Credit Card,Refunded,Online
56828,Credit Card,Failed,Online
56829,Debit Card,Successful,POS
56830,UPI,Failed,Online
56831,Credit Card,Successful,Online
56832,Credit Card,Failed,Online
56833,Credit Card,Successful,Online
56834,Debit Card,Failed,POS
56835,UPI,Successful,Online
56836,Debit Card,Failed,Online
56837,Credit Card,Refunded,POS
56838,Debit Card,Successful,Online
56839,Credit Card,Successful,POS
56840,Wallet,Failed,Online
56841,UPI,Successful,POS
56842,Debit Card,Successful,Online
56843,Credit Card,Refunded,Online
56844,UPI,Successful,Online
56845,UPI,Successful,Online
56846,Debit Card,Failed,Online
56847,UPI,Refunded,Online
56848,UPI,Refunded,POS
56849,Wallet,Successful,Online
56850,Debit Card,Successful,Online
56851,UPI,Refunded,Online
56852,Credit Card,Successful,POS
56853,Credit Card,Successful,POS
56854,Net Banking,Successful,Online
56855,Debit Card,Successful,POS
56856,Net Banking,Successful,Online
56857,UPI,Successful,Online
56858,Credit Card,Successful,Online
56859,UPI,Successful,Online
56860,UPI,Successful,Online
56861,Debit Card,Successful,POS
56862,UPI,Failed,POS
56863,Credit Card,Failed,Online
56864,Net Banking,Successful,Online
56865,UPI,Successful,Online
56866,UPI,Successful,POS
56867,Debit Card,Successful,Online
56868,Net Banking,Successful,POS
56869,Debit Card,Successful,POS
56870,Credit Card,Successful,Online
56871,UPI,Successful,Online
56872,UPI,Refunded,POS
56873,Debit Card,Refunded,POS
56874,UPI,Failed,Online
56875,Net Banking,Successful,POS
56876,Credit Card,Successful,Online
56877,Credit Card,Successful,Online
56878,Debit Card,Failed,POS
56879,Debit Card,Successful,Online
56880,Credit Card,Successful,Online
56881,Net Banking,Successful,Online
56882,Wallet,Refunded,POS
56883,Wallet,Successful,Online
56884,Net Banking,Successful,POS
56885,Debit Card,Successful,Online
56886,Debit Card,Refunded,Online
56887,UPI,Refunded,Online
56888,UPI,Successful,POS
56889,UPI,Refunded,Online
56890,UPI,Refunded,Online
56891,Credit Card,Refunded,Online
56892,UPI,Failed,Online
56893,Net Banking,Refunded,POS
56894,Debit Card,Successful,Online
56895,UPI,Successful,Online
56896,UPI,Failed,POS
56897,Debit Card,Successful,Online
56898,Debit Card,Successful,Online
56899,Wallet,Successful,Online
56900,Wallet,Failed,Online
56901,Wallet,Successful,POS
56902,Credit Card,Refunded,Online
56903,UPI,Successful,Online
56904,Debit Card,Successful,POS
56905,UPI,Successful,Online
56906,Debit Card,Successful,Online
56907,Credit Card,Successful,Online
56908,Debit Card,Failed,Online
56909,UPI,Refunded,Online
56910,Credit Card,Failed,POS
56911,Credit Card,Successful,Online
56912,Wallet,Successful,Online
56913,UPI,Successful,Online
56914,Net Banking,Failed,Online
56915,Debit Card,Failed,Online
56916,Debit Card,Refunded,Online
56917,Debit Card,Failed,Online
56918,Credit Card,Refunded,Online
56919,UPI,Successful,Online
56920,UPI,Refunded,Online
56921,Net Banking,Successful,POS
56922,Debit Card,Successful,Online
56923,UPI,Successful,POS
56924,Credit Card,Successful,Online
56925,Credit Card,Successful,Online
56926,UPI,Successful,POS
56927,Credit Card,Successful,Online
56928,UPI,Refunded,Online
56929,UPI,Successful,Online
56930,Credit Card,Failed,Online
56931,Credit Card,Successful,Online
56932,UPI,Successful,Online
56933,Credit Card,Failed,POS
56934,UPI,Refunded,Online
56935,UPI,Successful,Online
56936,UPI,Failed,Online
56937,UPI,Successful,Online
56938,UPI,Successful,Online
56939,Debit Card,Failed,Online
56940,Credit Card,Failed,Online
56941,UPI,Successful,Online
56942,UPI,Successful,POS
56943,UPI,Successful,Online
56944,Debit Card,Successful,Online
56945,UPI,Successful,Online
56946,UPI,Successful,POS
56947,Credit Card,Refunded,Online
56948,Credit Card,Failed,Online
56949,UPI,Failed,Online
56950,Credit Card,Successful,Online
56951,Credit Card,Successful,Online
56952,UPI,Successful,Online
56953,Debit Card,Failed,Online
56954,Debit Card,Successful,Online
56955,Credit Card,Refunded,Online
56956,UPI,Refunded,Online
56957,Credit Card,Failed,Online
56958,Credit Card,Successful,Online
56959,Debit Card,Successful,Online
56960,Credit Card,Successful,Online
56961,UPI,Refunded,Online
56962,Credit Card,Successful,Online
56963,Debit Card,Successful,Online
56964,UPI,Successful,Online
56965,Net Banking,Failed,Online
56966,Net Banking,Refunded,Online
56967,UPI,Successful,Online
56968,Net Banking,Refunded,Online
56969,Credit Card,Failed,Online
56970,Debit Card,Refunded,Online
56971,Debit Card,Successful,Online
56972,Credit Card,Successful,POS
56973,Credit Card,Refunded,Online
56974,Net Banking,Refunded,POS
56975,UPI,Refunded,Online
56976,UPI,Failed,Online
56977,UPI,Successful,Online
56978,Net Banking,Successful,Online
56979,Net Banking,Successful,Online
56980,UPI,Successful,Online
56981,Net Banking,Refunded,POS
56982,UPI,Successful,POS
56983,Wallet,Successful,Online
56984,Credit Card,Refunded,Online
56985,UPI,Successful,Online
56986,UPI,Successful,Online
56987,UPI,Refunded,POS
56988,UPI,Refunded,Online
56989,Debit Card,Successful,Online
56990,UPI,Successful,Online
56991,Wallet,Refunded,POS
56992,Credit Card,Successful,Online
56993,Debit Card,Successful,POS
56994,UPI,Successful,Online
56995,Net Banking,Successful,Online
56996,Debit Card,Refunded,Online
56997,Net Banking,Successful,Online
56998,Wallet,Successful,Online
56999,UPI,Failed,Online
57000,UPI,Failed,POS
57001,Debit Card,Successful,Online
57002,Net Banking,Failed,Online
57003,Credit Card,Failed,POS
57004,UPI,Refunded,Online
57005,Debit Card,Successful,Online
57006,UPI,Failed,Online
57007,UPI,Successful,POS
57008,Credit Card,Failed,Online
57009,UPI,Successful,Online
57010,Credit Card,Successful,Online
57011,Wallet,Successful,Online
57012,Net Banking,Successful,Online
57013,Wallet,Successful,Online
57014,Debit Card,Successful,POS
57015,UPI,Successful,Online
57016,Debit Card,Successful,POS
57017,Net Banking,Failed,Online
57018,Wallet,Successful,POS
57019,Debit Card,Successful,POS
57020,UPI,Failed,Online
57021,UPI,Successful,Online
57022,UPI,Successful,POS
57023,Wallet,Refunded,POS
57024,Credit Card,Successful,Online
57025,Net Banking,Failed,POS
57026,Credit Card,Successful,Online
57027,Debit Card,Successful,Online
57028,UPI,Successful,Online
57029,UPI,Successful,Online
57030,Credit Card,Refunded,Online
57031,Credit Card,Successful,POS
57032,UPI,Refunded,Online
57033,Debit Card,Successful,Online
57034,UPI,Successful,Online
57035,Debit Card,Successful,Online
57036,UPI,Successful,Online
57037,Debit Card,Failed,Online
57038,UPI,Successful,Online
57039,Debit Card,Successful,POS
57040,Credit Card,Failed,Online
57041,Debit Card,Successful,POS
57042,Net Banking,Successful,Online
57043,UPI,Failed,Online
57044,UPI,Successful,Online
57045,Debit Card,Refunded,POS
57046,Credit Card,Successful,POS
57047,UPI,Failed,Online
57048,Credit Card,Failed,Online
57049,UPI,Failed,Online
57050,UPI,Successful,Online
57051,Credit Card,Successful,POS
57052,Net Banking,Successful,Online
57053,Credit Card,Successful,Online
57054,Credit Card,Successful,Online
57055,Net Banking,Successful,Online
57056,UPI,Successful,POS
57057,Debit Card,Failed,Online
57058,Net Banking,Successful,POS
57059,UPI,Successful,Online
57060,UPI,Successful,Online
57061,Wallet,Failed,Online
57062,Wallet,Refunded,Online
57063,UPI,Failed,Online
57064,UPI,Refunded,Online
57065,UPI,Failed,Online
57066,Credit Card,Successful,POS
57067,Credit Card,Refunded,Online
57068,Credit Card,Refunded,Online
57069,Net Banking,Successful,Online
57070,UPI,Failed,Online
57071,Net Banking,Successful,Online
57072,UPI,Successful,POS
57073,UPI,Successful,POS
57074,Credit Card,Successful,Online
57075,UPI,Successful,POS
57076,Credit Card,Successful,Online
57077,Net Banking,Successful,POS
57078,UPI,Successful,Online
57079,Debit Card,Successful,POS
57080,UPI,Successful,Online
57081,UPI,Successful,Online
57082,Credit Card,Successful,POS
57083,Net Banking,Successful,Online
57084,Credit Card,Refunded,Online
57085,Credit Card,Failed,Online
57086,Net Banking,Refunded,Online
57087,Debit Card,Failed,Online
57088,UPI,Successful,Online
57089,Debit Card,Successful,POS
57090,Credit Card,Successful,Online
57091,Debit Card,Refunded,Online
57092,Credit Card,Successful,Online
57093,UPI,Failed,Online
57094,Credit Card,Refunded,Online
57095,Credit Card,Successful,Online
57096,Credit Card,Successful,POS
57097,Net Banking,Refunded,POS
57098,Net Banking,Failed,POS
57099,Credit Card,Successful,POS
57100,Credit Card,Failed,Online
57101,Credit Card,Successful,POS
57102,Credit Card,Successful,Online
57103,Wallet,Successful,Online
57104,Credit Card,Failed,Online
57105,UPI,Successful,Online
57106,Credit Card,Successful,Online
57107,Credit Card,Successful,Online
57108,Credit Card,Refunded,POS
57109,Credit Card,Successful,Online
57110,UPI,Successful,Online
57111,UPI,Successful,Online
57112,UPI,Successful,Online
57113,Credit Card,Successful,Online
57114,UPI,Failed,Online
57115,Debit Card,Successful,Online
57116,UPI,Failed,Online
57117,Net Banking,Failed,POS
57118,UPI,Failed,Online
57119,UPI,Successful,Online
57120,Credit Card,Failed,POS
57121,UPI,Refunded,Online
57122,Net Banking,Successful,Online
57123,UPI,Successful,Online
57124,Credit Card,Refunded,Online
57125,Net Banking,Successful,Online
57126,Credit Card,Successful,Online
57127,UPI,Successful,Online
57128,UPI,Successful,Online
57129,Credit Card,Successful,Online
57130,UPI,Failed,Online
57131,Credit Card,Successful,Online
57132,Net Banking,Successful,Online
57133,Net Banking,Successful,Online
57134,UPI,Successful,Online
57135,UPI,Successful,Online
57136,UPI,Successful,Online
57137,Credit Card,Successful,Online
57138,UPI,Refunded,Online
57139,Net Banking,Successful,Online
57140,Debit Card,Refunded,Online
57141,UPI,Successful,Online
57142,Credit Card,Refunded,POS
57143,UPI,Successful,Online
57144,UPI,Successful,Online
57145,UPI,Refunded,Online
57146,UPI,Successful,Online
57147,Credit Card,Successful,Online
57148,Credit Card,Failed,Online
57149,UPI,Refunded,POS
57150,Wallet,Refunded,Online
57151,Credit Card,Successful,Online
57152,UPI,Failed,Online
57153,UPI,Successful,Online
57154,Credit Card,Successful,Online
57155,Wallet,Successful,POS
57156,Credit Card,Successful,Online
57157,Wallet,Refunded,POS
57158,Credit Card,Successful,Online
57159,Credit Card,Successful,Online
57160,Credit Card,Refunded,Online
57161,Debit Card,Successful,POS
57162,UPI,Successful,POS
57163,Net Banking,Successful,Online
57164,UPI,Successful,Online
57165,Credit Card,Refunded,Online
57166,Credit Card,Successful,Online
57167,Credit Card,Successful,Online
57168,UPI,Successful,Online
57169,Credit Card,Refunded,POS
57170,Credit Card,Failed,Online
57171,Debit Card,Successful,Online
57172,Debit Card,Successful,Online
57173,Debit Card,Successful,Online
57174,UPI,Refunded,Online
57175,Wallet,Refunded,Online
57176,Net Banking,Successful,Online
57177,UPI,Failed,Online
57178,UPI,Successful,Online
57179,UPI,Failed,Online
57180,Credit Card,Refunded,POS
57181,Net Banking,Successful,Online
57182,Debit Card,Failed,Online
57183,Net Banking,Successful,Online
57184,UPI,Successful,Online
57185,Credit Card,Refunded,Online
57186,UPI,Successful,Online
57187,UPI,Successful,Online
57188,Debit Card,Refunded,Online
57189,UPI,Successful,Online
57190,Debit Card,Successful,Online
57191,Credit Card,Refunded,Online
57192,Debit Card,Failed,Online
57193,UPI,Refunded,Online
57194,Debit Card,Successful,POS
57195,Wallet,Successful,Online
57196,Net Banking,Successful,Online
57197,Debit Card,Refunded,Online
57198,Debit Card,Refunded,POS
57199,Credit Card,Successful,POS
57200,Debit Card,Failed,POS
57201,Debit Card,Successful,Online
57202,Credit Card,Successful,Online
57203,Debit Card,Successful,Online
57204,Credit Card,Successful,POS
57205,UPI,Successful,Online
57206,Credit Card,Successful,Online
57207,UPI,Successful,POS
57208,Credit Card,Refunded,Online
57209,UPI,Successful,Online
57210,Credit Card,Successful,Online
57211,Debit Card,Successful,Online
57212,Credit Card,Successful,POS
57213,UPI,Refunded,Online
57214,Credit Card,Failed,POS
57215,UPI,Successful,Online
57216,Credit Card,Successful,POS
57217,Credit Card,Failed,Online
57218,Net Banking,Refunded,Online
57219,UPI,Failed,Online
57220,Debit Card,Successful,Online
57221,Net Banking,Successful,Online
57222,Wallet,Refunded,POS
57223,UPI,Refunded,POS
57224,Credit Card,Failed,Online
57225,UPI,Failed,Online
57226,Credit Card,Successful,POS
57227,UPI,Refunded,POS
57228,Net Banking,Successful,POS
57229,UPI,Refunded,Online
57230,Credit Card,Successful,POS
57231,Credit Card,Successful,Online
57232,Wallet,Refunded,Online
57233,Debit Card,Failed,Online
57234,UPI,Successful,Online
57235,UPI,Successful,Online
57236,UPI,Successful,Online
57237,Debit Card,Successful,Online
57238,Debit Card,Refunded,Online
57239,Credit Card,Successful,Online
57240,UPI,Failed,Online
57241,Debit Card,Successful,Online
57242,Credit Card,Failed,POS
57243,Wallet,Successful,Online
57244,Credit Card,Refunded,Online
57245,UPI,Successful,POS
57246,Credit Card,Refunded,Online
57247,UPI,Successful,Online
57248,Debit Card,Successful,Online
57249,Debit Card,Failed,Online
57250,UPI,Successful,Online
57251,UPI,Successful,Online
57252,UPI,Successful,Online
57253,Net Banking,Successful,Online
57254,UPI,Failed,Online
57255,UPI,Successful,Online
57256,UPI,Refunded,Online
57257,Credit Card,Successful,Online
57258,Debit Card,Successful,POS
57259,Net Banking,Refunded,Online
57260,UPI,Successful,Online
57261,Debit Card,Successful,POS
57262,UPI,Successful,Online
57263,Wallet,Successful,POS
57264,UPI,Successful,Online
57265,UPI,Successful,Online
57266,Credit Card,Failed,POS
57267,UPI,Failed,POS
57268,UPI,Successful,Online
57269,Debit Card,Refunded,POS
57270,Debit Card,Failed,Online
57271,Credit Card,Refunded,POS
57272,Debit Card,Refunded,POS
57273,Credit Card,Refunded,Online
57274,Credit Card,Successful,POS
57275,Credit Card,Successful,Online
57276,Debit Card,Refunded,Online
57277,UPI,Successful,POS
57278,UPI,Failed,Online
57279,Credit Card,Successful,POS
57280,Credit Card,Successful,POS
57281,Debit Card,Successful,Online
57282,UPI,Successful,POS
57283,UPI,Refunded,Online
57284,UPI,Successful,Online
57285,UPI,Refunded,Online
57286,Debit Card,Successful,Online
57287,Credit Card,Successful,Online
57288,Debit Card,Successful,Online
57289,Credit Card,Failed,Online
57290,Net Banking,Failed,POS
57291,Wallet,Failed,Online
57292,Debit Card,Successful,POS
57293,Net Banking,Refunded,Online
57294,Credit Card,Successful,POS
57295,Net Banking,Failed,POS
57296,Net Banking,Successful,POS
57297,Wallet,Failed,Online
57298,Credit Card,Refunded,POS
57299,Debit Card,Successful,Online
57300,Credit Card,Successful,POS
57301,UPI,Successful,POS
57302,UPI,Successful,Online
57303,Net Banking,Successful,POS
57304,UPI,Successful,POS
57305,Credit Card,Successful,Online
57306,UPI,Successful,Online
57307,Credit Card,Successful,Online
57308,Net Banking,Successful,Online
57309,Net Banking,Successful,POS
57310,Credit Card,Refunded,POS
57311,UPI,Successful,Online
57312,Credit Card,Successful,POS
57313,Credit Card,Refunded,Online
57314,UPI,Successful,Online
57315,UPI,Successful,Online
57316,Credit Card,Successful,POS
57317,UPI,Successful,Online
57318,Debit Card,Successful,POS
57319,UPI,Successful,Online
57320,Credit Card,Successful,POS
57321,UPI,Successful,Online
57322,Wallet,Failed,POS
57323,Credit Card,Successful,Online
57324,UPI,Failed,Online
57325,Credit Card,Successful,Online
57326,Net Banking,Refunded,Online
57327,Debit Card,Refunded,Online
57328,Debit Card,Failed,Online
57329,UPI,Failed,Online
57330,Debit Card,Failed,Online
57331,Debit Card,Successful,Online
57332,Credit Card,Successful,Online
57333,Net Banking,Successful,POS
57334,UPI,Failed,Online
57335,UPI,Successful,Online
57336,Net Banking,Refunded,Online
57337,Credit Card,Refunded,Online
57338,UPI,Refunded,Online
57339,UPI,Failed,Online
57340,Net Banking,Refunded,POS
57341,UPI,Refunded,POS
57342,UPI,Refunded,Online
57343,UPI,Successful,POS
57344,Net Banking,Refunded,Online
57345,Net Banking,Successful,Online
57346,Credit Card,Failed,Online
57347,Credit Card,Successful,POS
57348,UPI,Successful,Online
57349,UPI,Failed,Online
57350,Debit Card,Refunded,Online
57351,UPI,Refunded,Online
57352,Credit Card,Successful,Online
57353,Credit Card,Refunded,Online
57354,UPI,Successful,POS
57355,Credit Card,Refunded,Online
57356,Credit Card,Failed,Online
57357,Debit Card,Refunded,POS
57358,UPI,Failed,Online
57359,UPI,Successful,POS
57360,Credit Card,Successful,Online
57361,Wallet,Successful,Online
57362,UPI,Failed,POS
57363,Wallet,Successful,POS
57364,Debit Card,Successful,POS
57365,Net Banking,Refunded,Online
57366,UPI,Refunded,POS
57367,UPI,Successful,Online
57368,UPI,Successful,Online
57369,UPI,Successful,Online
57370,Wallet,Successful,Online
57371,UPI,Successful,Online
57372,Credit Card,Successful,Online
57373,UPI,Successful,Online
57374,Debit Card,Successful,Online
57375,UPI,Failed,POS
57376,UPI,Successful,Online
57377,UPI,Successful,POS
57378,Debit Card,Successful,Online
57379,UPI,Failed,POS
57380,UPI,Failed,POS
57381,UPI,Successful,POS
57382,Wallet,Successful,POS
57383,Credit Card,Successful,Online
57384,Debit Card,Refunded,Online
57385,Debit Card,Refunded,Online
57386,UPI,Refunded,Online
57387,Credit Card,Failed,Online
57388,UPI,Successful,POS
57389,Credit Card,Successful,POS
57390,Credit Card,Successful,Online
57391,Credit Card,Refunded,POS
57392,UPI,Successful,Online
57393,UPI,Successful,Online
57394,Debit Card,Successful,POS
57395,Debit Card,Successful,Online
57396,UPI,Successful,Online
57397,UPI,Successful,POS
57398,Net Banking,Successful,Online
57399,Debit Card,Successful,Online
57400,Wallet,Failed,Online
57401,UPI,Successful,Online
57402,Credit Card,Refunded,POS
57403,UPI,Failed,Online
57404,Credit Card,Failed,Online
57405,UPI,Successful,POS
57406,UPI,Refunded,Online
57407,UPI,Successful,POS
57408,Debit Card,Successful,Online
57409,Credit Card,Successful,Online
57410,Credit Card,Successful,POS
57411,Net Banking,Successful,POS
57412,Debit Card,Refunded,Online
57413,Credit Card,Successful,Online
57414,Wallet,Refunded,Online
57415,Credit Card,Successful,Online
57416,UPI,Successful,Online
57417,Wallet,Refunded,Online
57418,UPI,Successful,Online
57419,Credit Card,Refunded,Online
57420,UPI,Successful,Online
57421,Credit Card,Successful,Online
57422,Credit Card,Refunded,Online
57423,UPI,Failed,Online
57424,Credit Card,Successful,Online
57425,Debit Card,Successful,Online
57426,UPI,Successful,Online
57427,Credit Card,Successful,Online
57428,UPI,Successful,Online
57429,Net Banking,Refunded,Online
57430,Debit Card,Failed,Online
57431,Net Banking,Refunded,Online
57432,UPI,Refunded,Online
57433,UPI,Successful,Online
57434,UPI,Failed,Online
57435,UPI,Failed,POS
57436,Credit Card,Failed,POS
57437,Wallet,Failed,Online
57438,UPI,Successful,POS
57439,Wallet,Failed,Online
57440,UPI,Successful,POS
57441,Net Banking,Failed,Online
57442,UPI,Refunded,POS
57443,Net Banking,Successful,Online
57444,UPI,Refunded,Online
57445,Wallet,Successful,Online
57446,UPI,Successful,POS
57447,UPI,Failed,Online
57448,Credit Card,Successful,POS
57449,Credit Card,Successful,Online
57450,Debit Card,Refunded,Online
57451,Wallet,Successful,Online
57452,Credit Card,Successful,Online
57453,Debit Card,Successful,Online
57454,UPI,Successful,Online
57455,Credit Card,Successful,Online
57456,Credit Card,Successful,POS
57457,Net Banking,Successful,Online
57458,Credit Card,Successful,Online
57459,Debit Card,Successful,Online
57460,UPI,Successful,Online
57461,UPI,Failed,POS
57462,UPI,Successful,Online
57463,UPI,Refunded,Online
57464,UPI,Successful,Online
57465,UPI,Successful,Online
57466,Net Banking,Failed,Online
57467,UPI,Successful,Online
57468,Net Banking,Successful,Online
57469,UPI,Successful,Online
57470,UPI,Successful,Online
57471,Credit Card,Refunded,POS
57472,Credit Card,Successful,Online
57473,Credit Card,Successful,Online
57474,Credit Card,Successful,Online
57475,UPI,Successful,POS
57476,Debit Card,Successful,Online
57477,Credit Card,Refunded,Online
57478,UPI,Successful,Online
57479,Net Banking,Successful,Online
57480,Debit Card,Failed,Online
57481,Credit Card,Successful,Online
57482,Net Banking,Successful,Online
57483,Net Banking,Successful,Online
57484,Credit Card,Successful,Online
57485,UPI,Successful,Online
57486,Net Banking,Successful,Online
57487,UPI,Refunded,Online
57488,UPI,Successful,POS
57489,UPI,Refunded,POS
57490,Debit Card,Successful,Online
57491,Net Banking,Successful,Online
57492,Credit Card,Successful,POS
57493,Wallet,Refunded,POS
57494,UPI,Failed,Online
57495,UPI,Successful,Online
57496,Credit Card,Successful,POS
57497,Wallet,Successful,POS
57498,Credit Card,Refunded,Online
57499,UPI,Successful,Online
57500,UPI,Failed,Online
57501,UPI,Successful,POS
57502,UPI,Refunded,Online
57503,UPI,Successful,Online
57504,Net Banking,Refunded,Online
57505,Credit Card,Failed,Online
57506,Debit Card,Successful,POS
57507,UPI,Successful,POS
57508,UPI,Successful,POS
57509,Credit Card,Successful,Online
57510,Net Banking,Successful,Online
57511,Credit Card,Successful,Online
57512,Net Banking,Successful,Online
57513,Debit Card,Successful,Online
57514,UPI,Successful,Online
57515,UPI,Refunded,Online
57516,Debit Card,Successful,Online
57517,Credit Card,Refunded,Online
57518,UPI,Failed,Online
57519,Credit Card,Refunded,Online
57520,Credit Card,Refunded,Online
57521,Net Banking,Refunded,Online
57522,UPI,Successful,Online
57523,UPI,Refunded,Online
57524,Credit Card,Successful,Online
57525,Debit Card,Successful,Online
57526,Credit Card,Failed,Online
57527,Wallet,Successful,Online
57528,Debit Card,Successful,Online
57529,Credit Card,Successful,Online
57530,UPI,Refunded,Online
57531,Credit Card,Failed,Online
57532,Debit Card,Successful,Online
57533,Net Banking,Failed,Online
57534,Wallet,Successful,Online
57535,Credit Card,Successful,Online
57536,Credit Card,Refunded,POS
57537,UPI,Refunded,POS
57538,UPI,Successful,POS
57539,UPI,Successful,Online
57540,UPI,Successful,Online
57541,Credit Card,Successful,Online
57542,UPI,Successful,Online
57543,Credit Card,Successful,POS
57544,Credit Card,Successful,Online
57545,Credit Card,Successful,Online
57546,Credit Card,Successful,Online
57547,UPI,Successful,Online
57548,Wallet,Failed,Online
57549,UPI,Failed,Online
57550,Net Banking,Successful,Online
57551,UPI,Failed,Online
57552,Credit Card,Refunded,Online
57553,UPI,Successful,Online
57554,UPI,Failed,Online
57555,Credit Card,Successful,Online
57556,Debit Card,Failed,Online
57557,UPI,Successful,Online
57558,Credit Card,Successful,POS
57559,UPI,Successful,Online
57560,Credit Card,Successful,Online
57561,Net Banking,Successful,Online
57562,Net Banking,Successful,Online
57563,Credit Card,Successful,POS
57564,UPI,Successful,Online
57565,UPI,Successful,Online
57566,Wallet,Successful,Online
57567,UPI,Successful,POS
57568,Debit Card,Successful,Online
57569,UPI,Successful,Online
57570,Wallet,Refunded,Online
57571,UPI,Successful,Online
57572,UPI,Successful,POS
57573,Credit Card,Successful,Online
57574,Wallet,Successful,Online
57575,Wallet,Successful,Online
57576,Debit Card,Successful,Online
57577,Debit Card,Failed,Online
57578,Credit Card,Successful,Online
57579,Debit Card,Successful,Online
57580,Net Banking,Successful,Online
57581,Credit Card,Successful,Online
57582,Credit Card,Refunded,Online
57583,Credit Card,Successful,Online
57584,Credit Card,Successful,Online
57585,Net Banking,Failed,Online
57586,UPI,Successful,POS
57587,UPI,Failed,Online
57588,Credit Card,Successful,POS
57589,UPI,Failed,Online
57590,Credit Card,Successful,POS
57591,Net Banking,Successful,POS
57592,Credit Card,Successful,Online
57593,Net Banking,Failed,POS
57594,UPI,Refunded,Online
57595,Net Banking,Successful,Online
57596,Credit Card,Failed,POS
57597,UPI,Successful,Online
57598,Credit Card,Successful,Online
57599,Wallet,Successful,POS
57600,UPI,Successful,Online
57601,Credit Card,Successful,POS
57602,Net Banking,Failed,POS
57603,UPI,Successful,Online
57604,Credit Card,Successful,POS
57605,Credit Card,Failed,Online
57606,UPI,Successful,Online
57607,Credit Card,Successful,POS
57608,UPI,Successful,Online
57609,Debit Card,Successful,Online
57610,UPI,Successful,Online
57611,UPI,Failed,Online
57612,Credit Card,Refunded,Online
57613,UPI,Successful,Online
57614,UPI,Failed,POS
57615,Net Banking,Successful,POS
57616,Net Banking,Failed,Online
57617,Net Banking,Refunded,POS
57618,Credit Card,Successful,POS
57619,Net Banking,Successful,Online
57620,Net Banking,Successful,Online
57621,Credit Card,Refunded,Online
57622,UPI,Successful,Online
57623,UPI,Successful,Online
57624,Credit Card,Successful,POS
57625,Wallet,Successful,Online
57626,Credit Card,Refunded,Online
57627,Debit Card,Successful,Online
57628,UPI,Successful,Online
57629,UPI,Successful,POS
57630,Credit Card,Failed,Online
57631,Wallet,Successful,Online
57632,UPI,Refunded,Online
57633,Net Banking,Refunded,Online
57634,UPI,Refunded,Online
57635,Credit Card,Refunded,Online
57636,Credit Card,Successful,Online
57637,Net Banking,Successful,POS
57638,UPI,Successful,POS
57639,UPI,Successful,Online
57640,UPI,Refunded,Online
57641,Wallet,Successful,Online
57642,UPI,Successful,Online
57643,UPI,Refunded,Online
57644,Credit Card,Successful,Online
57645,Credit Card,Refunded,POS
57646,Net Banking,Failed,POS
57647,Wallet,Refunded,Online
57648,Credit Card,Failed,Online
57649,Net Banking,Successful,POS
57650,Debit Card,Failed,Online
57651,UPI,Successful,POS
57652,Net Banking,Successful,POS
57653,Debit Card,Failed,Online
57654,Credit Card,Refunded,Online
57655,Debit Card,Refunded,Online
57656,Credit Card,Successful,Online
57657,UPI,Successful,POS
57658,Debit Card,Successful,POS
57659,Net Banking,Successful,Online
57660,Debit Card,Successful,Online
57661,UPI,Successful,POS
57662,Wallet,Successful,Online
57663,UPI,Failed,Online
57664,UPI,Failed,Online
57665,UPI,Failed,POS
57666,UPI,Failed,Online
57667,Credit Card,Failed,Online
57668,Credit Card,Refunded,Online
57669,Net Banking,Successful,POS
57670,Wallet,Successful,Online
57671,Debit Card,Successful,Online
57672,Credit Card,Successful,POS
57673,Debit Card,Successful,Online
57674,Net Banking,Successful,Online
57675,Credit Card,Refunded,POS
57676,Debit Card,Successful,Online
57677,Credit Card,Failed,Online
57678,Credit Card,Failed,Online
57679,Credit Card,Failed,Online
57680,Debit Card,Successful,POS
57681,Debit Card,Successful,POS
57682,UPI,Refunded,Online
57683,Credit Card,Refunded,Online
57684,Net Banking,Failed,Online
57685,Wallet,Successful,Online
57686,UPI,Failed,Online
57687,UPI,Refunded,Online
57688,Debit Card,Failed,Online
57689,Credit Card,Refunded,Online
57690,UPI,Successful,Online
57691,UPI,Successful,Online
57692,Debit Card,Successful,Online
57693,Debit Card,Failed,Online
57694,Credit Card,Failed,Online
57695,Credit Card,Successful,Online
57696,Credit Card,Successful,Online
57697,UPI,Refunded,Online
57698,Credit Card,Failed,Online
57699,UPI,Refunded,POS
57700,Credit Card,Refunded,POS
57701,UPI,Refunded,Online
57702,Debit Card,Successful,Online
57703,Credit Card,Refunded,Online
57704,Credit Card,Successful,POS
57705,UPI,Successful,POS
57706,UPI,Successful,Online
57707,Credit Card,Failed,Online
57708,UPI,Successful,Online
57709,UPI,Successful,Online
57710,Credit Card,Failed,Online
57711,Debit Card,Successful,Online
57712,UPI,Refunded,Online
57713,Credit Card,Successful,Online
57714,Wallet,Refunded,POS
57715,Wallet,Successful,POS
57716,UPI,Successful,Online
57717,Debit Card,Successful,Online
57718,Credit Card,Successful,POS
57719,Wallet,Successful,Online
57720,Credit Card,Successful,Online
57721,Debit Card,Successful,POS
57722,Debit Card,Successful,Online
57723,Credit Card,Successful,Online
57724,Debit Card,Successful,Online
57725,UPI,Failed,Online
57726,UPI,Refunded,POS
57727,Credit Card,Successful,Online
57728,Wallet,Failed,POS
57729,Credit Card,Successful,Online
57730,Credit Card,Failed,Online
57731,Credit Card,Successful,Online
57732,UPI,Failed,Online
57733,Credit Card,Successful,Online
57734,Debit Card,Successful,Online
57735,Wallet,Successful,Online
57736,UPI,Successful,Online
57737,Credit Card,Successful,Online
57738,UPI,Successful,Online
57739,UPI,Successful,Online
57740,UPI,Refunded,Online
57741,Credit Card,Failed,Online
57742,UPI,Failed,Online
57743,UPI,Successful,POS
57744,Debit Card,Successful,Online
57745,Wallet,Failed,Online
57746,UPI,Refunded,Online
57747,Debit Card,Successful,Online
57748,UPI,Refunded,Online
57749,Net Banking,Successful,Online
57750,Debit Card,Successful,Online
57751,Debit Card,Successful,POS
57752,UPI,Failed,Online
57753,Credit Card,Successful,POS
57754,Credit Card,Failed,Online
57755,UPI,Successful,Online
57756,UPI,Successful,Online
57757,Credit Card,Refunded,Online
57758,Debit Card,Successful,POS
57759,UPI,Successful,POS
57760,Credit Card,Successful,POS
57761,UPI,Successful,Online
57762,UPI,Successful,Online
57763,Credit Card,Failed,POS
57764,UPI,Successful,POS
57765,Credit Card,Successful,Online
57766,UPI,Refunded,POS
57767,Credit Card,Successful,Online
57768,Credit Card,Successful,POS
57769,Wallet,Successful,POS
57770,UPI,Successful,POS
57771,Debit Card,Successful,Online
57772,UPI,Successful,Online
57773,Credit Card,Successful,Online
57774,Credit Card,Failed,POS
57775,UPI,Successful,Online
57776,Credit Card,Successful,POS
57777,UPI,Successful,Online
57778,UPI,Successful,POS
57779,UPI,Successful,POS
57780,Debit Card,Successful,Online
57781,Debit Card,Successful,POS
57782,UPI,Successful,Online
57783,Credit Card,Failed,Online
57784,UPI,Successful,Online
57785,UPI,Failed,Online
57786,Debit Card,Successful,Online
57787,Credit Card,Successful,Online
57788,UPI,Failed,Online
57789,UPI,Failed,POS
57790,Debit Card,Successful,Online
57791,UPI,Refunded,Online
57792,UPI,Successful,Online
57793,Debit Card,Successful,Online
57794,Credit Card,Successful,POS
57795,Credit Card,Successful,POS
57796,Net Banking,Successful,Online
57797,UPI,Refunded,Online
57798,Debit Card,Successful,Online
57799,UPI,Successful,Online
57800,Credit Card,Failed,Online
57801,Net Banking,Successful,Online
57802,Credit Card,Successful,Online
57803,Debit Card,Refunded,Online
57804,Net Banking,Failed,Online
57805,UPI,Successful,Online
57806,Debit Card,Successful,Online
57807,Net Banking,Successful,Online
57808,Credit Card,Failed,Online
57809,UPI,Successful,Online
57810,UPI,Refunded,Online
57811,UPI,Refunded,Online
57812,UPI,Successful,POS
57813,Credit Card,Refunded,POS
57814,UPI,Successful,Online
57815,UPI,Successful,POS
57816,Credit Card,Successful,Online
57817,Credit Card,Successful,POS
57818,Credit Card,Failed,Online
57819,Debit Card,Successful,POS
57820,UPI,Successful,POS
57821,UPI,Successful,Online
57822,UPI,Successful,Online
57823,Credit Card,Successful,Online
57824,UPI,Refunded,POS
57825,Debit Card,Successful,Online
57826,UPI,Successful,Online
57827,Net Banking,Successful,POS
57828,Credit Card,Successful,Online
57829,Credit Card,Successful,Online
57830,Debit Card,Failed,Online
57831,Debit Card,Refunded,Online
57832,Credit Card,Successful,Online
57833,Net Banking,Failed,Online
57834,Credit Card,Successful,Online
57835,Debit Card,Refunded,Online
57836,Credit Card,Refunded,Online
57837,Net Banking,Successful,POS
57838,UPI,Failed,Online
57839,UPI,Refunded,Online
57840,Debit Card,Successful,Online
57841,UPI,Successful,Online
57842,UPI,Refunded,Online
57843,UPI,Failed,Online
57844,Debit Card,Failed,Online
57845,Net Banking,Failed,Online
57846,Debit Card,Successful,Online
57847,Net Banking,Successful,Online
57848,Credit Card,Successful,POS
57849,UPI,Failed,Online
57850,UPI,Successful,Online
57851,Credit Card,Failed,Online
57852,UPI,Failed,Online
57853,UPI,Successful,Online
57854,Credit Card,Successful,POS
57855,Debit Card,Failed,Online
57856,Credit Card,Successful,Online
57857,Debit Card,Failed,POS
57858,Debit Card,Successful,Online
57859,Debit Card,Refunded,Online
57860,Wallet,Failed,Online
57861,UPI,Successful,Online
57862,Credit Card,Successful,POS
57863,Net Banking,Failed,Online
57864,Credit Card,Successful,Online
57865,Debit Card,Failed,Online
57866,Credit Card,Successful,Online
57867,Credit Card,Failed,Online
57868,UPI,Successful,POS
57869,Wallet,Refunded,Online
57870,Debit Card,Failed,Online
57871,Net Banking,Successful,Online
57872,Debit Card,Failed,Online
57873,UPI,Successful,Online
57874,UPI,Successful,Online
57875,Net Banking,Successful,Online
57876,Credit Card,Refunded,POS
57877,UPI,Successful,Online
57878,Credit Card,Successful,Online
57879,Credit Card,Successful,Online
57880,Debit Card,Refunded,Online
57881,Credit Card,Refunded,Online
57882,Debit Card,Refunded,POS
57883,Net Banking,Refunded,Online
57884,UPI,Failed,Online
57885,UPI,Successful,POS
57886,Credit Card,Failed,Online
57887,Wallet,Successful,Online
57888,UPI,Successful,Online
57889,Credit Card,Successful,POS
57890,Debit Card,Successful,POS
57891,Credit Card,Successful,Online
57892,Wallet,Refunded,POS
57893,Net Banking,Refunded,Online
57894,Credit Card,Refunded,POS
57895,Credit Card,Successful,Online
57896,UPI,Successful,Online
57897,Debit Card,Successful,Online
57898,Debit Card,Successful,Online
57899,UPI,Successful,Online
57900,UPI,Successful,POS
57901,Net Banking,Successful,POS
57902,Credit Card,Successful,Online
57903,Debit Card,Successful,POS
57904,UPI,Successful,POS
57905,Credit Card,Successful,Online
57906,Debit Card,Refunded,Online
57907,Credit Card,Successful,Online
57908,Credit Card,Successful,POS
57909,UPI,Successful,POS
57910,Credit Card,Successful,Online
57911,Net Banking,Successful,Online
57912,Credit Card,Refunded,Online
57913,Net Banking,Refunded,POS
57914,Net Banking,Failed,Online
57915,Wallet,Successful,Online
57916,Net Banking,Successful,Online
57917,UPI,Successful,POS
57918,Net Banking,Successful,Online
57919,UPI,Successful,POS
57920,UPI,Successful,Online
57921,UPI,Successful,POS
57922,UPI,Successful,Online
57923,Credit Card,Successful,Online
57924,Credit Card,Refunded,Online
57925,UPI,Failed,Online
57926,Credit Card,Successful,Online
57927,Credit Card,Failed,POS
57928,Debit Card,Successful,Online
57929,UPI,Refunded,Online
57930,UPI,Refunded,Online
57931,UPI,Successful,Online
57932,UPI,Successful,Online
57933,Credit Card,Successful,Online
57934,Credit Card,Successful,Online
57935,UPI,Failed,POS
57936,UPI,Failed,Online
57937,UPI,Successful,Online
57938,Wallet,Refunded,Online
57939,UPI,Failed,POS
57940,Debit Card,Refunded,POS
57941,Debit Card,Successful,Online
57942,UPI,Successful,POS
57943,Wallet,Successful,Online
57944,Debit Card,Failed,Online
57945,Debit Card,Successful,POS
57946,Credit Card,Successful,POS
57947,Credit Card,Failed,POS
57948,UPI,Successful,Online
57949,UPI,Successful,Online
57950,Net Banking,Failed,Online
57951,Net Banking,Successful,Online
57952,UPI,Successful,Online
57953,Debit Card,Failed,Online
57954,Debit Card,Successful,POS
57955,UPI,Refunded,POS
57956,Credit Card,Refunded,POS
57957,Credit Card,Refunded,Online
57958,Debit Card,Successful,Online
57959,Net Banking,Refunded,Online
57960,UPI,Successful,Online
57961,Credit Card,Successful,Online
57962,Debit Card,Successful,POS
57963,Debit Card,Successful,POS
57964,UPI,Successful,Online
57965,Credit Card,Refunded,Online
57966,Net Banking,Refunded,Online
57967,UPI,Successful,Online
57968,Credit Card,Failed,Online
57969,Debit Card,Successful,Online
57970,UPI,Refunded,Online
57971,Net Banking,Refunded,POS
57972,UPI,Failed,Online
57973,UPI,Successful,Online
57974,UPI,Successful,Online
57975,UPI,Successful,Online
57976,UPI,Successful,POS
57977,Debit Card,Refunded,Online
57978,UPI,Refunded,Online
57979,Net Banking,Successful,Online
57980,Credit Card,Refunded,Online
57981,Credit Card,Failed,Online
57982,Credit Card,Successful,Online
57983,Debit Card,Successful,Online
57984,Credit Card,Refunded,Online
57985,UPI,Successful,POS
57986,Net Banking,Successful,Online
57987,Credit Card,Failed,Online
57988,UPI,Successful,Online
57989,Credit Card,Refunded,Online
57990,Credit Card,Successful,Online
57991,UPI,Failed,Online
57992,Debit Card,Successful,Online
57993,Debit Card,Refunded,Online
57994,Debit Card,Failed,Online
57995,Credit Card,Refunded,Online
57996,Wallet,Successful,Online
57997,UPI,Successful,Online
57998,Credit Card,Successful,POS
57999,UPI,Failed,Online
58000,Debit Card,Successful,Online
58001,UPI,Successful,Online
58002,UPI,Successful,Online
58003,Debit Card,Successful,Online
58004,Credit Card,Successful,Online
58005,UPI,Successful,Online
58006,Credit Card,Successful,Online
58007,Debit Card,Successful,Online
58008,UPI,Successful,POS
58009,UPI,Successful,Online
58010,Wallet,Successful,Online
58011,Credit Card,Successful,Online
58012,Credit Card,Failed,Online
58013,Debit Card,Successful,Online
58014,Credit Card,Refunded,Online
58015,UPI,Successful,Online
58016,UPI,Successful,Online
58017,Credit Card,Successful,POS
58018,Net Banking,Failed,POS
58019,UPI,Successful,Online
58020,UPI,Successful,Online
58021,Net Banking,Successful,Online
58022,UPI,Successful,Online
58023,Credit Card,Successful,Online
58024,UPI,Refunded,Online
58025,Credit Card,Successful,Online
58026,Credit Card,Successful,Online
58027,UPI,Refunded,POS
58028,Credit Card,Successful,Online
58029,Debit Card,Successful,Online
58030,Debit Card,Failed,POS
58031,Credit Card,Successful,POS
58032,Credit Card,Refunded,Online
58033,Credit Card,Failed,Online
58034,Credit Card,Failed,Online
58035,Debit Card,Failed,Online
58036,Debit Card,Successful,Online
58037,Credit Card,Refunded,Online
58038,UPI,Successful,POS
58039,UPI,Successful,POS
58040,UPI,Failed,POS
58041,Net Banking,Successful,POS
58042,Debit Card,Refunded,Online
58043,Credit Card,Refunded,Online
58044,UPI,Failed,Online
58045,UPI,Failed,Online
58046,Net Banking,Successful,Online
58047,Net Banking,Failed,Online
58048,UPI,Successful,Online
58049,Debit Card,Failed,Online
58050,Credit Card,Refunded,Online
58051,UPI,Successful,POS
58052,Debit Card,Successful,Online
58053,Credit Card,Successful,Online
58054,Debit Card,Successful,Online
58055,UPI,Failed,POS
58056,UPI,Successful,Online
58057,UPI,Failed,Online
58058,UPI,Successful,Online
58059,Credit Card,Refunded,POS
58060,UPI,Successful,Online
58061,Credit Card,Successful,Online
58062,UPI,Successful,POS
58063,Debit Card,Successful,Online
58064,Credit Card,Failed,Online
58065,Debit Card,Successful,Online
58066,UPI,Refunded,Online
58067,UPI,Refunded,Online
58068,UPI,Successful,Online
58069,UPI,Successful,Online
58070,UPI,Successful,Online
58071,UPI,Successful,Online
58072,Credit Card,Refunded,Online
58073,Wallet,Refunded,Online
58074,UPI,Successful,Online
58075,Net Banking,Successful,Online
58076,UPI,Refunded,POS
58077,Debit Card,Successful,Online
58078,Credit Card,Successful,Online
58079,Net Banking,Successful,Online
58080,UPI,Refunded,Online
58081,UPI,Failed,Online
58082,UPI,Successful,Online
58083,Credit Card,Failed,POS
58084,Net Banking,Successful,Online
58085,Debit Card,Failed,Online
58086,Debit Card,Failed,POS
58087,Credit Card,Successful,POS
58088,Net Banking,Successful,Online
58089,Credit Card,Refunded,Online
58090,UPI,Successful,Online
58091,Net Banking,Failed,POS
58092,UPI,Successful,Online
58093,UPI,Refunded,POS
58094,UPI,Successful,Online
58095,Credit Card,Failed,POS
58096,Credit Card,Successful,Online
58097,UPI,Successful,Online
58098,Debit Card,Successful,Online
58099,Debit Card,Successful,Online
58100,Net Banking,Successful,Online
58101,Credit Card,Refunded,Online
58102,Debit Card,Successful,POS
58103,Debit Card,Successful,Online
58104,UPI,Failed,Online
58105,UPI,Failed,POS
58106,Credit Card,Successful,POS
58107,UPI,Refunded,Online
58108,UPI,Successful,Online
58109,Credit Card,Successful,Online
58110,UPI,Refunded,Online
58111,UPI,Successful,Online
58112,Credit Card,Successful,Online
58113,Debit Card,Successful,Online
58114,Net Banking,Refunded,Online
58115,Credit Card,Successful,Online
58116,Credit Card,Successful,Online
58117,Credit Card,Successful,POS
58118,UPI,Successful,Online
58119,UPI,Successful,Online
58120,Debit Card,Refunded,Online
58121,Credit Card,Successful,Online
58122,Debit Card,Successful,Online
58123,Debit Card,Refunded,Online
58124,UPI,Successful,Online
58125,Credit Card,Successful,Online
58126,Credit Card,Successful,Online
58127,Credit Card,Successful,Online
58128,Credit Card,Failed,POS
58129,Wallet,Refunded,Online
58130,Debit Card,Successful,Online
58131,Net Banking,Successful,POS
58132,UPI,Refunded,Online
58133,UPI,Refunded,POS
58134,UPI,Successful,Online
58135,UPI,Successful,Online
58136,Credit Card,Failed,Online
58137,Credit Card,Refunded,POS
58138,Credit Card,Refunded,Online
58139,Net Banking,Refunded,Online
58140,Net Banking,Successful,Online
58141,UPI,Refunded,Online
58142,Net Banking,Successful,Online
58143,Credit Card,Successful,Online
58144,Credit Card,Successful,Online
58145,Debit Card,Refunded,Online
58146,UPI,Failed,Online
58147,Net Banking,Successful,Online
58148,Debit Card,Refunded,POS
58149,Net Banking,Refunded,Online
58150,Wallet,Successful,Online
58151,Credit Card,Successful,Online
58152,UPI,Successful,Online
58153,UPI,Successful,Online
58154,UPI,Successful,POS
58155,UPI,Successful,Online
58156,Debit Card,Successful,Online
58157,UPI,Failed,Online
58158,Wallet,Failed,POS
58159,Debit Card,Failed,Online
58160,UPI,Successful,Online
58161,Credit Card,Refunded,Online
58162,Credit Card,Successful,POS
58163,Credit Card,Refunded,Online
58164,Credit Card,Successful,Online
58165,UPI,Successful,Online
58166,Debit Card,Failed,Online
58167,Credit Card,Successful,POS
58168,Debit Card,Successful,POS
58169,Debit Card,Successful,Online
58170,UPI,Refunded,Online
58171,UPI,Failed,Online
58172,Debit Card,Successful,Online
58173,Wallet,Refunded,POS
58174,Credit Card,Refunded,POS
58175,UPI,Failed,POS
58176,UPI,Successful,Online
58177,UPI,Failed,Online
58178,UPI,Failed,Online
58179,Credit Card,Successful,POS
58180,Debit Card,Successful,Online
58181,UPI,Refunded,Online
58182,UPI,Failed,Online
58183,UPI,Successful,POS
58184,Net Banking,Successful,POS
58185,Credit Card,Successful,POS
58186,Wallet,Refunded,Online
58187,Credit Card,Successful,Online
58188,UPI,Successful,POS
58189,UPI,Successful,Online
58190,Debit Card,Refunded,Online
58191,Credit Card,Successful,Online
58192,Credit Card,Refunded,Online
58193,Debit Card,Successful,Online
58194,Debit Card,Refunded,POS
58195,UPI,Successful,Online
58196,Debit Card,Successful,Online
58197,Credit Card,Successful,POS
58198,Credit Card,Refunded,Online
58199,Credit Card,Refunded,POS
58200,Credit Card,Refunded,Online
58201,UPI,Successful,Online
58202,Credit Card,Successful,Online
58203,UPI,Successful,Online
58204,UPI,Failed,Online
58205,UPI,Successful,Online
58206,UPI,Successful,Online
58207,UPI,Refunded,POS
58208,UPI,Refunded,Online
58209,Net Banking,Successful,POS
58210,UPI,Successful,Online
58211,Credit Card,Refunded,Online
58212,UPI,Successful,Online
58213,Debit Card,Failed,Online
58214,UPI,Failed,Online
58215,UPI,Failed,Online
58216,UPI,Successful,Online
58217,Wallet,Failed,Online
58218,Credit Card,Refunded,POS
58219,UPI,Successful,Online
58220,UPI,Refunded,Online
58221,UPI,Refunded,POS
58222,UPI,Successful,POS
58223,Debit Card,Successful,Online
58224,Credit Card,Failed,Online
58225,Credit Card,Successful,Online
58226,UPI,Successful,POS
58227,Credit Card,Successful,POS
58228,UPI,Successful,POS
58229,UPI,Failed,Online
58230,Debit Card,Successful,Online
58231,UPI,Refunded,POS
58232,Credit Card,Failed,Online
58233,Net Banking,Successful,Online
58234,UPI,Successful,POS
58235,Net Banking,Successful,Online
58236,UPI,Failed,POS
58237,UPI,Refunded,Online
58238,Credit Card,Successful,Online
58239,Credit Card,Successful,Online
58240,UPI,Successful,Online
58241,Debit Card,Successful,Online
58242,Wallet,Refunded,Online
58243,UPI,Successful,Online
58244,Net Banking,Refunded,POS
58245,Credit Card,Successful,Online
58246,Net Banking,Successful,Online
58247,UPI,Failed,POS
58248,Debit Card,Successful,Online
58249,UPI,Refunded,Online
58250,Net Banking,Refunded,Online
58251,Debit Card,Successful,POS
58252,UPI,Refunded,Online
58253,UPI,Failed,Online
58254,Debit Card,Failed,Online
58255,Credit Card,Successful,Online
58256,UPI,Successful,Online
58257,Credit Card,Successful,Online
58258,Net Banking,Refunded,POS
58259,UPI,Refunded,POS
58260,UPI,Successful,POS
58261,Net Banking,Failed,Online
58262,Credit Card,Successful,POS
58263,UPI,Successful,Online
58264,UPI,Failed,Online
58265,Net Banking,Refunded,Online
58266,UPI,Successful,POS
58267,Credit Card,Successful,Online
58268,Net Banking,Successful,Online
58269,UPI,Failed,POS
58270,Net Banking,Failed,POS
58271,Credit Card,Successful,POS
58272,Debit Card,Failed,Online
58273,UPI,Successful,Online
58274,Debit Card,Successful,Online
58275,UPI,Failed,POS
58276,UPI,Refunded,Online
58277,Wallet,Failed,Online
58278,UPI,Refunded,Online
58279,Net Banking,Failed,POS
58280,UPI,Successful,Online
58281,Credit Card,Failed,Online
58282,Net Banking,Successful,Online
58283,UPI,Refunded,Online
58284,Net Banking,Failed,Online
58285,Credit Card,Refunded,Online
58286,UPI,Successful,Online
58287,Debit Card,Successful,Online
58288,UPI,Refunded,Online
58289,UPI,Successful,Online
58290,Debit Card,Successful,POS
58291,UPI,Failed,Online
58292,UPI,Successful,Online
58293,Debit Card,Successful,Online
58294,Debit Card,Successful,Online
58295,Credit Card,Refunded,Online
58296,Credit Card,Failed,Online
58297,Debit Card,Failed,Online
58298,Credit Card,Failed,Online
58299,Credit Card,Refunded,POS
58300,Wallet,Refunded,Online
58301,UPI,Failed,POS
58302,Credit Card,Successful,Online
58303,Net Banking,Failed,Online
58304,Debit Card,Refunded,Online
58305,Net Banking,Failed,Online
58306,UPI,Refunded,POS
58307,UPI,Failed,Online
58308,Net Banking,Successful,POS
58309,Credit Card,Successful,Online
58310,Debit Card,Refunded,Online
58311,UPI,Refunded,Online
58312,Debit Card,Successful,Online
58313,Credit Card,Successful,Online
58314,UPI,Successful,Online
58315,Credit Card,Refunded,Online
58316,Debit Card,Refunded,Online
58317,UPI,Failed,Online
58318,Credit Card,Successful,Online
58319,Credit Card,Successful,Online
58320,UPI,Successful,Online
58321,Debit Card,Successful,Online
58322,UPI,Successful,Online
58323,UPI,Successful,POS
58324,Credit Card,Successful,Online
58325,Debit Card,Refunded,Online
58326,Net Banking,Failed,Online
58327,UPI,Successful,Online
58328,Credit Card,Successful,Online
58329,UPI,Failed,Online
58330,Debit Card,Successful,Online
58331,Credit Card,Successful,Online
58332,Debit Card,Successful,Online
58333,UPI,Successful,Online
58334,Net Banking,Successful,Online
58335,Credit Card,Failed,Online
58336,Wallet,Successful,Online
58337,UPI,Successful,Online
58338,Credit Card,Failed,Online
58339,Debit Card,Failed,Online
58340,Credit Card,Successful,Online
58341,UPI,Successful,Online
58342,Wallet,Failed,Online
58343,UPI,Successful,Online
58344,UPI,Successful,Online
58345,Credit Card,Successful,POS
58346,Credit Card,Successful,Online
58347,Debit Card,Refunded,Online
58348,Credit Card,Refunded,Online
58349,Credit Card,Failed,Online
58350,Credit Card,Refunded,Online
58351,Credit Card,Successful,Online
58352,Net Banking,Failed,Online
58353,Net Banking,Failed,POS
58354,Credit Card,Successful,Online
58355,UPI,Successful,POS
58356,Net Banking,Refunded,POS
58357,UPI,Failed,Online
58358,UPI,Successful,POS
58359,UPI,Successful,Online
58360,UPI,Successful,Online
58361,Debit Card,Successful,POS
58362,Credit Card,Successful,Online
58363,Wallet,Failed,Online
58364,UPI,Successful,Online
58365,Credit Card,Successful,Online
58366,Wallet,Refunded,Online
58367,Net Banking,Refunded,Online
58368,Debit Card,Successful,POS
58369,UPI,Refunded,Online
58370,Debit Card,Successful,Online
58371,UPI,Failed,POS
58372,Credit Card,Failed,Online
58373,Credit Card,Failed,Online
58374,Credit Card,Refunded,POS
58375,Debit Card,Refunded,Online
58376,Debit Card,Successful,POS
58377,UPI,Successful,Online
58378,Credit Card,Failed,Online
58379,Debit Card,Refunded,Online
58380,UPI,Successful,Online
58381,UPI,Failed,Online
58382,UPI,Failed,POS
58383,Credit Card,Successful,Online
58384,Wallet,Successful,Online
58385,UPI,Refunded,Online
58386,Credit Card,Successful,Online
58387,Debit Card,Successful,POS
58388,UPI,Refunded,POS
58389,Net Banking,Failed,Online
58390,Credit Card,Successful,Online
58391,Net Banking,Successful,Online
58392,UPI,Successful,Online
58393,UPI,Successful,Online
58394,UPI,Successful,Online
58395,UPI,Successful,Online
58396,Net Banking,Successful,Online
58397,UPI,Failed,POS
58398,Credit Card,Successful,Online
58399,UPI,Successful,Online
58400,Net Banking,Successful,Online
58401,Debit Card,Failed,Online
58402,Credit Card,Successful,Online
58403,UPI,Successful,Online
58404,Credit Card,Failed,Online
58405,UPI,Successful,Online
58406,UPI,Successful,Online
58407,Credit Card,Failed,Online
58408,Wallet,Successful,POS
58409,Net Banking,Failed,Online
58410,Credit Card,Successful,Online
58411,Credit Card,Successful,Online
58412,Wallet,Successful,Online
58413,Credit Card,Successful,POS
58414,Credit Card,Failed,Online
58415,Net Banking,Failed,Online
58416,UPI,Successful,POS
58417,UPI,Successful,POS
58418,Credit Card,Successful,Online
58419,UPI,Failed,Online
58420,UPI,Successful,Online
58421,Credit Card,Failed,POS
58422,Credit Card,Failed,Online
58423,Wallet,Refunded,Online
58424,UPI,Successful,POS
58425,UPI,Successful,Online
58426,UPI,Refunded,Online
58427,Credit Card,Successful,Online
58428,Debit Card,Successful,Online
58429,Credit Card,Successful,Online
58430,UPI,Successful,Online
58431,Credit Card,Successful,Online
58432,Credit Card,Successful,Online
58433,UPI,Successful,POS
58434,Credit Card,Successful,Online
58435,Credit Card,Refunded,Online
58436,Wallet,Successful,Online
58437,Net Banking,Successful,Online
58438,Debit Card,Failed,Online
58439,Net Banking,Refunded,POS
58440,Debit Card,Refunded,Online
58441,Net Banking,Successful,POS
58442,UPI,Successful,Online
58443,Credit Card,Failed,Online
58444,Debit Card,Successful,Online
58445,Credit Card,Successful,Online
58446,UPI,Successful,Online
58447,UPI,Successful,Online
58448,UPI,Successful,Online
58449,UPI,Refunded,Online
58450,UPI,Refunded,Online
58451,Credit Card,Successful,Online
58452,Net Banking,Successful,Online
58453,Debit Card,Successful,Online
58454,Net Banking,Successful,Online
58455,Net Banking,Successful,Online
58456,Credit Card,Successful,Online
58457,UPI,Successful,Online
58458,UPI,Refunded,Online
58459,Net Banking,Failed,Online
58460,UPI,Refunded,Online
58461,Debit Card,Successful,Online
58462,UPI,Failed,Online
58463,Wallet,Successful,Online
58464,Credit Card,Successful,POS
58465,Debit Card,Failed,Online
58466,UPI,Successful,Online
58467,UPI,Failed,Online
58468,Credit Card,Successful,Online
58469,Wallet,Successful,Online
58470,Credit Card,Refunded,Online
58471,Net Banking,Failed,Online
58472,Debit Card,Failed,Online
58473,Debit Card,Successful,Online
58474,Credit Card,Refunded,Online
58475,Credit Card,Successful,Online
58476,UPI,Successful,Online
58477,Wallet,Successful,Online
58478,Wallet,Successful,Online
58479,Debit Card,Refunded,Online
58480,UPI,Successful,Online
58481,UPI,Successful,Online
58482,Wallet,Successful,Online
58483,UPI,Successful,Online
58484,Net Banking,Successful,Online
58485,UPI,Successful,Online
58486,Credit Card,Successful,Online
58487,Net Banking,Successful,Online
58488,UPI,Successful,Online
58489,UPI,Successful,Online
58490,Wallet,Failed,POS
58491,Debit Card,Successful,Online
58492,Debit Card,Successful,POS
58493,Debit Card,Refunded,Online
58494,UPI,Failed,Online
58495,UPI,Successful,Online
58496,Credit Card,Successful,Online
58497,UPI,Successful,Online
58498,Credit Card,Successful,Online
58499,Debit Card,Successful,Online
58500,UPI,Successful,Online
58501,Debit Card,Successful,POS
58502,UPI,Successful,Online
58503,UPI,Refunded,Online
58504,Credit Card,Successful,Online
58505,Net Banking,Successful,Online
58506,UPI,Refunded,POS
58507,Credit Card,Successful,Online
58508,Debit Card,Failed,POS
58509,UPI,Successful,Online
58510,Credit Card,Successful,Online
58511,Net Banking,Refunded,Online
58512,Credit Card,Refunded,Online
58513,UPI,Successful,POS
58514,Credit Card,Refunded,Online
58515,Credit Card,Successful,POS
58516,UPI,Successful,Online
58517,UPI,Successful,Online
58518,UPI,Successful,Online
58519,UPI,Failed,POS
58520,UPI,Refunded,Online
58521,Credit Card,Successful,Online
58522,UPI,Failed,Online
58523,Net Banking,Failed,Online
58524,Credit Card,Refunded,Online
58525,Net Banking,Refunded,Online
58526,Credit Card,Successful,Online
58527,UPI,Refunded,POS
58528,Credit Card,Failed,Online
58529,Net Banking,Refunded,Online
58530,UPI,Successful,Online
58531,UPI,Successful,Online
58532,UPI,Successful,Online
58533,Credit Card,Refunded,Online
58534,UPI,Successful,POS
58535,UPI,Successful,Online
58536,UPI,Successful,Online
58537,Debit Card,Successful,Online
58538,Credit Card,Successful,Online
58539,Credit Card,Successful,Online
58540,Credit Card,Successful,POS
58541,Credit Card,Failed,Online
58542,UPI,Successful,Online
58543,Credit Card,Failed,Online
58544,UPI,Successful,Online
58545,Credit Card,Successful,Online
58546,Credit Card,Successful,Online
58547,UPI,Successful,Online
58548,UPI,Refunded,POS
58549,UPI,Refunded,Online
58550,UPI,Refunded,Online
58551,UPI,Successful,Online
58552,Wallet,Successful,Online
58553,UPI,Successful,Online
58554,Credit Card,Successful,POS
58555,Debit Card,Failed,Online
58556,Credit Card,Successful,POS
58557,Wallet,Refunded,POS
58558,Net Banking,Refunded,Online
58559,Debit Card,Refunded,POS
58560,Wallet,Successful,Online
58561,UPI,Successful,POS
58562,Credit Card,Successful,Online
58563,Net Banking,Successful,Online
58564,Credit Card,Successful,Online
58565,Wallet,Successful,POS
58566,UPI,Successful,POS
58567,Credit Card,Successful,Online
58568,Wallet,Successful,POS
58569,UPI,Successful,POS
58570,Debit Card,Successful,Online
58571,UPI,Successful,Online
58572,Debit Card,Successful,POS
58573,Net Banking,Successful,Online
58574,Credit Card,Successful,POS
58575,UPI,Successful,POS
58576,UPI,Successful,POS
58577,Net Banking,Successful,Online
58578,Debit Card,Successful,Online
58579,UPI,Successful,Online
58580,UPI,Successful,Online
58581,Debit Card,Successful,Online
58582,Debit Card,Successful,POS
58583,UPI,Successful,Online
58584,UPI,Failed,POS
58585,Debit Card,Successful,POS
58586,Credit Card,Successful,POS
58587,Wallet,Successful,POS
58588,Credit Card,Failed,POS
58589,Debit Card,Failed,Online
58590,Credit Card,Successful,Online
58591,Wallet,Successful,Online
58592,Credit Card,Refunded,Online
58593,UPI,Successful,Online
58594,UPI,Failed,Online
58595,Net Banking,Successful,Online
58596,Credit Card,Refunded,Online
58597,UPI,Successful,Online
58598,Credit Card,Refunded,POS
58599,UPI,Successful,POS
58600,UPI,Successful,POS
58601,UPI,Successful,Online
58602,Credit Card,Successful,Online
58603,Debit Card,Successful,Online
58604,Net Banking,Successful,Online
58605,Net Banking,Successful,POS
58606,Credit Card,Successful,Online
58607,Debit Card,Failed,Online
58608,UPI,Refunded,Online
58609,UPI,Successful,Online
58610,UPI,Successful,Online
58611,Credit Card,Refunded,POS
58612,UPI,Successful,POS
58613,UPI,Refunded,POS
58614,Credit Card,Successful,POS
58615,UPI,Successful,Online
58616,Credit Card,Successful,Online
58617,Credit Card,Refunded,Online
58618,UPI,Successful,POS
58619,UPI,Successful,POS
58620,UPI,Refunded,Online
58621,UPI,Successful,Online
58622,Credit Card,Failed,Online
58623,Debit Card,Failed,Online
58624,UPI,Successful,Online
58625,Credit Card,Successful,Online
58626,Debit Card,Successful,Online
58627,UPI,Successful,Online
58628,UPI,Successful,POS
58629,Credit Card,Failed,Online
58630,Credit Card,Successful,Online
58631,Credit Card,Refunded,POS
58632,Debit Card,Successful,Online
58633,UPI,Refunded,POS
58634,Credit Card,Failed,Online
58635,UPI,Refunded,Online
58636,Debit Card,Refunded,Online
58637,Net Banking,Successful,Online
58638,UPI,Refunded,POS
58639,UPI,Successful,Online
58640,UPI,Successful,Online
58641,UPI,Refunded,POS
58642,UPI,Refunded,Online
58643,Credit Card,Successful,POS
58644,Wallet,Successful,Online
58645,Credit Card,Refunded,POS
58646,UPI,Refunded,POS
58647,UPI,Successful,Online
58648,UPI,Successful,Online
58649,UPI,Successful,Online
58650,Debit Card,Successful,Online
58651,UPI,Successful,POS
58652,Wallet,Successful,POS
58653,Credit Card,Successful,Online
58654,Credit Card,Successful,POS
58655,UPI,Failed,Online
58656,Debit Card,Successful,Online
58657,Credit Card,Successful,Online
58658,UPI,Successful,POS
58659,UPI,Failed,Online
58660,Net Banking,Failed,POS
58661,UPI,Successful,POS
58662,Credit Card,Successful,Online
58663,UPI,Failed,Online
58664,UPI,Successful,Online
58665,UPI,Successful,POS
58666,UPI,Refunded,Online
58667,Debit Card,Failed,POS
58668,Credit Card,Successful,Online
58669,Debit Card,Successful,POS
58670,Debit Card,Failed,Online
58671,UPI,Successful,Online
58672,Credit Card,Successful,Online
58673,Debit Card,Failed,Online
58674,Credit Card,Successful,Online
58675,Credit Card,Refunded,Online
58676,Debit Card,Successful,Online
58677,UPI,Successful,Online
58678,Debit Card,Failed,Online
58679,UPI,Successful,Online
58680,Credit Card,Refunded,Online
58681,UPI,Successful,POS
58682,Net Banking,Successful,Online
58683,Credit Card,Successful,Online
58684,Credit Card,Failed,Online
58685,Debit Card,Failed,Online
58686,Net Banking,Successful,POS
58687,Debit Card,Failed,POS
58688,UPI,Refunded,Online
58689,Net Banking,Successful,Online
58690,Credit Card,Refunded,Online
58691,Credit Card,Successful,Online
58692,Net Banking,Refunded,Online
58693,UPI,Successful,Online
58694,UPI,Refunded,Online
58695,Credit Card,Successful,POS
58696,Debit Card,Successful,Online
58697,Credit Card,Refunded,Online
58698,Credit Card,Refunded,Online
58699,Credit Card,Failed,Online
58700,Credit Card,Refunded,POS
58701,Net Banking,Failed,Online
58702,UPI,Refunded,Online
58703,Debit Card,Successful,Online
58704,Debit Card,Failed,Online
58705,Credit Card,Successful,POS
58706,UPI,Successful,Online
58707,UPI,Successful,Online
58708,Debit Card,Successful,POS
58709,UPI,Successful,Online
58710,UPI,Successful,POS
58711,UPI,Failed,Online
58712,Credit Card,Successful,Online
58713,Debit Card,Successful,Online
58714,Debit Card,Successful,Online
58715,Credit Card,Refunded,Online
58716,Debit Card,Refunded,Online
58717,Debit Card,Successful,Online
58718,UPI,Failed,POS
58719,UPI,Successful,Online
58720,Net Banking,Successful,POS
58721,Debit Card,Successful,Online
58722,Credit Card,Successful,Online
58723,UPI,Successful,Online
58724,Debit Card,Successful,Online
58725,Credit Card,Failed,Online
58726,Net Banking,Refunded,POS
58727,Wallet,Refunded,Online
58728,Wallet,Refunded,POS
58729,Net Banking,Successful,Online
58730,UPI,Failed,Online
58731,Net Banking,Successful,Online
58732,UPI,Refunded,Online
58733,Net Banking,Successful,Online
58734,UPI,Successful,POS
58735,Credit Card,Successful,Online
58736,UPI,Successful,Online
58737,Debit Card,Successful,Online
58738,UPI,Successful,Online
58739,Credit Card,Successful,POS
58740,Debit Card,Successful,Online
58741,Debit Card,Refunded,POS
58742,UPI,Successful,Online
58743,Credit Card,Refunded,POS
58744,UPI,Successful,POS
58745,Debit Card,Failed,Online
58746,Wallet,Successful,Online
58747,Debit Card,Refunded,POS
58748,UPI,Successful,Online
58749,UPI,Successful,Online
58750,Wallet,Refunded,Online
58751,UPI,Successful,Online
58752,Credit Card,Successful,Online
58753,Credit Card,Successful,Online
58754,Debit Card,Successful,POS
58755,Net Banking,Refunded,POS
58756,UPI,Successful,Online
58757,Debit Card,Successful,Online
58758,Credit Card,Failed,Online
58759,UPI,Failed,POS
58760,UPI,Refunded,Online
58761,Credit Card,Successful,Online
58762,UPI,Successful,Online
58763,Debit Card,Failed,Online
58764,UPI,Failed,Online
58765,UPI,Successful,Online
58766,UPI,Successful,POS
58767,UPI,Successful,Online
58768,Credit Card,Failed,Online
58769,Credit Card,Refunded,Online
58770,Debit Card,Refunded,POS
58771,Wallet,Successful,POS
58772,Debit Card,Successful,POS
58773,UPI,Successful,POS
58774,Net Banking,Failed,POS
58775,Credit Card,Failed,Online
58776,Credit Card,Failed,POS
58777,Credit Card,Successful,POS
58778,UPI,Successful,Online
58779,Net Banking,Failed,Online
58780,UPI,Successful,Online
58781,Credit Card,Successful,POS
58782,UPI,Failed,Online
58783,Debit Card,Successful,Online
58784,Debit Card,Successful,Online
58785,UPI,Refunded,Online
58786,Debit Card,Successful,POS
58787,Debit Card,Failed,POS
58788,Credit Card,Successful,Online
58789,Credit Card,Failed,POS
58790,Credit Card,Successful,Online
58791,UPI,Successful,Online
58792,Debit Card,Successful,Online
58793,Credit Card,Successful,Online
58794,Credit Card,Successful,Online
58795,Net Banking,Failed,Online
58796,UPI,Successful,Online
58797,UPI,Successful,Online
58798,UPI,Successful,Online
58799,UPI,Successful,Online
58800,UPI,Successful,Online
58801,Wallet,Failed,Online
58802,UPI,Successful,Online
58803,Debit Card,Successful,Online
58804,UPI,Successful,Online
58805,Credit Card,Failed,POS
58806,Wallet,Refunded,Online
58807,UPI,Failed,Online
58808,Net Banking,Successful,Online
58809,Wallet,Failed,Online
58810,Credit Card,Successful,Online
58811,UPI,Failed,Online
58812,Debit Card,Refunded,Online
58813,Net Banking,Successful,Online
58814,UPI,Successful,Online
58815,Credit Card,Successful,Online
58816,UPI,Successful,Online
58817,UPI,Refunded,Online
58818,Net Banking,Refunded,Online
58819,Credit Card,Successful,Online
58820,UPI,Failed,Online
58821,Credit Card,Refunded,Online
58822,UPI,Successful,Online
58823,UPI,Successful,Online
58824,Credit Card,Failed,POS
58825,Credit Card,Successful,Online
58826,UPI,Successful,Online
58827,UPI,Successful,POS
58828,Credit Card,Refunded,Online
58829,Debit Card,Failed,Online
58830,Net Banking,Failed,Online
58831,UPI,Successful,Online
58832,Credit Card,Successful,Online
58833,Net Banking,Successful,Online
58834,Credit Card,Successful,Online
58835,Net Banking,Failed,Online
58836,Net Banking,Successful,Online
58837,UPI,Failed,Online
58838,UPI,Failed,Online
58839,UPI,Successful,Online
58840,UPI,Successful,Online
58841,Net Banking,Refunded,Online
58842,Net Banking,Refunded,Online
58843,UPI,Successful,Online
58844,Credit Card,Successful,Online
58845,Credit Card,Successful,Online
58846,Credit Card,Successful,Online
58847,Credit Card,Successful,Online
58848,Wallet,Refunded,Online
58849,UPI,Failed,POS
58850,UPI,Successful,Online
58851,UPI,Successful,POS
58852,UPI,Successful,Online
58853,UPI,Successful,POS
58854,Credit Card,Successful,Online
58855,Credit Card,Failed,POS
58856,Debit Card,Failed,Online
58857,Credit Card,Successful,POS
58858,UPI,Refunded,POS
58859,Net Banking,Successful,Online
58860,Net Banking,Successful,Online
58861,UPI,Successful,Online
58862,UPI,Refunded,POS
58863,Net Banking,Successful,Online
58864,UPI,Failed,Online
58865,UPI,Successful,Online
58866,Credit Card,Refunded,Online
58867,UPI,Failed,Online
58868,UPI,Successful,Online
58869,Credit Card,Successful,Online
58870,Debit Card,Failed,Online
58871,Net Banking,Successful,Online
58872,Wallet,Successful,Online
58873,UPI,Successful,Online
58874,UPI,Refunded,Online
58875,Debit Card,Successful,POS
58876,Credit Card,Failed,Online
58877,UPI,Successful,Online
58878,UPI,Refunded,Online
58879,UPI,Successful,Online
58880,Credit Card,Successful,POS
58881,UPI,Refunded,Online
58882,Wallet,Successful,Online
58883,UPI,Refunded,POS
58884,Wallet,Refunded,Online
58885,Net Banking,Successful,Online
58886,Credit Card,Successful,Online
58887,Debit Card,Successful,Online
58888,Debit Card,Refunded,Online
58889,UPI,Successful,Online
58890,UPI,Refunded,Online
58891,Credit Card,Failed,Online
58892,Credit Card,Successful,Online
58893,Credit Card,Successful,POS
58894,Credit Card,Successful,POS
58895,Credit Card,Successful,Online
58896,Credit Card,Successful,POS
58897,Credit Card,Refunded,Online
58898,Credit Card,Successful,Online
58899,Net Banking,Failed,POS
58900,Credit Card,Successful,Online
58901,Debit Card,Successful,Online
58902,Credit Card,Successful,Online
58903,Credit Card,Successful,Online
58904,Credit Card,Successful,Online
58905,UPI,Successful,Online
58906,Wallet,Failed,Online
58907,UPI,Successful,Online
58908,Credit Card,Successful,Online
58909,UPI,Successful,Online
58910,UPI,Successful,Online
58911,Debit Card,Successful,Online
58912,Credit Card,Refunded,Online
58913,Debit Card,Successful,Online
58914,UPI,Failed,POS
58915,UPI,Refunded,Online
58916,UPI,Failed,Online
58917,Credit Card,Successful,Online
58918,Debit Card,Successful,POS
58919,Credit Card,Successful,POS
58920,UPI,Refunded,Online
58921,Wallet,Successful,Online
58922,UPI,Successful,Online
58923,Credit Card,Successful,Online
58924,Credit Card,Failed,Online
58925,UPI,Successful,Online
58926,UPI,Successful,POS
58927,UPI,Successful,POS
58928,Net Banking,Failed,Online
58929,Credit Card,Successful,Online
58930,Debit Card,Successful,Online
58931,Credit Card,Successful,Online
58932,Credit Card,Successful,POS
58933,Debit Card,Failed,POS
58934,Net Banking,Refunded,Online
58935,UPI,Successful,POS
58936,UPI,Failed,Online
58937,Debit Card,Successful,POS
58938,Wallet,Failed,Online
58939,Wallet,Failed,POS
58940,Credit Card,Successful,Online
58941,UPI,Refunded,Online
58942,UPI,Successful,Online
58943,Wallet,Refunded,Online
58944,Credit Card,Successful,Online
58945,UPI,Successful,POS
58946,Net Banking,Successful,Online
58947,UPI,Successful,POS
58948,Debit Card,Refunded,Online
58949,Credit Card,Failed,Online
58950,UPI,Successful,Online
58951,UPI,Successful,Online
58952,UPI,Successful,Online
58953,Credit Card,Successful,Online
58954,Credit Card,Successful,Online
58955,UPI,Successful,Online
58956,Wallet,Successful,Online
58957,UPI,Failed,Online
58958,UPI,Refunded,POS
58959,UPI,Refunded,POS
58960,UPI,Successful,Online
58961,Wallet,Successful,Online
58962,UPI,Successful,Online
58963,Credit Card,Successful,Online
58964,Net Banking,Successful,Online
58965,Credit Card,Refunded,Online
58966,UPI,Successful,Online
58967,Net Banking,Successful,Online
58968,Debit Card,Failed,Online
58969,UPI,Successful,Online
58970,Credit Card,Successful,Online
58971,Net Banking,Successful,POS
58972,Credit Card,Successful,POS
58973,Debit Card,Refunded,POS
58974,Wallet,Refunded,POS
58975,Debit Card,Refunded,Online
58976,UPI,Refunded,Online
58977,UPI,Successful,Online
58978,Credit Card,Successful,Online
58979,UPI,Refunded,Online
58980,Wallet,Refunded,Online
58981,Credit Card,Failed,Online
58982,Credit Card,Failed,Online
58983,Debit Card,Successful,POS
58984,Credit Card,Successful,Online
58985,Credit Card,Refunded,Online
58986,UPI,Successful,POS
58987,Credit Card,Failed,POS
58988,Net Banking,Refunded,POS
58989,Debit Card,Successful,Online
58990,Credit Card,Successful,Online
58991,UPI,Failed,Online
58992,Debit Card,Successful,POS
58993,Wallet,Successful,POS
58994,Credit Card,Successful,POS
58995,Debit Card,Successful,POS
58996,Credit Card,Failed,POS
58997,Credit Card,Successful,Online
58998,Net Banking,Refunded,POS
58999,UPI,Successful,POS
59000,Credit Card,Successful,Online
59001,UPI,Successful,Online
59002,UPI,Failed,Online
59003,Credit Card,Refunded,Online
59004,UPI,Successful,POS
59005,Credit Card,Refunded,Online
59006,UPI,Successful,Online
59007,Debit Card,Refunded,POS
59008,UPI,Successful,Online
59009,Debit Card,Successful,Online
59010,Credit Card,Successful,Online
59011,Wallet,Successful,POS
59012,Net Banking,Failed,POS
59013,UPI,Failed,POS
59014,UPI,Successful,Online
59015,Debit Card,Successful,POS
59016,Credit Card,Successful,Online
59017,UPI,Refunded,Online
59018,UPI,Successful,Online
59019,Credit Card,Failed,Online
59020,Net Banking,Failed,POS
59021,Net Banking,Failed,Online
59022,UPI,Successful,Online
59023,Credit Card,Refunded,Online
59024,UPI,Refunded,Online
59025,Credit Card,Refunded,Online
59026,Debit Card,Successful,Online
59027,Debit Card,Failed,Online
59028,Credit Card,Failed,Online
59029,UPI,Successful,POS
59030,Credit Card,Successful,Online
59031,Net Banking,Successful,Online
59032,UPI,Successful,Online
59033,UPI,Failed,POS
59034,Debit Card,Refunded,Online
59035,Debit Card,Failed,POS
59036,Net Banking,Successful,Online
59037,Credit Card,Successful,Online
59038,Credit Card,Successful,Online
59039,Credit Card,Successful,Online
59040,Net Banking,Successful,Online
59041,Debit Card,Refunded,Online
59042,Net Banking,Failed,Online
59043,UPI,Successful,Online
59044,Debit Card,Successful,Online
59045,Credit Card,Successful,Online
59046,UPI,Failed,Online
59047,UPI,Refunded,Online
59048,Debit Card,Successful,Online
59049,UPI,Successful,Online
59050,Net Banking,Refunded,Online
59051,Debit Card,Refunded,Online
59052,UPI,Refunded,Online
59053,Debit Card,Successful,Online
59054,UPI,Refunded,Online
59055,Credit Card,Successful,Online
59056,Credit Card,Successful,Online
59057,Net Banking,Successful,Online
59058,Credit Card,Successful,Online
59059,Debit Card,Successful,POS
59060,Debit Card,Refunded,Online
59061,Credit Card,Refunded,Online
59062,Credit Card,Successful,Online
59063,Debit Card,Successful,Online
59064,UPI,Successful,Online
59065,Net Banking,Successful,Online
59066,Debit Card,Failed,Online
59067,UPI,Successful,Online
59068,Wallet,Failed,Online
59069,UPI,Successful,Online
59070,Net Banking,Successful,Online
59071,UPI,Refunded,POS
59072,Debit Card,Successful,POS
59073,Credit Card,Successful,POS
59074,Debit Card,Successful,Online
59075,UPI,Successful,Online
59076,UPI,Successful,POS
59077,UPI,Successful,Online
59078,Net Banking,Refunded,Online
59079,UPI,Successful,Online
59080,Debit Card,Failed,POS
59081,Net Banking,Failed,Online
59082,Net Banking,Failed,POS
59083,UPI,Successful,Online
59084,Net Banking,Successful,Online
59085,UPI,Successful,Online
59086,Debit Card,Successful,POS
59087,Debit Card,Successful,POS
59088,UPI,Failed,Online
59089,UPI,Refunded,Online
59090,Credit Card,Failed,Online
59091,Credit Card,Successful,Online
59092,Net Banking,Refunded,Online
59093,UPI,Successful,Online
59094,Net Banking,Successful,Online
59095,Credit Card,Successful,Online
59096,Wallet,Successful,POS
59097,Debit Card,Successful,Online
59098,Net Banking,Refunded,Online
59099,UPI,Successful,Online
59100,Credit Card,Refunded,POS
59101,UPI,Successful,Online
59102,UPI,Successful,Online
59103,Credit Card,Successful,Online
59104,Debit Card,Successful,POS
59105,UPI,Successful,POS
59106,Credit Card,Failed,POS
59107,Credit Card,Refunded,Online
59108,UPI,Successful,Online
59109,Credit Card,Refunded,Online
59110,Debit Card,Failed,Online
59111,UPI,Successful,Online
59112,Debit Card,Successful,POS
59113,Credit Card,Failed,Online
59114,Net Banking,Successful,Online
59115,UPI,Failed,Online
59116,Net Banking,Successful,Online
59117,UPI,Successful,Online
59118,Credit Card,Refunded,Online
59119,UPI,Successful,Online
59120,Net Banking,Successful,Online
59121,Debit Card,Successful,Online
59122,UPI,Failed,Online
59123,UPI,Successful,Online
59124,UPI,Refunded,Online
59125,UPI,Failed,Online
59126,Credit Card,Successful,Online
59127,Debit Card,Successful,Online
59128,Wallet,Refunded,Online
59129,Wallet,Successful,Online
59130,Debit Card,Successful,Online
59131,UPI,Successful,Online
59132,UPI,Failed,Online
59133,Credit Card,Successful,Online
59134,Credit Card,Successful,Online
59135,Credit Card,Failed,Online
59136,Wallet,Refunded,Online
59137,Net Banking,Failed,Online
59138,UPI,Successful,POS
59139,UPI,Successful,POS
59140,Net Banking,Successful,Online
59141,Net Banking,Failed,Online
59142,UPI,Successful,Online
59143,Debit Card,Successful,POS
59144,Debit Card,Successful,Online
59145,Credit Card,Successful,POS
59146,UPI,Successful,Online
59147,Net Banking,Successful,POS
59148,Debit Card,Failed,POS
59149,UPI,Successful,Online
59150,Debit Card,Failed,Online
59151,Debit Card,Failed,Online
59152,Net Banking,Refunded,POS
59153,UPI,Successful,Online
59154,Wallet,Successful,Online
59155,UPI,Refunded,Online
59156,Credit Card,Successful,POS
59157,Debit Card,Successful,Online
59158,Credit Card,Successful,Online
59159,Credit Card,Successful,POS
59160,Net Banking,Successful,POS
59161,Credit Card,Failed,Online
59162,Credit Card,Successful,POS
59163,UPI,Successful,Online
59164,UPI,Successful,Online
59165,UPI,Successful,POS
59166,Wallet,Successful,Online
59167,Debit Card,Failed,Online
59168,Wallet,Refunded,POS
59169,UPI,Refunded,POS
59170,Debit Card,Refunded,Online
59171,UPI,Failed,Online
59172,Debit Card,Successful,POS
59173,Credit Card,Successful,POS
59174,UPI,Successful,Online
59175,Credit Card,Refunded,POS
59176,UPI,Successful,Online
59177,Debit Card,Successful,Online
59178,Debit Card,Refunded,POS
59179,Debit Card,Failed,POS
59180,Wallet,Successful,Online
59181,Credit Card,Successful,POS
59182,Credit Card,Successful,Online
59183,Debit Card,Successful,Online
59184,Credit Card,Successful,Online
59185,UPI,Successful,Online
59186,Net Banking,Successful,Online
59187,UPI,Refunded,Online
59188,UPI,Successful,POS
59189,UPI,Failed,Online
59190,UPI,Failed,POS
59191,UPI,Refunded,Online
59192,UPI,Successful,Online
59193,Credit Card,Refunded,Online
59194,UPI,Successful,POS
59195,UPI,Successful,Online
59196,Debit Card,Failed,Online
59197,UPI,Successful,Online
59198,UPI,Successful,Online
59199,Credit Card,Successful,Online
59200,UPI,Refunded,Online
59201,UPI,Successful,Online
59202,Credit Card,Successful,Online
59203,Debit Card,Successful,Online
59204,Credit Card,Successful,POS
59205,Net Banking,Refunded,Online
59206,Credit Card,Successful,Online
59207,Credit Card,Successful,POS
59208,UPI,Failed,POS
59209,Debit Card,Successful,Online
59210,UPI,Successful,POS
59211,Credit Card,Successful,POS
59212,Credit Card,Successful,Online
59213,Debit Card,Successful,Online
59214,Net Banking,Refunded,Online
59215,Wallet,Successful,Online
59216,UPI,Successful,POS
59217,UPI,Successful,Online
59218,Debit Card,Failed,Online
59219,Credit Card,Refunded,Online
59220,Credit Card,Refunded,POS
59221,Debit Card,Refunded,Online
59222,Credit Card,Successful,Online
59223,Wallet,Successful,Online
59224,Credit Card,Successful,Online
59225,Credit Card,Successful,Online
59226,Credit Card,Successful,Online
59227,Debit Card,Failed,POS
59228,Credit Card,Refunded,Online
59229,Credit Card,Successful,Online
59230,Wallet,Refunded,POS
59231,Credit Card,Refunded,Online
59232,Credit Card,Failed,Online
59233,Debit Card,Refunded,Online
59234,Debit Card,Refunded,Online
59235,UPI,Failed,Online
59236,Credit Card,Failed,Online
59237,Debit Card,Successful,Online
59238,Credit Card,Refunded,POS
59239,Debit Card,Successful,POS
59240,Credit Card,Successful,Online
59241,Wallet,Successful,POS
59242,UPI,Failed,Online
59243,UPI,Refunded,POS
59244,Credit Card,Successful,Online
59245,Credit Card,Refunded,Online
59246,UPI,Successful,Online
59247,UPI,Successful,Online
59248,Debit Card,Successful,Online
59249,UPI,Failed,POS
59250,Credit Card,Refunded,POS
59251,Debit Card,Failed,POS
59252,Debit Card,Successful,Online
59253,UPI,Refunded,Online
59254,Credit Card,Refunded,Online
59255,Credit Card,Refunded,Online
59256,Net Banking,Successful,Online
59257,Net Banking,Refunded,Online
59258,UPI,Successful,POS
59259,UPI,Refunded,Online
59260,UPI,Successful,Online
59261,UPI,Successful,Online
59262,Credit Card,Refunded,POS
59263,Debit Card,Failed,Online
59264,UPI,Successful,Online
59265,Debit Card,Failed,POS
59266,Net Banking,Failed,Online
59267,Debit Card,Successful,POS
59268,UPI,Successful,Online
59269,Credit Card,Failed,Online
59270,Credit Card,Successful,Online
59271,Net Banking,Successful,Online
59272,UPI,Successful,Online
59273,Credit Card,Failed,Online
59274,Credit Card,Successful,Online
59275,Credit Card,Refunded,Online
59276,Debit Card,Failed,POS
59277,UPI,Failed,Online
59278,Credit Card,Successful,Online
59279,UPI,Successful,Online
59280,UPI,Refunded,POS
59281,Debit Card,Successful,Online
59282,UPI,Failed,Online
59283,UPI,Failed,Online
59284,Debit Card,Refunded,POS
59285,Debit Card,Failed,Online
59286,UPI,Successful,Online
59287,Credit Card,Successful,POS
59288,UPI,Refunded,POS
59289,UPI,Refunded,POS
59290,Credit Card,Successful,POS
59291,UPI,Successful,Online
59292,Wallet,Refunded,Online
59293,UPI,Failed,Online
59294,Debit Card,Successful,POS
59295,Net Banking,Successful,Online
59296,Wallet,Refunded,Online
59297,Credit Card,Successful,Online
59298,Net Banking,Refunded,Online
59299,Wallet,Failed,POS
59300,UPI,Successful,Online
59301,Credit Card,Failed,Online
59302,UPI,Successful,POS
59303,Credit Card,Successful,Online
59304,Credit Card,Successful,Online
59305,UPI,Successful,Online
59306,Debit Card,Refunded,Online
59307,UPI,Refunded,Online
59308,Debit Card,Successful,Online
59309,UPI,Successful,Online
59310,Debit Card,Refunded,Online
59311,UPI,Refunded,Online
59312,UPI,Successful,Online
59313,Debit Card,Successful,Online
59314,UPI,Successful,Online
59315,Credit Card,Refunded,Online
59316,Net Banking,Failed,POS
59317,UPI,Successful,Online
59318,Debit Card,Refunded,Online
59319,UPI,Successful,Online
59320,UPI,Refunded,Online
59321,UPI,Successful,Online
59322,Wallet,Successful,Online
59323,UPI,Failed,Online
59324,Net Banking,Successful,Online
59325,Wallet,Successful,Online
59326,Credit Card,Successful,Online
59327,Credit Card,Successful,Online
59328,Debit Card,Refunded,POS
59329,Credit Card,Successful,Online
59330,UPI,Successful,Online
59331,Credit Card,Refunded,Online
59332,Debit Card,Successful,POS
59333,Debit Card,Successful,Online
59334,UPI,Failed,Online
59335,UPI,Refunded,POS
59336,Net Banking,Successful,Online
59337,UPI,Successful,POS
59338,Debit Card,Successful,POS
59339,UPI,Successful,Online
59340,Net Banking,Successful,Online
59341,Net Banking,Failed,POS
59342,UPI,Successful,Online
59343,UPI,Successful,Online
59344,Credit Card,Successful,Online
59345,UPI,Refunded,POS
59346,Credit Card,Successful,Online
59347,Debit Card,Refunded,Online
59348,UPI,Failed,Online
59349,UPI,Refunded,Online
59350,Debit Card,Refunded,POS
59351,Credit Card,Successful,Online
59352,UPI,Failed,Online
59353,Debit Card,Successful,Online
59354,Debit Card,Failed,Online
59355,Credit Card,Successful,Online
59356,UPI,Refunded,Online
59357,UPI,Failed,Online
59358,Debit Card,Successful,Online
59359,Net Banking,Successful,Online
59360,Debit Card,Refunded,Online
59361,UPI,Failed,POS
59362,Credit Card,Failed,Online
59363,Net Banking,Refunded,Online
59364,Credit Card,Failed,Online
59365,UPI,Refunded,Online
59366,Credit Card,Successful,Online
59367,Net Banking,Refunded,Online
59368,UPI,Successful,Online
59369,Credit Card,Refunded,Online
59370,Credit Card,Failed,Online
59371,Credit Card,Refunded,Online
59372,Debit Card,Refunded,POS
59373,Credit Card,Refunded,Online
59374,UPI,Successful,Online
59375,UPI,Successful,Online
59376,Credit Card,Failed,Online
59377,UPI,Failed,Online
59378,Credit Card,Refunded,Online
59379,Debit Card,Successful,POS
59380,UPI,Successful,Online
59381,Credit Card,Refunded,Online
59382,Credit Card,Successful,Online
59383,UPI,Successful,Online
59384,Credit Card,Failed,POS
59385,Net Banking,Successful,Online
59386,Credit Card,Failed,POS
59387,Credit Card,Successful,Online
59388,UPI,Refunded,Online
59389,UPI,Successful,Online
59390,UPI,Successful,POS
59391,Debit Card,Refunded,POS
59392,UPI,Refunded,Online
59393,UPI,Successful,POS
59394,Debit Card,Failed,Online
59395,UPI,Refunded,Online
59396,UPI,Failed,POS
59397,Credit Card,Successful,Online
59398,UPI,Successful,Online
59399,Credit Card,Successful,POS
59400,UPI,Refunded,Online
59401,Credit Card,Successful,Online
59402,Net Banking,Refunded,Online
59403,Net Banking,Successful,Online
59404,Net Banking,Failed,POS
59405,Net Banking,Successful,POS
59406,Credit Card,Successful,Online
59407,Credit Card,Successful,Online
59408,Credit Card,Successful,POS
59409,Debit Card,Successful,Online
59410,Credit Card,Failed,Online
59411,UPI,Successful,Online
59412,Debit Card,Successful,Online
59413,Debit Card,Successful,Online
59414,Net Banking,Refunded,POS
59415,UPI,Failed,POS
59416,UPI,Failed,Online
59417,UPI,Successful,Online
59418,Credit Card,Refunded,Online
59419,UPI,Successful,POS
59420,Credit Card,Successful,POS
59421,UPI,Failed,Online
59422,UPI,Successful,Online
59423,Debit Card,Refunded,Online
59424,Net Banking,Failed,POS
59425,UPI,Failed,Online
59426,Credit Card,Refunded,Online
59427,UPI,Failed,Online
59428,UPI,Successful,Online
59429,Debit Card,Refunded,Online
59430,Debit Card,Failed,Online
59431,Debit Card,Failed,POS
59432,Credit Card,Refunded,Online
59433,Net Banking,Successful,POS
59434,UPI,Successful,Online
59435,UPI,Refunded,POS
59436,UPI,Successful,Online
59437,Debit Card,Failed,POS
59438,UPI,Successful,Online
59439,UPI,Failed,Online
59440,Credit Card,Failed,Online
59441,UPI,Successful,Online
59442,UPI,Refunded,Online
59443,UPI,Successful,Online
59444,UPI,Successful,Online
59445,Debit Card,Refunded,Online
59446,Credit Card,Refunded,POS
59447,UPI,Successful,Online
59448,UPI,Refunded,Online
59449,Debit Card,Successful,Online
59450,Credit Card,Refunded,POS
59451,Debit Card,Successful,Online
59452,Credit Card,Refunded,Online
59453,UPI,Refunded,Online
59454,Wallet,Successful,Online
59455,Credit Card,Failed,Online
59456,UPI,Failed,POS
59457,Credit Card,Successful,Online
59458,UPI,Successful,Online
59459,UPI,Successful,Online
59460,Net Banking,Refunded,Online
59461,Net Banking,Successful,POS
59462,UPI,Successful,Online
59463,UPI,Successful,Online
59464,Debit Card,Successful,POS
59465,UPI,Successful,POS
59466,Credit Card,Successful,Online
59467,Debit Card,Successful,Online
59468,Debit Card,Successful,Online
59469,Debit Card,Refunded,POS
59470,Debit Card,Successful,Online
59471,Wallet,Failed,Online
59472,UPI,Failed,Online
59473,Net Banking,Refunded,Online
59474,UPI,Successful,Online
59475,UPI,Successful,Online
59476,UPI,Successful,POS
59477,Debit Card,Successful,Online
59478,UPI,Successful,POS
59479,Net Banking,Failed,Online
59480,Credit Card,Successful,Online
59481,UPI,Successful,Online
59482,Debit Card,Successful,Online
59483,Net Banking,Failed,Online
59484,Debit Card,Refunded,POS
59485,UPI,Failed,Online
59486,Net Banking,Failed,Online
59487,Debit Card,Successful,Online
59488,UPI,Successful,POS
59489,UPI,Refunded,Online
59490,Credit Card,Refunded,Online
59491,Net Banking,Refunded,POS
59492,UPI,Successful,Online
59493,UPI,Failed,Online
59494,Net Banking,Successful,Online
59495,UPI,Successful,POS
59496,Net Banking,Successful,POS
59497,UPI,Successful,Online
59498,Credit Card,Successful,Online
59499,UPI,Failed,POS
59500,Net Banking,Refunded,Online
59501,Debit Card,Successful,POS
59502,Net Banking,Successful,Online
59503,Debit Card,Successful,Online
59504,UPI,Failed,Online
59505,UPI,Refunded,POS
59506,Credit Card,Successful,Online
59507,Credit Card,Failed,POS
59508,Net Banking,Refunded,POS
59509,Credit Card,Successful,Online
59510,Debit Card,Failed,Online
59511,Wallet,Successful,Online
59512,UPI,Failed,Online
59513,Net Banking,Failed,POS
59514,Credit Card,Failed,Online
59515,Debit Card,Refunded,Online
59516,UPI,Refunded,Online
59517,UPI,Successful,Online
59518,UPI,Successful,POS
59519,Wallet,Refunded,POS
59520,Debit Card,Refunded,POS
59521,UPI,Successful,Online
59522,Wallet,Failed,POS
59523,Credit Card,Failed,Online
59524,Net Banking,Successful,Online
59525,UPI,Refunded,POS
59526,Credit Card,Refunded,Online
59527,Debit Card,Successful,Online
59528,UPI,Successful,Online
59529,Credit Card,Failed,Online
59530,Credit Card,Failed,Online
59531,UPI,Refunded,Online
59532,UPI,Failed,Online
59533,Wallet,Refunded,Online
59534,UPI,Successful,Online
59535,UPI,Successful,POS
59536,Credit Card,Successful,Online
59537,Debit Card,Successful,Online
59538,Debit Card,Successful,Online
59539,Debit Card,Successful,Online
59540,UPI,Failed,Online
59541,Credit Card,Successful,Online
59542,Debit Card,Successful,Online
59543,Net Banking,Successful,Online
59544,Credit Card,Successful,Online
59545,UPI,Successful,POS
59546,Credit Card,Failed,POS
59547,UPI,Successful,POS
59548,Debit Card,Failed,Online
59549,UPI,Successful,Online
59550,UPI,Refunded,Online
59551,Credit Card,Successful,POS
59552,Credit Card,Refunded,Online
59553,Credit Card,Successful,Online
59554,Credit Card,Refunded,Online
59555,Debit Card,Failed,Online
59556,UPI,Successful,Online
59557,Credit Card,Successful,Online
59558,UPI,Successful,POS
59559,UPI,Successful,POS
59560,Credit Card,Successful,Online
59561,Credit Card,Refunded,Online
59562,Debit Card,Failed,Online
59563,Credit Card,Successful,Online
59564,Debit Card,Refunded,Online
59565,Credit Card,Successful,Online
59566,Credit Card,Successful,Online
59567,Debit Card,Successful,Online
59568,UPI,Successful,Online
59569,Credit Card,Successful,POS
59570,Credit Card,Refunded,Online
59571,UPI,Successful,Online
59572,Credit Card,Refunded,Online
59573,Credit Card,Failed,Online
59574,Wallet,Refunded,Online
59575,Net Banking,Refunded,Online
59576,UPI,Successful,Online
59577,Credit Card,Refunded,POS
59578,UPI,Successful,Online
59579,UPI,Refunded,POS
59580,Debit Card,Failed,Online
59581,UPI,Refunded,POS
59582,UPI,Successful,Online
59583,Wallet,Failed,Online
59584,Net Banking,Successful,Online
59585,Debit Card,Successful,Online
59586,Net Banking,Successful,POS
59587,Debit Card,Successful,POS
59588,UPI,Successful,Online
59589,Credit Card,Successful,Online
59590,Credit Card,Successful,POS
59591,UPI,Refunded,Online
59592,Net Banking,Successful,POS
59593,Credit Card,Successful,Online
59594,UPI,Successful,Online
59595,UPI,Successful,Online
59596,UPI,Successful,Online
59597,Net Banking,Successful,Online
59598,Credit Card,Refunded,Online
59599,Credit Card,Failed,Online
59600,Credit Card,Successful,Online
59601,Debit Card,Successful,POS
59602,Debit Card,Successful,Online
59603,Credit Card,Successful,Online
59604,Net Banking,Failed,POS
59605,Wallet,Successful,Online
59606,Wallet,Successful,Online
59607,Debit Card,Successful,Online
59608,Net Banking,Successful,Online
59609,Credit Card,Successful,Online
59610,Net Banking,Failed,Online
59611,Net Banking,Successful,Online
59612,Net Banking,Successful,Online
59613,Net Banking,Failed,Online
59614,Credit Card,Successful,Online
59615,UPI,Successful,Online
59616,UPI,Failed,Online
59617,Debit Card,Successful,Online
59618,UPI,Refunded,Online
59619,Credit Card,Successful,Online
59620,Credit Card,Successful,POS
59621,Credit Card,Successful,POS
59622,Net Banking,Refunded,Online
59623,Debit Card,Failed,Online
59624,Debit Card,Successful,Online
59625,Credit Card,Failed,Online
59626,Net Banking,Refunded,Online
59627,UPI,Successful,Online
59628,UPI,Successful,Online
59629,Net Banking,Successful,Online
59630,Debit Card,Successful,POS
59631,Debit Card,Successful,Online
59632,Credit Card,Successful,POS
59633,UPI,Successful,Online
59634,Credit Card,Successful,Online
59635,UPI,Failed,Online
59636,Credit Card,Successful,POS
59637,Credit Card,Successful,Online
59638,Credit Card,Successful,Online
59639,Credit Card,Refunded,POS
59640,Wallet,Successful,Online
59641,Debit Card,Failed,Online
59642,Net Banking,Refunded,POS
59643,Credit Card,Refunded,Online
59644,Credit Card,Successful,Online
59645,UPI,Failed,Online
59646,UPI,Failed,Online
59647,Credit Card,Successful,Online
59648,Credit Card,Successful,Online
59649,Debit Card,Successful,Online
59650,Credit Card,Failed,Online
59651,Net Banking,Refunded,Online
59652,Wallet,Successful,Online
59653,UPI,Failed,Online
59654,Credit Card,Failed,Online
59655,Debit Card,Successful,Online
59656,UPI,Successful,POS
59657,UPI,Failed,Online
59658,Debit Card,Successful,Online
59659,Wallet,Successful,Online
59660,Debit Card,Refunded,Online
59661,Credit Card,Successful,POS
59662,Credit Card,Successful,Online
59663,Credit Card,Successful,POS
59664,Credit Card,Successful,POS
59665,Credit Card,Successful,Online
59666,UPI,Successful,Online
59667,Net Banking,Failed,POS
59668,Debit Card,Refunded,Online
59669,Debit Card,Failed,Online
59670,Wallet,Successful,Online
59671,UPI,Successful,Online
59672,UPI,Successful,Online
59673,Net Banking,Successful,Online
59674,Wallet,Successful,Online
59675,Credit Card,Successful,Online
59676,UPI,Successful,Online
59677,Debit Card,Successful,POS
59678,UPI,Successful,POS
59679,Credit Card,Successful,Online
59680,UPI,Failed,Online
59681,Net Banking,Successful,Online
59682,Credit Card,Failed,Online
59683,Net Banking,Successful,POS
59684,UPI,Successful,Online
59685,Credit Card,Failed,Online
59686,Wallet,Failed,Online
59687,UPI,Refunded,POS
59688,Credit Card,Failed,Online
59689,Credit Card,Failed,POS
59690,Debit Card,Successful,Online
59691,UPI,Successful,POS
59692,Credit Card,Successful,Online
59693,Debit Card,Successful,Online
59694,Credit Card,Successful,Online
59695,UPI,Successful,Online
59696,Debit Card,Successful,Online
59697,Credit Card,Successful,POS
59698,UPI,Successful,Online
59699,Credit Card,Successful,Online
59700,Net Banking,Failed,Online
59701,UPI,Failed,Online
59702,Credit Card,Successful,Online
59703,Debit Card,Successful,Online
59704,UPI,Failed,POS
59705,UPI,Failed,Online
59706,Credit Card,Failed,Online
59707,Debit Card,Successful,Online
59708,UPI,Successful,Online
59709,Net Banking,Successful,Online
59710,Debit Card,Refunded,POS
59711,UPI,Failed,Online
59712,Credit Card,Successful,Online
59713,Wallet,Successful,POS
59714,UPI,Failed,Online
59715,Credit Card,Successful,POS
59716,Credit Card,Successful,POS
59717,UPI,Successful,Online
59718,UPI,Refunded,POS
59719,UPI,Refunded,Online
59720,UPI,Successful,Online
59721,UPI,Successful,Online
59722,Debit Card,Failed,Online
59723,Wallet,Failed,POS
59724,UPI,Successful,Online
59725,Credit Card,Failed,Online
59726,UPI,Refunded,Online
59727,UPI,Failed,Online
59728,UPI,Successful,Online
59729,Credit Card,Refunded,Online
59730,Net Banking,Refunded,Online
59731,Credit Card,Successful,Online
59732,Credit Card,Successful,Online
59733,UPI,Failed,POS
59734,UPI,Failed,Online
59735,Net Banking,Successful,Online
59736,UPI,Successful,POS
59737,Wallet,Failed,Online
59738,UPI,Successful,POS
59739,Credit Card,Refunded,POS
59740,Wallet,Successful,Online
59741,UPI,Successful,Online
59742,Credit Card,Failed,POS
59743,Debit Card,Successful,Online
59744,UPI,Successful,Online
59745,Debit Card,Successful,Online
59746,UPI,Successful,Online
59747,UPI,Refunded,Online
59748,UPI,Successful,Online
59749,Net Banking,Successful,Online
59750,UPI,Refunded,Online
59751,UPI,Refunded,Online
59752,Credit Card,Refunded,Online
59753,UPI,Failed,Online
59754,Credit Card,Successful,Online
59755,UPI,Successful,Online
59756,Debit Card,Refunded,POS
59757,Credit Card,Successful,Online
59758,UPI,Failed,Online
59759,UPI,Successful,Online
59760,Credit Card,Failed,POS
59761,Debit Card,Failed,Online
59762,UPI,Successful,Online
59763,UPI,Refunded,POS
59764,UPI,Failed,Online
59765,Debit Card,Refunded,POS
59766,Wallet,Successful,Online
59767,UPI,Successful,POS
59768,UPI,Successful,Online
59769,UPI,Successful,Online
59770,UPI,Successful,Online
59771,Credit Card,Successful,Online
59772,Net Banking,Successful,POS
59773,UPI,Successful,Online
59774,Debit Card,Successful,POS
59775,Credit Card,Failed,Online
59776,Debit Card,Refunded,Online
59777,Credit Card,Successful,Online
59778,UPI,Successful,Online
59779,Wallet,Successful,POS
59780,UPI,Failed,Online
59781,Credit Card,Failed,Online
59782,Net Banking,Refunded,Online
59783,UPI,Successful,Online
59784,Credit Card,Successful,Online
59785,Net Banking,Failed,Online
59786,Wallet,Successful,Online
59787,Debit Card,Refunded,Online
59788,UPI,Successful,Online
59789,Debit Card,Successful,Online
59790,Debit Card,Successful,POS
59791,Debit Card,Failed,Online
59792,Net Banking,Successful,Online
59793,UPI,Failed,Online
59794,UPI,Successful,Online
59795,Credit Card,Failed,Online
59796,Wallet,Successful,Online
59797,Credit Card,Successful,Online
59798,Wallet,Successful,Online
59799,Net Banking,Successful,Online
59800,Net Banking,Successful,Online
59801,Net Banking,Failed,Online
59802,Net Banking,Refunded,POS
59803,Debit Card,Successful,Online
59804,Debit Card,Successful,Online
59805,UPI,Refunded,Online
59806,UPI,Successful,Online
59807,UPI,Successful,Online
59808,UPI,Failed,Online
59809,UPI,Refunded,Online
59810,Net Banking,Refunded,Online
59811,Debit Card,Successful,Online
59812,UPI,Successful,Online
59813,Debit Card,Successful,Online
59814,Credit Card,Successful,Online
59815,UPI,Successful,Online
59816,Net Banking,Failed,Online
59817,UPI,Successful,Online
59818,Debit Card,Successful,Online
59819,UPI,Successful,Online
59820,Credit Card,Successful,Online
59821,Debit Card,Successful,Online
59822,UPI,Successful,Online
59823,Wallet,Successful,Online
59824,UPI,Refunded,Online
59825,Credit Card,Successful,Online
59826,Net Banking,Failed,Online
59827,Wallet,Successful,Online
59828,UPI,Successful,Online
59829,UPI,Refunded,Online
59830,Debit Card,Successful,Online
59831,UPI,Successful,Online
59832,Credit Card,Refunded,Online
59833,Debit Card,Successful,POS
59834,Credit Card,Successful,POS
59835,UPI,Successful,Online
59836,Credit Card,Successful,POS
59837,Net Banking,Successful,Online
59838,Credit Card,Successful,Online
59839,Debit Card,Refunded,Online
59840,UPI,Successful,POS
59841,UPI,Refunded,POS
59842,UPI,Successful,Online
59843,Credit Card,Successful,Online
59844,UPI,Successful,Online
59845,Credit Card,Failed,Online
59846,Debit Card,Failed,Online
59847,Debit Card,Refunded,Online
59848,UPI,Successful,Online
59849,Debit Card,Successful,Online
59850,Debit Card,Refunded,Online
59851,UPI,Failed,Online
59852,UPI,Failed,Online
59853,Credit Card,Failed,Online
59854,Credit Card,Refunded,Online
59855,UPI,Successful,Online
59856,UPI,Failed,POS
59857,UPI,Refunded,Online
59858,Wallet,Refunded,POS
59859,Debit Card,Successful,POS
59860,Credit Card,Successful,POS
59861,Wallet,Successful,POS
59862,Credit Card,Failed,Online
59863,Debit Card,Successful,Online
59864,UPI,Successful,Online
59865,Credit Card,Successful,Online
59866,UPI,Failed,POS
59867,Credit Card,Refunded,Online
59868,UPI,Failed,Online
59869,UPI,Successful,POS
59870,UPI,Failed,POS
59871,Credit Card,Refunded,Online
59872,Net Banking,Successful,Online
59873,UPI,Refunded,Online
59874,Net Banking,Successful,Online
59875,Debit Card,Refunded,Online
59876,Credit Card,Successful,Online
59877,UPI,Failed,POS
59878,Net Banking,Successful,Online
59879,UPI,Successful,Online
59880,Debit Card,Failed,Online
59881,Credit Card,Failed,Online
59882,Credit Card,Successful,Online
59883,UPI,Refunded,Online
59884,Credit Card,Successful,Online
59885,Net Banking,Successful,Online
59886,Net Banking,Failed,POS
59887,Wallet,Failed,Online
59888,UPI,Successful,Online
59889,Credit Card,Failed,Online
59890,UPI,Successful,Online
59891,Wallet,Successful,POS
59892,UPI,Successful,POS
59893,Credit Card,Successful,Online
59894,Net Banking,Failed,Online
59895,Credit Card,Successful,Online
59896,Credit Card,Successful,Online
59897,UPI,Refunded,Online
59898,Credit Card,Successful,POS
59899,Net Banking,Failed,Online
59900,Credit Card,Successful,Online
59901,UPI,Refunded,Online
59902,UPI,Successful,Online
59903,UPI,Successful,Online
59904,Credit Card,Successful,Online
59905,UPI,Successful,Online
59906,Credit Card,Successful,Online
59907,Credit Card,Successful,Online
59908,Debit Card,Refunded,Online
59909,UPI,Failed,POS
59910,Debit Card,Failed,Online
59911,Credit Card,Failed,Online
59912,UPI,Refunded,POS
59913,Wallet,Refunded,POS
59914,UPI,Refunded,Online
59915,Credit Card,Successful,Online
59916,UPI,Successful,POS
59917,Credit Card,Refunded,Online
59918,Credit Card,Refunded,POS
59919,UPI,Successful,POS
59920,Debit Card,Successful,POS
59921,Credit Card,Failed,Online
59922,Debit Card,Successful,Online
59923,UPI,Refunded,Online
59924,UPI,Refunded,Online
59925,Debit Card,Successful,Online
59926,UPI,Refunded,Online
59927,Debit Card,Refunded,Online
59928,UPI,Refunded,Online
59929,UPI,Successful,POS
59930,Net Banking,Successful,Online
59931,Debit Card,Successful,Online
59932,Credit Card,Successful,Online
59933,Net Banking,Successful,Online
59934,Debit Card,Failed,Online
59935,Credit Card,Failed,Online
59936,Wallet,Successful,Online
59937,Debit Card,Successful,Online
59938,Credit Card,Refunded,POS
59939,Credit Card,Successful,POS
59940,Net Banking,Refunded,Online
59941,UPI,Successful,Online
59942,UPI,Successful,POS
59943,UPI,Failed,Online
59944,UPI,Successful,Online
59945,UPI,Successful,Online
59946,Net Banking,Refunded,POS
59947,Debit Card,Successful,Online
59948,UPI,Refunded,Online
59949,Debit Card,Successful,POS
59950,Credit Card,Refunded,Online
59951,Credit Card,Failed,Online
59952,UPI,Successful,Online
59953,Net Banking,Successful,Online
59954,UPI,Refunded,Online
59955,UPI,Refunded,Online
59956,UPI,Successful,POS
59957,Debit Card,Refunded,Online
59958,Debit Card,Successful,POS
59959,UPI,Refunded,Online
59960,UPI,Successful,Online
59961,Debit Card,Successful,POS
59962,Debit Card,Failed,POS
59963,UPI,Successful,POS
59964,Net Banking,Successful,Online
59965,Wallet,Failed,Online
59966,UPI,Refunded,POS
59967,Credit Card,Refunded,POS
59968,UPI,Successful,Online
59969,Debit Card,Refunded,Online
59970,Credit Card,Failed,Online
59971,UPI,Successful,Online
59972,Debit Card,Successful,Online
59973,Debit Card,Failed,Online
59974,UPI,Successful,Online
59975,UPI,Failed,Online
59976,UPI,Refunded,Online
59977,Credit Card,Failed,Online
59978,Debit Card,Successful,Online
59979,Credit Card,Failed,Online
59980,Credit Card,Successful,Online
59981,Debit Card,Refunded,Online
59982,Credit Card,Failed,Online
59983,Credit Card,Successful,Online
59984,Credit Card,Refunded,POS
59985,Net Banking,Successful,Online
59986,UPI,Successful,POS
59987,UPI,Successful,Online
59988,UPI,Failed,Online
59989,Debit Card,Refunded,Online
59990,Credit Card,Failed,Online
59991,UPI,Failed,POS
59992,Wallet,Refunded,Online
59993,Net Banking,Successful,POS
59994,Wallet,Successful,POS
59995,UPI,Successful,Online
59996,Net Banking,Refunded,Online
59997,UPI,Refunded,Online
59998,UPI,Successful,Online
59999,Credit Card,Successful,Online
60000,Credit Card,Successful,POS
60001,UPI,Successful,Online
60002,Credit Card,Successful,POS
60003,Debit Card,Successful,Online
60004,UPI,Failed,POS
60005,UPI,Successful,Online
60006,UPI,Successful,Online
60007,Net Banking,Refunded,POS
60008,UPI,Failed,Online
60009,Credit Card,Successful,Online
60010,UPI,Successful,POS
60011,Net Banking,Refunded,Online
60012,UPI,Successful,Online
60013,Credit Card,Successful,POS
60014,Credit Card,Successful,POS
60015,Net Banking,Successful,POS
60016,UPI,Refunded,Online
60017,Credit Card,Successful,Online
60018,UPI,Successful,Online
60019,Wallet,Successful,Online
60020,Credit Card,Successful,Online
60021,Credit Card,Successful,Online
60022,Credit Card,Successful,POS
60023,UPI,Refunded,POS
60024,UPI,Failed,Online
60025,Credit Card,Successful,Online
60026,Wallet,Successful,POS
60027,UPI,Refunded,Online
60028,Net Banking,Successful,Online
60029,UPI,Successful,Online
60030,Net Banking,Refunded,Online
60031,UPI,Successful,Online
60032,UPI,Failed,POS
60033,Credit Card,Successful,POS
60034,Debit Card,Successful,Online
60035,Debit Card,Successful,POS
60036,Credit Card,Successful,POS
60037,Credit Card,Failed,POS
60038,UPI,Failed,POS
60039,UPI,Successful,Online
60040,UPI,Failed,Online
60041,Credit Card,Successful,POS
60042,Credit Card,Successful,Online
60043,Debit Card,Successful,POS
60044,Debit Card,Failed,Online
60045,UPI,Failed,Online
60046,Debit Card,Refunded,Online
60047,UPI,Successful,Online
60048,Debit Card,Successful,Online
60049,UPI,Successful,Online
60050,Debit Card,Successful,Online
60051,Credit Card,Successful,Online
60052,Credit Card,Successful,Online
60053,Debit Card,Failed,Online
60054,UPI,Successful,Online
60055,UPI,Successful,POS
60056,Credit Card,Refunded,Online
60057,Net Banking,Refunded,Online
60058,Credit Card,Successful,Online
60059,UPI,Refunded,Online
60060,Credit Card,Successful,POS
60061,Credit Card,Successful,Online
60062,Credit Card,Failed,Online
60063,Net Banking,Successful,Online
60064,Credit Card,Failed,Online
60065,UPI,Refunded,POS
60066,UPI,Successful,Online
60067,Credit Card,Failed,Online
60068,Debit Card,Refunded,Online
60069,UPI,Failed,Online
60070,Wallet,Successful,Online
60071,UPI,Successful,Online
60072,Credit Card,Successful,Online
60073,UPI,Refunded,Online
60074,Net Banking,Successful,POS
60075,Debit Card,Successful,POS
60076,UPI,Failed,POS
60077,Net Banking,Failed,POS
60078,UPI,Successful,Online
60079,Debit Card,Failed,POS
60080,Debit Card,Failed,Online
60081,Debit Card,Failed,Online
60082,Net Banking,Successful,Online
60083,Net Banking,Refunded,Online
60084,Wallet,Refunded,POS
60085,UPI,Successful,Online
60086,UPI,Failed,Online
60087,Credit Card,Successful,Online
60088,Debit Card,Failed,Online
60089,Credit Card,Successful,Online
60090,UPI,Failed,POS
60091,Net Banking,Successful,Online
60092,Wallet,Successful,Online
60093,Credit Card,Refunded,Online
60094,UPI,Refunded,Online
60095,UPI,Successful,Online
60096,UPI,Refunded,POS
60097,Debit Card,Successful,Online
60098,Net Banking,Refunded,Online
60099,UPI,Refunded,Online
60100,Credit Card,Failed,POS
60101,Debit Card,Successful,POS
60102,UPI,Refunded,Online
60103,Credit Card,Successful,Online
60104,Debit Card,Successful,Online
60105,Net Banking,Refunded,Online
60106,Credit Card,Successful,Online
60107,Debit Card,Successful,POS
60108,UPI,Successful,Online
60109,UPI,Successful,Online
60110,UPI,Refunded,Online
60111,UPI,Successful,POS
60112,UPI,Successful,POS
60113,UPI,Successful,Online
60114,Debit Card,Successful,Online
60115,Credit Card,Refunded,POS
60116,UPI,Successful,Online
60117,UPI,Successful,Online
60118,Credit Card,Refunded,POS
60119,UPI,Refunded,POS
60120,Credit Card,Failed,Online
60121,Debit Card,Successful,Online
60122,UPI,Successful,Online
60123,UPI,Successful,Online
60124,UPI,Refunded,Online
60125,UPI,Refunded,Online
60126,Wallet,Successful,POS
60127,UPI,Successful,Online
60128,Credit Card,Successful,Online
60129,Debit Card,Refunded,Online
60130,UPI,Successful,POS
60131,UPI,Successful,Online
60132,Net Banking,Failed,Online
60133,Net Banking,Refunded,Online
60134,UPI,Refunded,Online
60135,UPI,Successful,POS
60136,Debit Card,Failed,Online
60137,UPI,Failed,Online
60138,UPI,Refunded,Online
60139,UPI,Refunded,Online
60140,Credit Card,Refunded,Online
60141,UPI,Successful,POS
60142,Credit Card,Successful,Online
60143,Debit Card,Successful,Online
60144,Credit Card,Refunded,Online
60145,UPI,Failed,Online
60146,Credit Card,Successful,POS
60147,Debit Card,Successful,Online
60148,UPI,Refunded,POS
60149,UPI,Refunded,POS
60150,UPI,Refunded,Online
60151,UPI,Refunded,Online
60152,Net Banking,Refunded,Online
60153,Credit Card,Refunded,Online
60154,UPI,Successful,Online
60155,Debit Card,Successful,Online
60156,UPI,Failed,Online
60157,UPI,Refunded,POS
60158,UPI,Failed,POS
60159,Credit Card,Successful,Online
60160,UPI,Failed,POS
60161,UPI,Successful,Online
60162,UPI,Successful,Online
60163,UPI,Successful,Online
60164,Debit Card,Successful,Online
60165,Net Banking,Successful,Online
60166,Debit Card,Successful,Online
60167,Credit Card,Successful,Online
60168,Net Banking,Successful,Online
60169,UPI,Successful,Online
60170,UPI,Successful,POS
60171,Credit Card,Successful,Online
60172,UPI,Successful,POS
60173,Credit Card,Successful,POS
60174,UPI,Failed,Online
60175,UPI,Successful,Online
60176,Credit Card,Successful,Online
60177,Net Banking,Successful,Online
60178,Credit Card,Successful,Online
60179,UPI,Successful,POS
60180,Debit Card,Failed,POS
60181,UPI,Successful,POS
60182,UPI,Failed,POS
60183,UPI,Successful,Online
60184,Debit Card,Successful,Online
60185,Debit Card,Successful,Online
60186,Credit Card,Refunded,Online
60187,UPI,Successful,Online
60188,UPI,Successful,POS
60189,UPI,Successful,POS
60190,Net Banking,Successful,POS
60191,Credit Card,Successful,Online
60192,UPI,Refunded,Online
60193,Debit Card,Refunded,Online
60194,Credit Card,Successful,Online
60195,Wallet,Successful,Online
60196,Debit Card,Refunded,Online
60197,UPI,Refunded,POS
60198,Debit Card,Successful,Online
60199,Credit Card,Successful,Online
60200,UPI,Successful,Online
60201,Debit Card,Refunded,Online
60202,Credit Card,Successful,POS
60203,UPI,Successful,Online
60204,Credit Card,Successful,Online
60205,Credit Card,Successful,Online
60206,UPI,Successful,Online
60207,UPI,Refunded,Online
60208,Credit Card,Successful,POS
60209,UPI,Successful,Online
60210,Net Banking,Failed,Online
60211,UPI,Refunded,Online
60212,UPI,Refunded,Online
60213,UPI,Failed,POS
60214,Credit Card,Failed,Online
60215,Credit Card,Successful,Online
60216,Credit Card,Successful,Online
60217,UPI,Refunded,POS
60218,Debit Card,Refunded,Online
60219,UPI,Successful,Online
60220,UPI,Failed,Online
60221,UPI,Failed,Online
60222,UPI,Refunded,POS
60223,UPI,Failed,Online
60224,UPI,Successful,Online
60225,UPI,Successful,Online
60226,Net Banking,Refunded,Online
60227,UPI,Successful,Online
60228,Debit Card,Successful,POS
60229,Debit Card,Successful,Online
60230,UPI,Failed,Online
60231,Credit Card,Refunded,Online
60232,Credit Card,Successful,POS
60233,UPI,Successful,Online
60234,Net Banking,Refunded,POS
60235,Credit Card,Successful,Online
60236,Net Banking,Refunded,Online
60237,Net Banking,Successful,Online
60238,UPI,Successful,Online
60239,UPI,Failed,Online
60240,UPI,Successful,Online
60241,Net Banking,Successful,Online
60242,Net Banking,Failed,Online
60243,Credit Card,Successful,POS
60244,UPI,Successful,POS
60245,UPI,Successful,Online
60246,Debit Card,Successful,POS
60247,Net Banking,Successful,POS
60248,UPI,Refunded,Online
60249,UPI,Failed,Online
60250,UPI,Failed,Online
60251,UPI,Failed,POS
60252,Net Banking,Refunded,Online
60253,Credit Card,Successful,Online
60254,Credit Card,Successful,POS
60255,Credit Card,Successful,Online
60256,UPI,Failed,Online
60257,UPI,Successful,Online
60258,Debit Card,Successful,Online
60259,Debit Card,Successful,POS
60260,UPI,Failed,POS
60261,UPI,Successful,Online
60262,UPI,Successful,Online
60263,UPI,Failed,Online
60264,Credit Card,Successful,Online
60265,Credit Card,Successful,Online
60266,Credit Card,Refunded,Online
60267,Net Banking,Failed,Online
60268,Credit Card,Successful,Online
60269,Credit Card,Successful,Online
60270,UPI,Refunded,Online
60271,Net Banking,Refunded,POS
60272,Credit Card,Successful,Online
60273,UPI,Refunded,Online
60274,Credit Card,Failed,Online
60275,Credit Card,Refunded,Online
60276,Debit Card,Failed,POS
60277,Net Banking,Successful,POS
60278,Credit Card,Refunded,Online
60279,Debit Card,Successful,POS
60280,UPI,Successful,POS
60281,Credit Card,Refunded,Online
60282,Debit Card,Successful,Online
60283,Credit Card,Successful,POS
60284,Credit Card,Successful,POS
60285,Net Banking,Successful,Online
60286,UPI,Successful,Online
60287,UPI,Successful,POS
60288,Debit Card,Successful,POS
60289,Net Banking,Successful,Online
60290,Net Banking,Successful,Online
60291,Credit Card,Successful,Online
60292,Net Banking,Successful,Online
60293,Debit Card,Failed,Online
60294,UPI,Failed,Online
60295,Debit Card,Successful,Online
60296,UPI,Failed,Online
60297,UPI,Refunded,Online
60298,Credit Card,Successful,Online
60299,UPI,Refunded,POS
60300,UPI,Failed,POS
60301,UPI,Successful,POS
60302,UPI,Refunded,Online
60303,UPI,Successful,Online
60304,Credit Card,Successful,Online
60305,Debit Card,Refunded,Online
60306,Net Banking,Successful,Online
60307,Net Banking,Refunded,Online
60308,Credit Card,Successful,POS
60309,Debit Card,Successful,Online
60310,UPI,Successful,Online
60311,UPI,Failed,Online
60312,Debit Card,Refunded,Online
60313,Credit Card,Successful,Online
60314,Debit Card,Refunded,Online
60315,Credit Card,Refunded,Online
60316,UPI,Refunded,Online
60317,Net Banking,Successful,Online
60318,Credit Card,Successful,Online
60319,Debit Card,Refunded,Online
60320,Debit Card,Failed,Online
60321,UPI,Successful,Online
60322,UPI,Refunded,Online
60323,UPI,Failed,Online
60324,UPI,Successful,Online
60325,UPI,Refunded,Online
60326,Credit Card,Successful,Online
60327,Net Banking,Refunded,Online
60328,Net Banking,Successful,Online
60329,Debit Card,Refunded,POS
60330,UPI,Refunded,Online
60331,UPI,Refunded,Online
60332,Debit Card,Refunded,POS
60333,UPI,Failed,POS
60334,Debit Card,Successful,Online
60335,Net Banking,Failed,Online
60336,UPI,Failed,POS
60337,Debit Card,Successful,Online
60338,UPI,Refunded,Online
60339,Debit Card,Failed,POS
60340,UPI,Successful,POS
60341,UPI,Refunded,POS
60342,Debit Card,Successful,Online
60343,Debit Card,Successful,Online
60344,Credit Card,Successful,Online
60345,Credit Card,Successful,POS
60346,Debit Card,Refunded,Online
60347,Debit Card,Successful,Online
60348,Wallet,Successful,Online
60349,Net Banking,Failed,POS
60350,Debit Card,Successful,Online
60351,Debit Card,Refunded,Online
60352,Credit Card,Successful,Online
60353,UPI,Successful,POS
60354,UPI,Refunded,Online
60355,Net Banking,Refunded,Online
60356,Debit Card,Successful,Online
60357,Credit Card,Successful,Online
60358,Credit Card,Failed,POS
60359,UPI,Failed,Online
60360,UPI,Failed,POS
60361,Credit Card,Refunded,Online
60362,Credit Card,Successful,POS
60363,Net Banking,Successful,Online
60364,UPI,Successful,POS
60365,Credit Card,Successful,Online
60366,UPI,Successful,POS
60367,Wallet,Successful,Online
60368,Net Banking,Refunded,Online
60369,Credit Card,Refunded,Online
60370,Wallet,Successful,Online
60371,Credit Card,Failed,Online
60372,UPI,Successful,Online
60373,Credit Card,Refunded,Online
60374,UPI,Refunded,Online
60375,Credit Card,Successful,Online
60376,Net Banking,Refunded,Online
60377,Debit Card,Refunded,Online
60378,UPI,Failed,POS
60379,UPI,Successful,Online
60380,UPI,Refunded,POS
60381,UPI,Successful,Online
60382,UPI,Successful,POS
60383,Credit Card,Failed,POS
60384,Debit Card,Successful,Online
60385,Debit Card,Refunded,POS
60386,UPI,Successful,POS
60387,UPI,Successful,POS
60388,UPI,Successful,Online
60389,UPI,Successful,Online
60390,UPI,Failed,Online
60391,UPI,Refunded,Online
60392,Credit Card,Refunded,POS
60393,Net Banking,Refunded,Online
60394,Credit Card,Successful,POS
60395,Debit Card,Successful,Online
60396,UPI,Successful,Online
60397,Net Banking,Successful,Online
60398,UPI,Failed,Online
60399,UPI,Failed,POS
60400,UPI,Successful,Online
60401,UPI,Successful,Online
60402,Credit Card,Successful,POS
60403,Wallet,Failed,POS
60404,Debit Card,Successful,Online
60405,Credit Card,Successful,POS
60406,Credit Card,Failed,Online
60407,Credit Card,Successful,Online
60408,Net Banking,Successful,Online
60409,Debit Card,Refunded,Online
60410,Credit Card,Successful,Online
60411,Debit Card,Successful,Online
60412,Debit Card,Successful,Online
60413,UPI,Successful,Online
60414,UPI,Successful,Online
60415,Debit Card,Failed,Online
60416,Net Banking,Successful,Online
60417,Credit Card,Successful,POS
60418,Wallet,Refunded,Online
60419,UPI,Successful,Online
60420,Credit Card,Successful,Online
60421,UPI,Successful,POS
60422,Net Banking,Refunded,POS
60423,UPI,Refunded,Online
60424,Credit Card,Refunded,Online
60425,UPI,Refunded,Online
60426,Credit Card,Failed,Online
60427,Net Banking,Refunded,Online
60428,UPI,Failed,Online
60429,Debit Card,Failed,Online
60430,Net Banking,Successful,Online
60431,UPI,Successful,POS
60432,Debit Card,Successful,Online
60433,UPI,Failed,Online
60434,UPI,Successful,Online
60435,Credit Card,Successful,POS
60436,Debit Card,Refunded,Online
60437,Credit Card,Refunded,Online
60438,UPI,Failed,POS
60439,Net Banking,Successful,Online
60440,Debit Card,Successful,POS
60441,UPI,Successful,Online
60442,Credit Card,Successful,Online
60443,UPI,Failed,Online
60444,UPI,Successful,Online
60445,Credit Card,Successful,Online
60446,Credit Card,Successful,Online
60447,UPI,Successful,Online
60448,Debit Card,Successful,Online
60449,UPI,Refunded,Online
60450,Credit Card,Successful,Online
60451,UPI,Successful,POS
60452,Credit Card,Successful,POS
60453,UPI,Successful,Online
60454,Credit Card,Refunded,Online
60455,Credit Card,Failed,Online
60456,UPI,Successful,POS
60457,UPI,Successful,Online
60458,Credit Card,Successful,POS
60459,UPI,Failed,Online
60460,Credit Card,Successful,Online
60461,Credit Card,Refunded,Online
60462,Debit Card,Successful,Online
60463,Wallet,Successful,Online
60464,Credit Card,Successful,POS
60465,Debit Card,Failed,POS
60466,Debit Card,Successful,POS
60467,Net Banking,Failed,Online
60468,UPI,Successful,Online
60469,Net Banking,Successful,POS
60470,Net Banking,Successful,POS
60471,Credit Card,Successful,Online
60472,UPI,Successful,Online
60473,Wallet,Successful,Online
60474,Credit Card,Successful,Online
60475,Credit Card,Successful,Online
60476,Debit Card,Successful,POS
60477,UPI,Successful,Online
60478,UPI,Successful,Online
60479,Credit Card,Successful,Online
60480,Credit Card,Successful,POS
60481,Net Banking,Refunded,POS
60482,Credit Card,Successful,POS
60483,Debit Card,Failed,POS
60484,UPI,Refunded,Online
60485,Credit Card,Successful,POS
60486,UPI,Successful,Online
60487,Credit Card,Failed,Online
60488,Net Banking,Successful,POS
60489,UPI,Successful,Online
60490,Debit Card,Successful,Online
60491,UPI,Successful,POS
60492,UPI,Successful,Online
60493,UPI,Successful,Online
60494,Debit Card,Successful,POS
60495,UPI,Refunded,Online
60496,Debit Card,Successful,Online
60497,Debit Card,Successful,Online
60498,UPI,Refunded,Online
60499,Credit Card,Successful,Online
60500,Credit Card,Failed,Online
60501,Wallet,Failed,POS
60502,UPI,Successful,Online
60503,UPI,Successful,POS
60504,UPI,Successful,Online
60505,Debit Card,Successful,Online
60506,Debit Card,Refunded,POS
60507,Net Banking,Refunded,Online
60508,Net Banking,Successful,Online
60509,UPI,Successful,POS
60510,Credit Card,Successful,Online
60511,Debit Card,Successful,Online
60512,Net Banking,Successful,Online
60513,UPI,Successful,POS
60514,Credit Card,Failed,POS
60515,Net Banking,Refunded,Online
60516,UPI,Refunded,Online
60517,Credit Card,Successful,POS
60518,Net Banking,Successful,POS
60519,Debit Card,Successful,Online
60520,UPI,Successful,Online
60521,UPI,Refunded,Online
60522,UPI,Successful,Online
60523,Net Banking,Successful,POS
60524,Wallet,Refunded,Online
60525,Debit Card,Successful,Online
60526,Credit Card,Refunded,Online
60527,UPI,Successful,Online
60528,Debit Card,Successful,Online
60529,Credit Card,Successful,POS
60530,Credit Card,Successful,Online
60531,Credit Card,Refunded,Online
60532,Credit Card,Successful,Online
60533,Wallet,Failed,Online
60534,UPI,Successful,Online
60535,Debit Card,Successful,Online
60536,Credit Card,Successful,Online
60537,Debit Card,Successful,Online
60538,Debit Card,Failed,POS
60539,UPI,Successful,Online
60540,UPI,Refunded,Online
60541,UPI,Refunded,Online
60542,UPI,Refunded,Online
60543,Debit Card,Successful,Online
60544,UPI,Successful,POS
60545,Credit Card,Failed,Online
60546,UPI,Refunded,POS
60547,Credit Card,Successful,Online
60548,Debit Card,Successful,POS
60549,UPI,Failed,Online
60550,Credit Card,Refunded,Online
60551,Net Banking,Successful,Online
60552,UPI,Refunded,Online
60553,Debit Card,Successful,Online
60554,UPI,Refunded,Online
60555,UPI,Successful,Online
60556,Credit Card,Successful,POS
60557,UPI,Failed,Online
60558,Net Banking,Successful,Online
60559,UPI,Successful,POS
60560,UPI,Successful,Online
60561,Credit Card,Failed,Online
60562,Credit Card,Successful,Online
60563,Debit Card,Successful,POS
60564,UPI,Failed,POS
60565,Net Banking,Failed,Online
60566,Wallet,Successful,Online
60567,Credit Card,Successful,Online
60568,Debit Card,Failed,Online
60569,Credit Card,Successful,Online
60570,UPI,Refunded,POS
60571,UPI,Failed,Online
60572,UPI,Successful,Online
60573,Wallet,Refunded,Online
60574,UPI,Failed,Online
60575,Credit Card,Successful,POS
60576,UPI,Successful,Online
60577,Debit Card,Successful,Online
60578,UPI,Successful,Online
60579,Debit Card,Successful,Online
60580,UPI,Failed,Online
60581,Net Banking,Successful,Online
60582,Net Banking,Failed,Online
60583,Debit Card,Successful,Online
60584,UPI,Refunded,Online
60585,UPI,Successful,Online
60586,Net Banking,Successful,POS
60587,UPI,Failed,Online
60588,UPI,Successful,Online
60589,Credit Card,Failed,Online
60590,UPI,Successful,Online
60591,UPI,Successful,POS
60592,Credit Card,Failed,Online
60593,UPI,Failed,Online
60594,UPI,Refunded,POS
60595,Credit Card,Successful,Online
60596,Credit Card,Successful,Online
60597,Debit Card,Successful,Online
60598,UPI,Refunded,POS
60599,Credit Card,Refunded,Online
60600,Credit Card,Successful,Online
60601,Credit Card,Successful,POS
60602,UPI,Successful,Online
60603,UPI,Failed,Online
60604,Net Banking,Successful,Online
60605,UPI,Failed,Online
60606,Debit Card,Refunded,Online
60607,Wallet,Failed,POS
60608,Credit Card,Successful,Online
60609,Credit Card,Successful,Online
60610,UPI,Failed,Online
60611,Net Banking,Failed,Online
60612,Debit Card,Successful,Online
60613,Debit Card,Successful,Online
60614,Credit Card,Failed,Online
60615,Net Banking,Successful,Online
60616,Debit Card,Successful,Online
60617,UPI,Successful,Online
60618,Credit Card,Successful,POS
60619,Credit Card,Successful,Online
60620,UPI,Failed,Online
60621,Debit Card,Refunded,Online
60622,UPI,Successful,Online
60623,Credit Card,Refunded,Online
60624,UPI,Refunded,Online
60625,UPI,Failed,Online
60626,Credit Card,Successful,POS
60627,Wallet,Successful,Online
60628,Credit Card,Failed,Online
60629,UPI,Failed,Online
60630,Credit Card,Successful,Online
60631,UPI,Successful,Online
60632,UPI,Successful,Online
60633,UPI,Successful,Online
60634,UPI,Refunded,POS
60635,Credit Card,Successful,Online
60636,Credit Card,Failed,Online
60637,UPI,Failed,Online
60638,Debit Card,Failed,POS
60639,UPI,Successful,Online
60640,Net Banking,Successful,Online
60641,Credit Card,Failed,Online
60642,UPI,Successful,Online
60643,Wallet,Refunded,Online
60644,UPI,Successful,Online
60645,Credit Card,Successful,POS
60646,UPI,Successful,Online
60647,Debit Card,Failed,Online
60648,Credit Card,Successful,Online
60649,UPI,Successful,Online
60650,UPI,Failed,POS
60651,Debit Card,Successful,Online
60652,UPI,Successful,Online
60653,UPI,Failed,Online
60654,Credit Card,Successful,Online
60655,Debit Card,Failed,Online
60656,UPI,Refunded,Online
60657,UPI,Successful,Online
60658,Net Banking,Successful,Online
60659,UPI,Successful,Online
60660,Credit Card,Successful,POS
60661,Wallet,Failed,Online
60662,Net Banking,Failed,Online
60663,UPI,Successful,Online
60664,UPI,Successful,POS
60665,UPI,Successful,POS
60666,Wallet,Successful,POS
60667,Wallet,Refunded,Online
60668,UPI,Successful,Online
60669,Debit Card,Successful,Online
60670,Net Banking,Successful,POS
60671,UPI,Successful,Online
60672,UPI,Successful,Online
60673,UPI,Refunded,Online
60674,Credit Card,Refunded,POS
60675,Net Banking,Successful,Online
60676,Net Banking,Refunded,Online
60677,UPI,Failed,Online
60678,UPI,Successful,Online
60679,Credit Card,Refunded,POS
60680,Debit Card,Successful,Online
60681,Credit Card,Successful,POS
60682,Credit Card,Failed,Online
60683,Credit Card,Successful,POS
60684,UPI,Successful,POS
60685,Credit Card,Failed,Online
60686,Wallet,Refunded,Online
60687,UPI,Successful,POS
60688,Credit Card,Successful,Online
60689,UPI,Successful,Online
60690,Credit Card,Failed,Online
60691,Credit Card,Successful,Online
60692,Credit Card,Failed,Online
60693,Net Banking,Successful,Online
60694,Credit Card,Successful,Online
60695,Credit Card,Refunded,Online
60696,UPI,Failed,Online
60697,Debit Card,Successful,Online
60698,UPI,Failed,Online
60699,Debit Card,Refunded,Online
60700,UPI,Refunded,Online
60701,UPI,Failed,Online
60702,UPI,Successful,Online
60703,Wallet,Successful,Online
60704,UPI,Successful,Online
60705,UPI,Refunded,Online
60706,UPI,Successful,Online
60707,UPI,Refunded,Online
60708,UPI,Refunded,Online
60709,Credit Card,Refunded,Online
60710,UPI,Refunded,Online
60711,Credit Card,Failed,Online
60712,UPI,Failed,Online
60713,Credit Card,Successful,Online
60714,Credit Card,Successful,Online
60715,UPI,Successful,Online
60716,Credit Card,Successful,Online
60717,UPI,Failed,Online
60718,UPI,Successful,Online
60719,Credit Card,Refunded,POS
60720,Credit Card,Failed,Online
60721,Credit Card,Successful,Online
60722,UPI,Failed,Online
60723,UPI,Successful,Online
60724,UPI,Successful,POS
60725,Credit Card,Successful,Online
60726,Credit Card,Successful,Online
60727,UPI,Successful,Online
60728,Debit Card,Failed,Online
60729,UPI,Successful,Online
60730,Wallet,Successful,POS
60731,UPI,Successful,POS
60732,Debit Card,Successful,POS
60733,UPI,Failed,Online
60734,Net Banking,Failed,Online
60735,UPI,Refunded,POS
60736,UPI,Failed,POS
60737,UPI,Successful,POS
60738,Wallet,Successful,Online
60739,Wallet,Successful,POS
60740,UPI,Successful,Online
60741,Credit Card,Refunded,Online
60742,Credit Card,Refunded,Online
60743,UPI,Successful,Online
60744,UPI,Successful,Online
60745,Wallet,Failed,Online
60746,Credit Card,Failed,Online
60747,UPI,Failed,Online
60748,UPI,Successful,Online
60749,UPI,Failed,Online
60750,Credit Card,Successful,Online
60751,UPI,Refunded,Online
60752,Credit Card,Successful,POS
60753,UPI,Failed,Online
60754,UPI,Successful,Online
60755,UPI,Successful,Online
60756,Net Banking,Successful,Online
60757,UPI,Refunded,POS
60758,Debit Card,Successful,Online
60759,UPI,Successful,POS
60760,Credit Card,Successful,POS
60761,UPI,Refunded,POS
60762,Debit Card,Failed,Online
60763,Net Banking,Refunded,Online
60764,UPI,Successful,Online
60765,UPI,Refunded,Online
60766,Debit Card,Successful,Online
60767,UPI,Failed,Online
60768,Credit Card,Refunded,POS
60769,UPI,Failed,Online
60770,Credit Card,Successful,Online
60771,Credit Card,Successful,Online
60772,UPI,Successful,Online
60773,Credit Card,Refunded,Online
60774,Credit Card,Failed,Online
60775,UPI,Refunded,POS
60776,UPI,Successful,Online
60777,Credit Card,Successful,POS
60778,UPI,Successful,Online
60779,Wallet,Failed,POS
60780,Debit Card,Refunded,Online
60781,UPI,Failed,Online
60782,Net Banking,Successful,POS
60783,UPI,Refunded,POS
60784,Credit Card,Failed,Online
60785,UPI,Refunded,Online
60786,Debit Card,Successful,POS
60787,Debit Card,Successful,Online
60788,Credit Card,Successful,Online
60789,UPI,Successful,Online
60790,UPI,Successful,POS
60791,Credit Card,Failed,Online
60792,UPI,Successful,Online
60793,UPI,Refunded,Online
60794,Debit Card,Failed,Online
60795,Net Banking,Failed,POS
60796,UPI,Failed,Online
60797,UPI,Successful,Online
60798,Net Banking,Successful,Online
60799,Net Banking,Successful,POS
60800,Credit Card,Successful,POS
60801,UPI,Successful,POS
60802,Debit Card,Successful,Online
60803,Debit Card,Successful,Online
60804,UPI,Successful,Online
60805,Credit Card,Failed,Online
60806,Credit Card,Successful,Online
60807,UPI,Successful,Online
60808,Debit Card,Successful,Online
60809,Credit Card,Failed,Online
60810,Debit Card,Failed,Online
60811,Credit Card,Successful,Online
60812,UPI,Successful,POS
60813,Credit Card,Successful,Online
60814,Debit Card,Failed,Online
60815,Wallet,Successful,Online
60816,Credit Card,Successful,Online
60817,UPI,Successful,Online
60818,Wallet,Refunded,POS
60819,Credit Card,Failed,Online
60820,Wallet,Refunded,Online
60821,UPI,Successful,POS
60822,UPI,Successful,Online
60823,UPI,Successful,Online
60824,Net Banking,Failed,Online
60825,Net Banking,Successful,Online
60826,Credit Card,Successful,Online
60827,UPI,Successful,Online
60828,UPI,Successful,Online
60829,Credit Card,Failed,Online
60830,Credit Card,Successful,Online
60831,Debit Card,Failed,Online
60832,UPI,Refunded,POS
60833,Credit Card,Successful,POS
60834,UPI,Refunded,Online
60835,Credit Card,Successful,Online
60836,Credit Card,Successful,Online
60837,Net Banking,Successful,Online
60838,Credit Card,Successful,POS
60839,Credit Card,Successful,POS
60840,UPI,Failed,Online
60841,Net Banking,Successful,Online
60842,UPI,Successful,POS
60843,UPI,Successful,Online
60844,Wallet,Successful,Online
60845,Debit Card,Successful,POS
60846,Credit Card,Successful,Online
60847,UPI,Successful,Online
60848,Net Banking,Successful,Online
60849,UPI,Failed,Online
60850,UPI,Successful,POS
60851,UPI,Successful,POS
60852,UPI,Refunded,Online
60853,Wallet,Successful,POS
60854,Credit Card,Refunded,Online
60855,Credit Card,Refunded,Online
60856,Wallet,Failed,Online
60857,UPI,Refunded,Online
60858,UPI,Successful,Online
60859,Credit Card,Successful,POS
60860,Credit Card,Failed,Online
60861,Credit Card,Successful,POS
60862,UPI,Successful,Online
60863,Credit Card,Successful,Online
60864,UPI,Successful,Online
60865,UPI,Successful,Online
60866,UPI,Successful,Online
60867,UPI,Failed,Online
60868,UPI,Failed,POS
60869,UPI,Failed,Online
60870,Wallet,Successful,Online
60871,Net Banking,Successful,POS
60872,Credit Card,Successful,Online
60873,Wallet,Successful,Online
60874,Wallet,Successful,Online
60875,UPI,Successful,Online
60876,Credit Card,Successful,POS
60877,Wallet,Successful,Online
60878,Credit Card,Successful,Online
60879,UPI,Refunded,Online
60880,Debit Card,Successful,Online
60881,UPI,Failed,Online
60882,UPI,Successful,POS
60883,UPI,Refunded,Online
60884,UPI,Failed,Online
60885,UPI,Refunded,Online
60886,Net Banking,Successful,Online
60887,UPI,Successful,POS
60888,UPI,Successful,POS
60889,UPI,Failed,Online
60890,Credit Card,Failed,POS
60891,Wallet,Successful,Online
60892,UPI,Failed,Online
60893,UPI,Successful,POS
60894,Credit Card,Successful,Online
60895,Credit Card,Successful,Online
60896,UPI,Successful,POS
60897,UPI,Successful,Online
60898,Credit Card,Successful,Online
60899,UPI,Successful,Online
60900,Net Banking,Successful,Online
60901,UPI,Successful,POS
60902,UPI,Successful,Online
60903,Debit Card,Failed,Online
60904,Net Banking,Successful,POS
60905,UPI,Successful,Online
60906,Wallet,Refunded,Online
60907,Debit Card,Successful,Online
60908,UPI,Failed,Online
60909,Credit Card,Successful,POS
60910,UPI,Successful,Online
60911,UPI,Refunded,Online
60912,UPI,Successful,POS
60913,Credit Card,Successful,Online
60914,Net Banking,Failed,POS
60915,UPI,Failed,Online
60916,UPI,Successful,POS
60917,Credit Card,Failed,Online
60918,Credit Card,Refunded,POS
60919,Debit Card,Successful,POS
60920,UPI,Failed,Online
60921,Credit Card,Failed,POS
60922,Credit Card,Successful,POS
60923,Debit Card,Refunded,Online
60924,UPI,Refunded,Online
60925,UPI,Refunded,Online
60926,Credit Card,Failed,Online
60927,Net Banking,Failed,Online
60928,Credit Card,Refunded,Online
60929,Wallet,Failed,POS
60930,UPI,Successful,Online
60931,Credit Card,Failed,Online
60932,Credit Card,Refunded,Online
60933,Credit Card,Successful,POS
60934,Debit Card,Refunded,Online
60935,Net Banking,Successful,Online
60936,Debit Card,Failed,Online
60937,Credit Card,Failed,Online
60938,Wallet,Successful,POS
60939,Credit Card,Refunded,POS
60940,Net Banking,Successful,Online
60941,Net Banking,Successful,POS
60942,Credit Card,Refunded,Online
60943,Debit Card,Failed,POS
60944,UPI,Successful,POS
60945,UPI,Successful,Online
60946,Credit Card,Refunded,POS
60947,UPI,Refunded,Online
60948,Credit Card,Successful,POS
60949,Net Banking,Successful,Online
60950,UPI,Successful,POS
60951,UPI,Failed,Online
60952,Credit Card,Successful,POS
60953,UPI,Refunded,Online
60954,Credit Card,Refunded,Online
60955,Credit Card,Failed,Online
60956,UPI,Successful,Online
60957,UPI,Successful,Online
60958,Net Banking,Refunded,POS
60959,UPI,Successful,Online
60960,Credit Card,Successful,Online
60961,Wallet,Successful,Online
60962,Net Banking,Failed,POS
60963,UPI,Successful,Online
60964,Credit Card,Successful,Online
60965,Debit Card,Successful,Online
60966,Debit Card,Successful,Online
60967,Debit Card,Refunded,Online
60968,Credit Card,Successful,Online
60969,UPI,Refunded,Online
60970,Credit Card,Failed,Online
60971,Credit Card,Failed,Online
60972,Credit Card,Successful,POS
60973,UPI,Failed,POS
60974,UPI,Successful,Online
60975,Wallet,Refunded,Online
60976,UPI,Successful,Online
60977,UPI,Successful,POS
60978,Debit Card,Successful,Online
60979,Credit Card,Failed,Online
60980,UPI,Successful,Online
60981,Credit Card,Successful,POS
60982,Credit Card,Successful,Online
60983,Credit Card,Failed,POS
60984,Net Banking,Successful,POS
60985,UPI,Successful,POS
60986,Debit Card,Failed,Online
60987,UPI,Successful,POS
60988,Credit Card,Successful,Online
60989,Debit Card,Successful,POS
60990,UPI,Refunded,Online
60991,Credit Card,Refunded,Online
60992,UPI,Failed,POS
60993,UPI,Refunded,Online
60994,Credit Card,Failed,Online
60995,Debit Card,Successful,Online
60996,UPI,Successful,Online
60997,Net Banking,Failed,Online
60998,UPI,Successful,Online
60999,UPI,Successful,Online
61000,UPI,Successful,POS
61001,UPI,Successful,POS
61002,UPI,Successful,Online
61003,Debit Card,Refunded,Online
61004,Credit Card,Failed,POS
61005,Credit Card,Successful,Online
61006,Wallet,Refunded,Online
61007,UPI,Successful,Online
61008,UPI,Refunded,POS
61009,UPI,Successful,POS
61010,UPI,Successful,Online
61011,Credit Card,Failed,Online
61012,UPI,Refunded,Online
61013,Credit Card,Successful,POS
61014,Debit Card,Successful,Online
61015,Debit Card,Successful,Online
61016,Debit Card,Refunded,Online
61017,UPI,Successful,Online
61018,UPI,Successful,Online
61019,Credit Card,Successful,Online
61020,UPI,Successful,Online
61021,UPI,Successful,Online
61022,Credit Card,Failed,Online
61023,UPI,Refunded,POS
61024,Debit Card,Successful,Online
61025,UPI,Failed,Online
61026,Wallet,Successful,POS
61027,Debit Card,Successful,Online
61028,UPI,Successful,Online
61029,Credit Card,Failed,Online
61030,Credit Card,Failed,Online
61031,Debit Card,Successful,Online
61032,Credit Card,Successful,Online
61033,Credit Card,Successful,Online
61034,UPI,Successful,Online
61035,UPI,Refunded,POS
61036,Wallet,Successful,Online
61037,UPI,Refunded,Online
61038,UPI,Refunded,POS
61039,UPI,Successful,Online
61040,Net Banking,Successful,POS
61041,Credit Card,Failed,Online
61042,Debit Card,Successful,Online
61043,Debit Card,Failed,POS
61044,Net Banking,Failed,Online
61045,Credit Card,Successful,Online
61046,UPI,Successful,POS
61047,UPI,Successful,Online
61048,Credit Card,Refunded,Online
61049,UPI,Refunded,Online
61050,Credit Card,Refunded,POS
61051,Credit Card,Refunded,Online
61052,Credit Card,Successful,POS
61053,UPI,Failed,Online
61054,UPI,Successful,POS
61055,Debit Card,Successful,Online
61056,UPI,Successful,Online
61057,Debit Card,Failed,POS
61058,Credit Card,Failed,Online
61059,Wallet,Successful,Online
61060,Net Banking,Successful,Online
61061,Credit Card,Successful,Online
61062,Credit Card,Failed,Online
61063,UPI,Successful,Online
61064,Credit Card,Refunded,Online
61065,Debit Card,Failed,Online
61066,Credit Card,Refunded,Online
61067,Credit Card,Successful,Online
61068,UPI,Successful,Online
61069,Debit Card,Failed,Online
61070,UPI,Successful,Online
61071,Net Banking,Refunded,Online
61072,Credit Card,Failed,Online
61073,UPI,Successful,Online
61074,UPI,Failed,Online
61075,UPI,Successful,Online
61076,Net Banking,Successful,Online
61077,Debit Card,Refunded,Online
61078,Credit Card,Successful,Online
61079,Credit Card,Successful,Online
61080,Credit Card,Successful,POS
61081,Credit Card,Successful,Online
61082,Credit Card,Successful,Online
61083,UPI,Refunded,Online
61084,Net Banking,Failed,Online
61085,Debit Card,Successful,Online
61086,UPI,Failed,POS
61087,Net Banking,Failed,Online
61088,Credit Card,Successful,Online
61089,UPI,Successful,POS
61090,UPI,Successful,Online
61091,Debit Card,Successful,POS
61092,Net Banking,Successful,Online
61093,Debit Card,Successful,POS
61094,Debit Card,Failed,Online
61095,UPI,Refunded,Online
61096,UPI,Refunded,Online
61097,UPI,Successful,Online
61098,Net Banking,Successful,Online
61099,Wallet,Successful,Online
61100,UPI,Refunded,POS
61101,Debit Card,Successful,Online
61102,Credit Card,Successful,Online
61103,UPI,Successful,POS
61104,Credit Card,Refunded,POS
61105,Debit Card,Failed,Online
61106,UPI,Failed,Online
61107,Net Banking,Failed,Online
61108,UPI,Refunded,Online
61109,UPI,Successful,POS
61110,UPI,Successful,Online
61111,Net Banking,Successful,Online
61112,Credit Card,Successful,Online
61113,Debit Card,Successful,Online
61114,Credit Card,Successful,Online
61115,Credit Card,Failed,POS
61116,Debit Card,Successful,Online
61117,Credit Card,Failed,Online
61118,Debit Card,Failed,Online
61119,UPI,Refunded,Online
61120,Credit Card,Refunded,POS
61121,Debit Card,Successful,Online
61122,Net Banking,Successful,Online
61123,UPI,Refunded,Online
61124,Credit Card,Successful,POS
61125,Credit Card,Successful,Online
61126,Credit Card,Failed,Online
61127,UPI,Successful,Online
61128,UPI,Successful,Online
61129,Net Banking,Successful,POS
61130,Debit Card,Refunded,Online
61131,Credit Card,Failed,Online
61132,Net Banking,Failed,Online
61133,UPI,Successful,Online
61134,Credit Card,Successful,POS
61135,Net Banking,Failed,Online
61136,Net Banking,Successful,Online
61137,UPI,Successful,POS
61138,Debit Card,Successful,POS
61139,Credit Card,Refunded,Online
61140,Net Banking,Successful,POS
61141,Credit Card,Successful,Online
61142,Debit Card,Refunded,Online
61143,UPI,Successful,Online
61144,Credit Card,Failed,Online
61145,Credit Card,Successful,POS
61146,Credit Card,Successful,POS
61147,Debit Card,Refunded,POS
61148,Net Banking,Successful,Online
61149,Debit Card,Successful,Online
61150,UPI,Failed,Online
61151,Net Banking,Refunded,POS
61152,UPI,Refunded,Online
61153,Credit Card,Successful,Online
61154,Net Banking,Successful,Online
61155,UPI,Failed,Online
61156,Net Banking,Refunded,Online
61157,Debit Card,Successful,Online
61158,Credit Card,Successful,POS
61159,UPI,Successful,Online
61160,Credit Card,Successful,POS
61161,Wallet,Successful,POS
61162,UPI,Successful,Online
61163,Credit Card,Successful,POS
61164,UPI,Successful,POS
61165,UPI,Failed,POS
61166,Debit Card,Successful,POS
61167,UPI,Successful,Online
61168,Wallet,Failed,Online
61169,Credit Card,Failed,POS
61170,Credit Card,Successful,POS
61171,UPI,Successful,Online
61172,Wallet,Successful,Online
61173,UPI,Successful,Online
61174,Credit Card,Failed,POS
61175,Credit Card,Successful,Online
61176,Credit Card,Successful,Online
61177,Credit Card,Successful,Online
61178,Debit Card,Successful,Online
61179,UPI,Failed,Online
61180,Credit Card,Successful,Online
61181,Debit Card,Successful,Online
61182,Credit Card,Successful,Online
61183,UPI,Successful,Online
61184,UPI,Successful,Online
61185,UPI,Successful,Online
61186,UPI,Failed,Online
61187,UPI,Successful,Online
61188,Credit Card,Successful,Online
61189,UPI,Successful,Online
61190,Credit Card,Successful,Online
61191,Wallet,Successful,POS
61192,Wallet,Successful,Online
61193,Net Banking,Successful,Online
61194,UPI,Successful,Online
61195,UPI,Refunded,Online
61196,Net Banking,Successful,Online
61197,UPI,Refunded,Online
61198,UPI,Refunded,Online
61199,Credit Card,Successful,POS
61200,UPI,Successful,Online
61201,Net Banking,Successful,POS
61202,Debit Card,Successful,POS
61203,Debit Card,Refunded,Online
61204,Debit Card,Refunded,Online
61205,UPI,Successful,POS
61206,Debit Card,Successful,POS
61207,UPI,Failed,POS
61208,Debit Card,Successful,Online
61209,UPI,Successful,Online
61210,Debit Card,Successful,POS
61211,Wallet,Successful,Online
61212,UPI,Successful,Online
61213,UPI,Successful,Online
61214,UPI,Successful,Online
61215,Credit Card,Refunded,POS
61216,UPI,Refunded,POS
61217,Debit Card,Successful,Online
61218,Credit Card,Failed,POS
61219,Credit Card,Refunded,Online
61220,Debit Card,Refunded,POS
61221,UPI,Refunded,Online
61222,UPI,Refunded,POS
61223,Debit Card,Successful,Online
61224,Debit Card,Refunded,Online
61225,UPI,Successful,Online
61226,UPI,Successful,POS
61227,UPI,Successful,POS
61228,UPI,Successful,Online
61229,UPI,Failed,POS
61230,Debit Card,Refunded,Online
61231,Net Banking,Successful,POS
61232,UPI,Failed,Online
61233,Credit Card,Refunded,Online
61234,UPI,Successful,Online
61235,Credit Card,Successful,Online
61236,Credit Card,Successful,Online
61237,Net Banking,Successful,Online
61238,UPI,Refunded,Online
61239,UPI,Successful,Online
61240,Credit Card,Successful,Online
61241,Credit Card,Successful,Online
61242,UPI,Successful,POS
61243,UPI,Refunded,Online
61244,Credit Card,Successful,Online
61245,UPI,Failed,Online
61246,Wallet,Successful,POS
61247,Credit Card,Failed,POS
61248,UPI,Successful,Online
61249,Credit Card,Successful,Online
61250,UPI,Successful,Online
61251,Credit Card,Successful,Online
61252,Credit Card,Failed,POS
61253,Credit Card,Successful,Online
61254,Debit Card,Refunded,Online
61255,UPI,Failed,Online
61256,Net Banking,Refunded,Online
61257,Debit Card,Failed,Online
61258,UPI,Successful,Online
61259,UPI,Successful,Online
61260,UPI,Successful,Online
61261,UPI,Successful,POS
61262,Credit Card,Successful,POS
61263,UPI,Failed,Online
61264,Net Banking,Successful,POS
61265,UPI,Refunded,Online
61266,UPI,Successful,Online
61267,UPI,Successful,Online
61268,UPI,Failed,POS
61269,Net Banking,Failed,Online
61270,Credit Card,Successful,Online
61271,UPI,Successful,Online
61272,Net Banking,Successful,Online
61273,Debit Card,Refunded,POS
61274,Debit Card,Failed,Online
61275,Net Banking,Failed,Online
61276,Credit Card,Successful,Online
61277,Credit Card,Successful,POS
61278,UPI,Successful,Online
61279,UPI,Failed,POS
61280,Credit Card,Refunded,Online
61281,Net Banking,Successful,Online
61282,Credit Card,Successful,Online
61283,Net Banking,Failed,Online
61284,UPI,Failed,Online
61285,Debit Card,Successful,Online
61286,Credit Card,Refunded,POS
61287,Debit Card,Successful,Online
61288,Credit Card,Refunded,POS
61289,UPI,Failed,POS
61290,UPI,Successful,Online
61291,Wallet,Successful,POS
61292,UPI,Successful,Online
61293,Credit Card,Successful,Online
61294,Credit Card,Successful,Online
61295,UPI,Successful,Online
61296,Debit Card,Successful,Online
61297,Debit Card,Successful,Online
61298,Net Banking,Refunded,Online
61299,Credit Card,Successful,Online
61300,Credit Card,Refunded,Online
61301,Net Banking,Successful,POS
61302,Wallet,Successful,Online
61303,Wallet,Refunded,Online
61304,Debit Card,Failed,POS
61305,UPI,Failed,POS
61306,UPI,Successful,POS
61307,Net Banking,Failed,POS
61308,Net Banking,Successful,Online
61309,Debit Card,Failed,Online
61310,UPI,Successful,Online
61311,Credit Card,Successful,POS
61312,UPI,Successful,Online
61313,Credit Card,Successful,Online
61314,Credit Card,Refunded,Online
61315,Net Banking,Refunded,Online
61316,UPI,Successful,Online
61317,Credit Card,Refunded,Online
61318,UPI,Failed,Online
61319,Debit Card,Refunded,Online
61320,Credit Card,Successful,Online
61321,Net Banking,Refunded,POS
61322,UPI,Failed,POS
61323,UPI,Failed,Online
61324,Debit Card,Successful,Online
61325,UPI,Successful,Online
61326,UPI,Failed,Online
61327,Credit Card,Successful,POS
61328,Debit Card,Successful,Online
61329,UPI,Refunded,Online
61330,UPI,Refunded,Online
61331,Debit Card,Successful,Online
61332,Credit Card,Successful,POS
61333,UPI,Successful,Online
61334,UPI,Refunded,Online
61335,Credit Card,Failed,POS
61336,UPI,Successful,Online
61337,Net Banking,Successful,Online
61338,Debit Card,Failed,POS
61339,Credit Card,Refunded,Online
61340,Net Banking,Failed,Online
61341,Credit Card,Failed,Online
61342,UPI,Refunded,Online
61343,Debit Card,Failed,POS
61344,Credit Card,Successful,Online
61345,UPI,Successful,Online
61346,UPI,Refunded,Online
61347,Credit Card,Successful,POS
61348,UPI,Successful,Online
61349,Debit Card,Refunded,Online
61350,Debit Card,Successful,Online
61351,Credit Card,Successful,Online
61352,Credit Card,Successful,Online
61353,UPI,Successful,Online
61354,UPI,Successful,Online
61355,UPI,Successful,Online
61356,UPI,Successful,POS
61357,UPI,Successful,Online
61358,Credit Card,Failed,Online
61359,Debit Card,Failed,Online
61360,Credit Card,Successful,Online
61361,Wallet,Failed,Online
61362,Net Banking,Successful,POS
61363,Wallet,Successful,POS
61364,Net Banking,Successful,Online
61365,Credit Card,Refunded,Online
61366,Credit Card,Failed,Online
61367,UPI,Successful,Online
61368,Debit Card,Failed,Online
61369,Credit Card,Successful,POS
61370,Credit Card,Successful,Online
61371,Debit Card,Successful,Online
61372,Credit Card,Failed,POS
61373,Credit Card,Failed,POS
61374,Credit Card,Failed,Online
61375,Debit Card,Successful,Online
61376,Net Banking,Successful,Online
61377,Net Banking,Successful,Online
61378,Debit Card,Failed,Online
61379,UPI,Failed,Online
61380,Net Banking,Refunded,Online
61381,UPI,Successful,Online
61382,Net Banking,Successful,POS
61383,UPI,Refunded,POS
61384,Credit Card,Failed,Online
61385,Debit Card,Successful,Online
61386,Credit Card,Successful,Online
61387,Credit Card,Refunded,Online
61388,Debit Card,Successful,POS
61389,Credit Card,Successful,POS
61390,UPI,Successful,Online
61391,Credit Card,Failed,POS
61392,UPI,Refunded,Online
61393,Debit Card,Successful,POS
61394,UPI,Successful,Online
61395,Credit Card,Failed,Online
61396,Credit Card,Successful,Online
61397,UPI,Successful,POS
61398,Credit Card,Successful,Online
61399,Credit Card,Refunded,Online
61400,Wallet,Refunded,POS
61401,Net Banking,Successful,Online
61402,Debit Card,Failed,Online
61403,Credit Card,Successful,Online
61404,Credit Card,Successful,Online
61405,UPI,Refunded,Online
61406,UPI,Refunded,Online
61407,Net Banking,Failed,POS
61408,Credit Card,Successful,POS
61409,Credit Card,Successful,Online
61410,UPI,Refunded,Online
61411,UPI,Refunded,Online
61412,UPI,Successful,POS
61413,Credit Card,Successful,Online
61414,Credit Card,Successful,Online
61415,Credit Card,Successful,Online
61416,Credit Card,Refunded,Online
61417,Debit Card,Successful,Online
61418,Debit Card,Refunded,Online
61419,Debit Card,Failed,Online
61420,Credit Card,Failed,POS
61421,UPI,Refunded,Online
61422,Net Banking,Refunded,Online
61423,UPI,Successful,Online
61424,UPI,Successful,POS
61425,Credit Card,Successful,Online
61426,Credit Card,Failed,Online
61427,UPI,Failed,Online
61428,Debit Card,Successful,Online
61429,Credit Card,Successful,POS
61430,Credit Card,Successful,POS
61431,Credit Card,Failed,POS
61432,Credit Card,Successful,Online
61433,UPI,Refunded,Online
61434,UPI,Successful,Online
61435,UPI,Refunded,Online
61436,Debit Card,Failed,POS
61437,Credit Card,Successful,Online
61438,Credit Card,Failed,Online
61439,Credit Card,Refunded,Online
61440,Credit Card,Failed,Online
61441,UPI,Successful,Online
61442,UPI,Refunded,Online
61443,Net Banking,Refunded,Online
61444,Credit Card,Successful,Online
61445,Debit Card,Successful,POS
61446,Credit Card,Successful,POS
61447,Debit Card,Successful,POS
61448,Credit Card,Successful,Online
61449,UPI,Successful,Online
61450,Net Banking,Refunded,POS
61451,UPI,Successful,Online
61452,UPI,Refunded,Online
61453,UPI,Refunded,Online
61454,Debit Card,Refunded,Online
61455,Debit Card,Successful,POS
61456,Debit Card,Successful,Online
61457,Net Banking,Successful,Online
61458,UPI,Refunded,Online
61459,Credit Card,Successful,Online
61460,Credit Card,Refunded,Online
61461,Wallet,Successful,Online
61462,UPI,Successful,POS
61463,Wallet,Successful,Online
61464,UPI,Successful,Online
61465,Debit Card,Successful,POS
61466,Credit Card,Successful,Online
61467,Debit Card,Successful,Online
61468,UPI,Successful,Online
61469,UPI,Successful,Online
61470,UPI,Failed,Online
61471,Credit Card,Successful,Online
61472,Credit Card,Failed,Online
61473,Net Banking,Failed,Online
61474,Credit Card,Refunded,Online
61475,UPI,Failed,POS
61476,UPI,Failed,Online
61477,UPI,Successful,POS
61478,Debit Card,Successful,Online
61479,Debit Card,Successful,POS
61480,Wallet,Successful,POS
61481,Credit Card,Failed,Online
61482,UPI,Failed,Online
61483,UPI,Successful,Online
61484,Credit Card,Successful,Online
61485,Wallet,Successful,Online
61486,UPI,Successful,Online
61487,UPI,Successful,Online
61488,Debit Card,Successful,Online
61489,Debit Card,Successful,Online
61490,UPI,Successful,POS
61491,Debit Card,Successful,Online
61492,UPI,Successful,Online
61493,Net Banking,Successful,POS
61494,UPI,Successful,POS
61495,UPI,Successful,Online
61496,UPI,Failed,Online
61497,UPI,Successful,Online
61498,Credit Card,Successful,POS
61499,Debit Card,Refunded,Online
61500,Credit Card,Successful,Online
61501,Debit Card,Failed,Online
61502,UPI,Successful,Online
61503,UPI,Successful,POS
61504,Wallet,Refunded,Online
61505,Debit Card,Refunded,Online
61506,UPI,Failed,POS
61507,Credit Card,Refunded,Online
61508,Credit Card,Successful,POS
61509,UPI,Failed,POS
61510,Credit Card,Successful,Online
61511,Credit Card,Refunded,POS
61512,UPI,Refunded,POS
61513,UPI,Failed,Online
61514,Debit Card,Refunded,Online
61515,UPI,Refunded,POS
61516,UPI,Successful,Online
61517,Debit Card,Successful,Online
61518,Debit Card,Failed,Online
61519,UPI,Refunded,POS
61520,Net Banking,Successful,Online
61521,Debit Card,Failed,POS
61522,UPI,Successful,Online
61523,Credit Card,Successful,Online
61524,Debit Card,Refunded,POS
61525,UPI,Failed,Online
61526,Credit Card,Failed,Online
61527,Debit Card,Successful,POS
61528,Credit Card,Successful,Online
61529,Credit Card,Successful,Online
61530,Credit Card,Successful,Online
61531,UPI,Failed,Online
61532,Credit Card,Successful,Online
61533,Credit Card,Successful,POS
61534,Debit Card,Successful,Online
61535,Debit Card,Successful,Online
61536,Credit Card,Successful,Online
61537,Wallet,Failed,Online
61538,UPI,Successful,Online
61539,UPI,Successful,Online
61540,UPI,Refunded,Online
61541,UPI,Successful,Online
61542,Credit Card,Successful,POS
61543,UPI,Successful,Online
61544,UPI,Successful,Online
61545,UPI,Successful,Online
61546,Debit Card,Successful,Online
61547,Net Banking,Successful,Online
61548,Debit Card,Failed,POS
61549,UPI,Failed,Online
61550,Credit Card,Successful,Online
61551,UPI,Refunded,POS
61552,UPI,Failed,Online
61553,Debit Card,Refunded,Online
61554,Credit Card,Failed,Online
61555,UPI,Successful,Online
61556,Credit Card,Successful,Online
61557,UPI,Successful,POS
61558,Credit Card,Refunded,POS
61559,Credit Card,Successful,POS
61560,UPI,Successful,Online
61561,Net Banking,Failed,Online
61562,Credit Card,Failed,POS
61563,Net Banking,Successful,Online
61564,Debit Card,Failed,POS
61565,Debit Card,Successful,Online
61566,Credit Card,Successful,Online
61567,UPI,Refunded,Online
61568,Credit Card,Successful,POS
61569,UPI,Successful,Online
61570,UPI,Successful,Online
61571,Credit Card,Failed,Online
61572,Debit Card,Successful,Online
61573,Wallet,Failed,POS
61574,UPI,Refunded,Online
61575,Credit Card,Successful,Online
61576,Net Banking,Successful,Online
61577,UPI,Successful,Online
61578,UPI,Refunded,Online
61579,UPI,Successful,POS
61580,Net Banking,Failed,Online
61581,UPI,Successful,Online
61582,UPI,Successful,Online
61583,Credit Card,Refunded,POS
61584,Net Banking,Refunded,Online
61585,Net Banking,Successful,Online
61586,Credit Card,Refunded,POS
61587,Net Banking,Successful,Online
61588,UPI,Refunded,Online
61589,UPI,Successful,POS
61590,Wallet,Successful,POS
61591,Credit Card,Failed,POS
61592,UPI,Successful,Online
61593,Credit Card,Successful,Online
61594,Debit Card,Successful,POS
61595,Net Banking,Successful,POS
61596,Net Banking,Refunded,POS
61597,Credit Card,Successful,Online
61598,Net Banking,Successful,Online
61599,Credit Card,Successful,Online
61600,Credit Card,Successful,Online
61601,Debit Card,Failed,Online
61602,Credit Card,Refunded,Online
61603,UPI,Successful,Online
61604,UPI,Successful,POS
61605,Credit Card,Successful,POS
61606,UPI,Successful,Online
61607,UPI,Successful,Online
61608,UPI,Failed,Online
61609,UPI,Refunded,Online
61610,Debit Card,Successful,Online
61611,UPI,Failed,POS
61612,UPI,Successful,Online
61613,Debit Card,Successful,Online
61614,Net Banking,Successful,Online
61615,UPI,Failed,Online
61616,UPI,Failed,POS
61617,Wallet,Failed,POS
61618,Credit Card,Successful,Online
61619,Net Banking,Refunded,Online
61620,UPI,Successful,Online
61621,UPI,Successful,Online
61622,UPI,Successful,Online
61623,UPI,Failed,Online
61624,Net Banking,Refunded,Online
61625,Wallet,Refunded,Online
61626,Wallet,Successful,Online
61627,Net Banking,Successful,Online
61628,Net Banking,Successful,Online
61629,Debit Card,Successful,Online
61630,Net Banking,Successful,POS
61631,UPI,Successful,POS
61632,Credit Card,Refunded,POS
61633,Credit Card,Successful,Online
61634,Net Banking,Successful,Online
61635,Debit Card,Successful,POS
61636,Net Banking,Successful,Online
61637,Credit Card,Successful,Online
61638,Debit Card,Successful,Online
61639,Wallet,Failed,POS
61640,UPI,Successful,Online
61641,Net Banking,Failed,Online
61642,Credit Card,Successful,Online
61643,Credit Card,Successful,Online
61644,Net Banking,Successful,Online
61645,Credit Card,Failed,POS
61646,Credit Card,Failed,Online
61647,Credit Card,Failed,Online
61648,UPI,Successful,Online
61649,Credit Card,Successful,Online
61650,UPI,Successful,Online
61651,Net Banking,Refunded,Online
61652,UPI,Successful,Online
61653,Credit Card,Refunded,Online
61654,Wallet,Refunded,Online
61655,Net Banking,Successful,Online
61656,Debit Card,Successful,Online
61657,Credit Card,Successful,Online
61658,UPI,Successful,Online
61659,UPI,Successful,Online
61660,UPI,Successful,POS
61661,Debit Card,Failed,POS
61662,UPI,Failed,Online
61663,Debit Card,Refunded,POS
61664,UPI,Failed,Online
61665,Credit Card,Successful,POS
61666,Credit Card,Refunded,POS
61667,Debit Card,Failed,POS
61668,UPI,Failed,Online
61669,Credit Card,Successful,Online
61670,UPI,Successful,POS
61671,UPI,Refunded,POS
61672,Credit Card,Successful,Online
61673,UPI,Failed,Online
61674,UPI,Successful,Online
61675,Net Banking,Refunded,Online
61676,Credit Card,Successful,Online
61677,UPI,Successful,Online
61678,UPI,Refunded,POS
61679,UPI,Successful,Online
61680,Credit Card,Successful,Online
61681,Debit Card,Failed,POS
61682,Credit Card,Successful,Online
61683,UPI,Failed,Online
61684,Credit Card,Failed,POS
61685,Credit Card,Refunded,POS
61686,Credit Card,Successful,POS
61687,Debit Card,Successful,Online
61688,UPI,Successful,POS
61689,UPI,Successful,Online
61690,Net Banking,Refunded,Online
61691,UPI,Successful,POS
61692,UPI,Successful,Online
61693,Debit Card,Failed,Online
61694,Debit Card,Failed,POS
61695,Debit Card,Refunded,POS
61696,UPI,Successful,Online
61697,UPI,Successful,Online
61698,UPI,Successful,Online
61699,Credit Card,Successful,Online
61700,UPI,Refunded,Online
61701,Debit Card,Failed,POS
61702,UPI,Successful,Online
61703,UPI,Successful,Online
61704,Credit Card,Successful,POS
61705,Wallet,Failed,Online
61706,Net Banking,Successful,Online
61707,Wallet,Successful,Online
61708,Credit Card,Successful,Online
61709,UPI,Failed,POS
61710,UPI,Failed,POS
61711,Debit Card,Refunded,Online
61712,UPI,Successful,Online
61713,UPI,Successful,Online
61714,UPI,Successful,POS
61715,Credit Card,Failed,Online
61716,UPI,Failed,Online
61717,UPI,Successful,Online
61718,Credit Card,Successful,Online
61719,UPI,Failed,POS
61720,Credit Card,Successful,Online
61721,Debit Card,Failed,Online
61722,UPI,Failed,Online
61723,Debit Card,Refunded,Online
61724,UPI,Successful,POS
61725,Credit Card,Successful,Online
61726,Credit Card,Successful,Online
61727,Wallet,Refunded,POS
61728,Credit Card,Successful,Online
61729,UPI,Successful,Online
61730,Credit Card,Refunded,Online
61731,Credit Card,Successful,Online
61732,Credit Card,Refunded,POS
61733,UPI,Refunded,Online
61734,Credit Card,Successful,POS
61735,UPI,Successful,Online
61736,Debit Card,Successful,POS
61737,Credit Card,Successful,Online
61738,UPI,Refunded,Online
61739,Net Banking,Failed,POS
61740,Credit Card,Successful,Online
61741,UPI,Successful,Online
61742,UPI,Successful,Online
61743,Credit Card,Successful,Online
61744,UPI,Successful,Online
61745,Net Banking,Successful,POS
61746,UPI,Successful,Online
61747,UPI,Refunded,Online
61748,Wallet,Successful,POS
61749,Wallet,Successful,Online
61750,UPI,Successful,Online
61751,Debit Card,Failed,POS
61752,UPI,Failed,Online
61753,Debit Card,Refunded,Online
61754,Net Banking,Successful,Online
61755,UPI,Successful,Online
61756,UPI,Successful,Online
61757,UPI,Successful,Online
61758,UPI,Successful,POS
61759,UPI,Successful,Online
61760,Debit Card,Failed,Online
61761,UPI,Successful,Online
61762,Credit Card,Failed,Online
61763,Debit Card,Successful,POS
61764,Credit Card,Successful,Online
61765,Credit Card,Failed,POS
61766,UPI,Successful,Online
61767,Credit Card,Successful,Online
61768,UPI,Successful,Online
61769,Debit Card,Successful,POS
61770,UPI,Successful,POS
61771,Debit Card,Failed,Online
61772,Credit Card,Successful,Online
61773,Credit Card,Refunded,Online
61774,UPI,Refunded,POS
61775,UPI,Successful,Online
61776,Net Banking,Successful,Online
61777,UPI,Successful,Online
61778,UPI,Successful,Online
61779,Credit Card,Successful,Online
61780,Debit Card,Successful,Online
61781,UPI,Successful,Online
61782,Debit Card,Refunded,Online
61783,Credit Card,Successful,Online
61784,UPI,Successful,Online
61785,Credit Card,Successful,Online
61786,Debit Card,Refunded,Online
61787,Wallet,Successful,POS
61788,UPI,Failed,Online
61789,Debit Card,Successful,Online
61790,Credit Card,Successful,Online
61791,UPI,Refunded,Online
61792,Credit Card,Successful,Online
61793,UPI,Successful,Online
61794,UPI,Refunded,POS
61795,UPI,Successful,POS
61796,UPI,Successful,POS
61797,Credit Card,Successful,POS
61798,UPI,Successful,Online
61799,Credit Card,Successful,POS
61800,UPI,Refunded,POS
61801,Credit Card,Successful,Online
61802,Net Banking,Successful,Online
61803,UPI,Successful,Online
61804,Credit Card,Failed,POS
61805,Credit Card,Successful,Online
61806,Credit Card,Successful,Online
61807,UPI,Successful,Online
61808,Credit Card,Successful,Online
61809,UPI,Successful,Online
61810,UPI,Successful,Online
61811,Credit Card,Successful,POS
61812,UPI,Refunded,Online
61813,Credit Card,Successful,POS
61814,Debit Card,Successful,Online
61815,Debit Card,Successful,POS
61816,UPI,Successful,Online
61817,Wallet,Successful,Online
61818,Credit Card,Failed,Online
61819,UPI,Successful,POS
61820,UPI,Successful,Online
61821,Credit Card,Successful,Online
61822,Net Banking,Refunded,Online
61823,Credit Card,Refunded,Online
61824,Debit Card,Successful,Online
61825,UPI,Successful,Online
61826,Credit Card,Successful,Online
61827,UPI,Successful,Online
61828,Debit Card,Successful,Online
61829,UPI,Failed,Online
61830,UPI,Successful,Online
61831,UPI,Refunded,Online
61832,Net Banking,Failed,POS
61833,Debit Card,Refunded,Online
61834,UPI,Successful,Online
61835,Net Banking,Successful,Online
61836,UPI,Successful,Online
61837,UPI,Refunded,Online
61838,UPI,Successful,Online
61839,UPI,Successful,Online
61840,UPI,Refunded,Online
61841,Debit Card,Successful,POS
61842,Credit Card,Successful,POS
61843,Credit Card,Successful,Online
61844,Debit Card,Failed,POS
61845,Debit Card,Failed,Online
61846,UPI,Successful,POS
61847,Credit Card,Failed,Online
61848,Credit Card,Successful,Online
61849,Wallet,Failed,POS
61850,UPI,Failed,Online
61851,UPI,Successful,Online
61852,Debit Card,Refunded,POS
61853,Debit Card,Successful,POS
61854,UPI,Refunded,POS
61855,Credit Card,Refunded,Online
61856,UPI,Failed,Online
61857,Wallet,Successful,Online
61858,UPI,Refunded,POS
61859,UPI,Successful,Online
61860,UPI,Successful,Online
61861,Credit Card,Successful,POS
61862,UPI,Successful,Online
61863,Debit Card,Successful,Online
61864,Net Banking,Successful,Online
61865,UPI,Successful,Online
61866,Credit Card,Successful,Online
61867,UPI,Successful,Online
61868,Credit Card,Successful,Online
61869,UPI,Failed,POS
61870,UPI,Failed,Online
61871,Credit Card,Failed,Online
61872,UPI,Successful,POS
61873,Net Banking,Successful,Online
61874,Debit Card,Successful,Online
61875,Debit Card,Failed,Online
61876,Net Banking,Successful,POS
61877,Wallet,Refunded,Online
61878,Credit Card,Successful,POS
61879,Credit Card,Successful,POS
61880,UPI,Refunded,Online
61881,Debit Card,Refunded,POS
61882,Credit Card,Successful,Online
61883,Net Banking,Failed,Online
61884,UPI,Successful,Online
61885,UPI,Failed,Online
61886,UPI,Failed,Online
61887,Debit Card,Refunded,Online
61888,UPI,Successful,POS
61889,Credit Card,Successful,Online
61890,Credit Card,Refunded,Online
61891,UPI,Failed,Online
61892,Credit Card,Successful,POS
61893,Credit Card,Successful,POS
61894,UPI,Failed,Online
61895,Credit Card,Failed,POS
61896,Wallet,Successful,Online
61897,Wallet,Successful,Online
61898,Credit Card,Successful,Online
61899,Credit Card,Refunded,Online
61900,UPI,Successful,Online
61901,Wallet,Successful,POS
61902,UPI,Failed,Online
61903,Credit Card,Failed,POS
61904,UPI,Successful,POS
61905,UPI,Successful,Online
61906,UPI,Refunded,Online
61907,Debit Card,Successful,Online
61908,Credit Card,Successful,Online
61909,Credit Card,Failed,Online
61910,UPI,Refunded,POS
61911,Debit Card,Successful,Online
61912,UPI,Successful,Online
61913,UPI,Failed,POS
61914,Debit Card,Successful,Online
61915,Net Banking,Successful,POS
61916,UPI,Refunded,Online
61917,Credit Card,Failed,Online
61918,Credit Card,Failed,Online
61919,Net Banking,Refunded,Online
61920,UPI,Failed,Online
61921,Credit Card,Failed,Online
61922,UPI,Successful,POS
61923,UPI,Successful,Online
61924,UPI,Successful,Online
61925,Wallet,Refunded,Online
61926,UPI,Successful,Online
61927,Net Banking,Refunded,Online
61928,UPI,Refunded,Online
61929,Net Banking,Failed,Online
61930,Debit Card,Successful,POS
61931,UPI,Refunded,Online
61932,Credit Card,Successful,POS
61933,UPI,Successful,POS
61934,Credit Card,Successful,Online
61935,Credit Card,Successful,Online
61936,Credit Card,Successful,POS
61937,Debit Card,Failed,Online
61938,Debit Card,Successful,POS
61939,UPI,Successful,Online
61940,Net Banking,Refunded,Online
61941,Net Banking,Refunded,Online
61942,UPI,Successful,Online
61943,UPI,Failed,Online
61944,Credit Card,Refunded,Online
61945,Credit Card,Successful,Online
61946,UPI,Successful,Online
61947,UPI,Refunded,Online
61948,Debit Card,Refunded,POS
61949,Credit Card,Successful,Online
61950,UPI,Successful,Online
61951,Net Banking,Successful,Online
61952,Debit Card,Failed,Online
61953,UPI,Refunded,POS
61954,Debit Card,Successful,Online
61955,UPI,Failed,Online
61956,Credit Card,Refunded,Online
61957,UPI,Successful,Online
61958,UPI,Successful,POS
61959,UPI,Failed,Online
61960,UPI,Successful,Online
61961,Credit Card,Successful,Online
61962,Debit Card,Successful,Online
61963,UPI,Refunded,Online
61964,UPI,Successful,POS
61965,Debit Card,Successful,Online
61966,UPI,Successful,Online
61967,UPI,Successful,Online
61968,Credit Card,Failed,Online
61969,Debit Card,Failed,Online
61970,Net Banking,Successful,Online
61971,Debit Card,Failed,Online
61972,UPI,Failed,Online
61973,Debit Card,Failed,Online
61974,UPI,Failed,Online
61975,UPI,Successful,Online
61976,Credit Card,Failed,POS
61977,Debit Card,Failed,Online
61978,UPI,Successful,Online
61979,UPI,Failed,POS
61980,Debit Card,Successful,POS
61981,Net Banking,Successful,Online
61982,Credit Card,Successful,POS
61983,Credit Card,Failed,Online
61984,Net Banking,Refunded,Online
61985,Debit Card,Successful,Online
61986,Credit Card,Successful,Online
61987,UPI,Successful,Online
61988,UPI,Refunded,POS
61989,Credit Card,Successful,Online
61990,UPI,Refunded,Online
61991,UPI,Successful,Online
61992,Credit Card,Failed,POS
61993,UPI,Successful,Online
61994,Debit Card,Refunded,Online
61995,UPI,Failed,Online
61996,Credit Card,Refunded,POS
61997,Debit Card,Successful,Online
61998,Credit Card,Failed,Online
61999,UPI,Successful,Online
62000,Credit Card,Successful,Online
62001,Net Banking,Successful,Online
62002,Wallet,Successful,Online
62003,Credit Card,Successful,Online
62004,Debit Card,Successful,POS
62005,UPI,Successful,Online
62006,Net Banking,Successful,POS
62007,Wallet,Successful,Online
62008,Credit Card,Successful,Online
62009,Debit Card,Successful,Online
62010,Credit Card,Successful,Online
62011,UPI,Failed,POS
62012,Net Banking,Successful,Online
62013,Credit Card,Failed,Online
62014,Credit Card,Successful,Online
62015,Debit Card,Successful,Online
62016,Net Banking,Successful,Online
62017,Debit Card,Successful,POS
62018,UPI,Failed,POS
62019,Credit Card,Successful,Online
62020,Wallet,Successful,Online
62021,Credit Card,Refunded,Online
62022,Net Banking,Refunded,POS
62023,Debit Card,Successful,Online
62024,Debit Card,Successful,Online
62025,UPI,Refunded,Online
62026,UPI,Successful,POS
62027,Credit Card,Failed,Online
62028,Credit Card,Successful,POS
62029,Debit Card,Successful,POS
62030,Debit Card,Failed,Online
62031,UPI,Successful,Online
62032,Debit Card,Refunded,Online
62033,Credit Card,Refunded,POS
62034,UPI,Refunded,Online
62035,Credit Card,Successful,POS
62036,Net Banking,Successful,POS
62037,UPI,Successful,Online
62038,UPI,Successful,Online
62039,UPI,Successful,Online
62040,UPI,Failed,Online
62041,Credit Card,Successful,Online
62042,UPI,Refunded,Online
62043,Debit Card,Successful,POS
62044,UPI,Failed,Online
62045,Credit Card,Successful,Online
62046,UPI,Successful,POS
62047,Wallet,Successful,POS
62048,Credit Card,Successful,POS
62049,Net Banking,Failed,POS
62050,Debit Card,Refunded,Online
62051,Debit Card,Refunded,POS
62052,Net Banking,Failed,Online
62053,UPI,Failed,Online
62054,Debit Card,Successful,Online
62055,UPI,Successful,Online
62056,Debit Card,Successful,Online
62057,Wallet,Successful,Online
62058,Net Banking,Successful,Online
62059,UPI,Successful,Online
62060,UPI,Successful,Online
62061,UPI,Failed,POS
62062,UPI,Refunded,Online
62063,UPI,Successful,Online
62064,Credit Card,Successful,Online
62065,Wallet,Successful,Online
62066,Credit Card,Refunded,POS
62067,Credit Card,Successful,POS
62068,Credit Card,Refunded,Online
62069,Debit Card,Successful,Online
62070,Wallet,Failed,Online
62071,Credit Card,Successful,Online
62072,UPI,Successful,Online
62073,Credit Card,Successful,Online
62074,Wallet,Successful,Online
62075,Credit Card,Successful,POS
62076,Credit Card,Refunded,POS
62077,UPI,Refunded,Online
62078,UPI,Failed,POS
62079,Net Banking,Failed,Online
62080,UPI,Successful,Online
62081,UPI,Refunded,Online
62082,Credit Card,Failed,Online
62083,Wallet,Failed,Online
62084,UPI,Successful,POS
62085,Debit Card,Successful,Online
62086,UPI,Successful,Online
62087,Net Banking,Successful,Online
62088,Wallet,Successful,Online
62089,UPI,Successful,Online
62090,UPI,Refunded,Online
62091,UPI,Successful,Online
62092,Debit Card,Successful,POS
62093,UPI,Successful,Online
62094,UPI,Successful,Online
62095,UPI,Successful,Online
62096,UPI,Refunded,Online
62097,UPI,Failed,Online
62098,Net Banking,Successful,Online
62099,Net Banking,Refunded,POS
62100,Credit Card,Refunded,Online
62101,Credit Card,Refunded,Online
62102,Credit Card,Successful,POS
62103,Debit Card,Failed,Online
62104,Credit Card,Successful,Online
62105,Credit Card,Successful,Online
62106,Credit Card,Failed,Online
62107,Debit Card,Successful,POS
62108,UPI,Failed,Online
62109,UPI,Successful,Online
62110,UPI,Successful,POS
62111,Credit Card,Failed,POS
62112,UPI,Successful,POS
62113,Credit Card,Refunded,Online
62114,Credit Card,Failed,POS
62115,Net Banking,Successful,Online
62116,UPI,Refunded,Online
62117,Credit Card,Successful,POS
62118,Credit Card,Successful,Online
62119,Credit Card,Successful,Online
62120,Credit Card,Successful,POS
62121,Debit Card,Successful,Online
62122,UPI,Successful,Online
62123,Net Banking,Successful,Online
62124,Net Banking,Successful,Online
62125,Debit Card,Successful,POS
62126,Debit Card,Successful,Online
62127,Credit Card,Refunded,Online
62128,Credit Card,Failed,Online
62129,Wallet,Successful,POS
62130,UPI,Failed,Online
62131,UPI,Successful,POS
62132,UPI,Successful,POS
62133,Credit Card,Successful,POS
62134,UPI,Successful,POS
62135,Net Banking,Refunded,Online
62136,Credit Card,Successful,Online
62137,Net Banking,Successful,Online
62138,UPI,Successful,Online
62139,UPI,Successful,Online
62140,UPI,Successful,Online
62141,UPI,Successful,Online
62142,Credit Card,Successful,Online
62143,Wallet,Failed,Online
62144,Credit Card,Successful,Online
62145,Credit Card,Failed,Online
62146,Credit Card,Refunded,Online
62147,UPI,Successful,Online
62148,Credit Card,Successful,POS
62149,UPI,Successful,POS
62150,Net Banking,Refunded,Online
62151,Debit Card,Successful,Online
62152,UPI,Failed,Online
62153,Credit Card,Failed,Online
62154,UPI,Successful,POS
62155,Debit Card,Refunded,Online
62156,Net Banking,Failed,Online
62157,Net Banking,Successful,Online
62158,UPI,Successful,POS
62159,UPI,Successful,POS
62160,Credit Card,Refunded,Online
62161,Wallet,Refunded,POS
62162,Net Banking,Failed,Online
62163,UPI,Successful,POS
62164,Debit Card,Successful,Online
62165,Net Banking,Successful,Online
62166,UPI,Successful,Online
62167,Net Banking,Successful,Online
62168,UPI,Failed,Online
62169,UPI,Successful,Online
62170,UPI,Successful,Online
62171,Credit Card,Failed,Online
62172,Net Banking,Successful,Online
62173,Credit Card,Successful,POS
62174,UPI,Successful,POS
62175,UPI,Successful,Online
62176,Credit Card,Failed,Online
62177,Credit Card,Failed,POS
62178,Credit Card,Successful,Online
62179,UPI,Refunded,Online
62180,Debit Card,Successful,Online
62181,Net Banking,Successful,Online
62182,Credit Card,Failed,Online
62183,Debit Card,Successful,Online
62184,Net Banking,Failed,Online
62185,Credit Card,Successful,POS
62186,Debit Card,Successful,Online
62187,Debit Card,Successful,Online
62188,UPI,Successful,Online
62189,Credit Card,Refunded,POS
62190,Net Banking,Failed,POS
62191,UPI,Successful,Online
62192,Net Banking,Failed,Online
62193,Credit Card,Refunded,POS
62194,Credit Card,Failed,POS
62195,Credit Card,Refunded,Online
62196,Credit Card,Successful,Online
62197,Net Banking,Refunded,Online
62198,Credit Card,Refunded,Online
62199,Net Banking,Refunded,Online
62200,Credit Card,Successful,POS
62201,Debit Card,Successful,POS
62202,Wallet,Failed,Online
62203,UPI,Failed,Online
62204,Debit Card,Successful,Online
62205,UPI,Successful,Online
62206,Net Banking,Successful,Online
62207,Credit Card,Successful,Online
62208,Net Banking,Successful,Online
62209,Net Banking,Successful,Online
62210,UPI,Successful,POS
62211,UPI,Failed,Online
62212,Credit Card,Successful,Online
62213,Credit Card,Successful,POS
62214,UPI,Successful,Online
62215,UPI,Successful,Online
62216,Credit Card,Successful,Online
62217,UPI,Refunded,Online
62218,Net Banking,Successful,Online
62219,Debit Card,Successful,Online
62220,Debit Card,Failed,Online
62221,UPI,Successful,Online
62222,UPI,Successful,Online
62223,Credit Card,Failed,Online
62224,Wallet,Successful,Online
62225,UPI,Successful,Online
62226,UPI,Successful,POS
62227,UPI,Failed,Online
62228,Debit Card,Successful,Online
62229,Credit Card,Successful,POS
62230,UPI,Failed,POS
62231,Credit Card,Successful,Online
62232,Debit Card,Successful,Online
62233,Credit Card,Successful,Online
62234,Debit Card,Successful,Online
62235,Debit Card,Refunded,Online
62236,Debit Card,Successful,POS
62237,Credit Card,Failed,Online
62238,Net Banking,Successful,Online
62239,Net Banking,Successful,Online
62240,Credit Card,Failed,POS
62241,UPI,Successful,POS
62242,Debit Card,Successful,Online
62243,UPI,Refunded,Online
62244,Net Banking,Successful,Online
62245,UPI,Successful,Online
62246,Net Banking,Refunded,Online
62247,Credit Card,Refunded,Online
62248,Debit Card,Successful,Online
62249,Credit Card,Successful,Online
62250,Wallet,Successful,Online
62251,UPI,Failed,Online
62252,UPI,Successful,Online
62253,UPI,Refunded,Online
62254,Wallet,Successful,Online
62255,Credit Card,Successful,Online
62256,Debit Card,Successful,Online
62257,Debit Card,Successful,Online
62258,Net Banking,Successful,Online
62259,Debit Card,Successful,Online
62260,Credit Card,Successful,POS
62261,Debit Card,Successful,Online
62262,Debit Card,Successful,Online
62263,UPI,Failed,Online
62264,UPI,Successful,Online
62265,UPI,Successful,POS
62266,UPI,Failed,Online
62267,Credit Card,Successful,Online
62268,Credit Card,Failed,Online
62269,Wallet,Successful,Online
62270,UPI,Successful,Online
62271,Debit Card,Successful,POS
62272,Credit Card,Successful,Online
62273,UPI,Failed,POS
62274,Credit Card,Successful,Online
62275,Wallet,Successful,Online
62276,UPI,Successful,Online
62277,Credit Card,Successful,Online
62278,UPI,Failed,Online
62279,UPI,Successful,Online
62280,Credit Card,Refunded,Online
62281,Net Banking,Successful,Online
62282,Debit Card,Successful,Online
62283,Credit Card,Successful,POS
62284,Net Banking,Refunded,POS
62285,UPI,Successful,Online
62286,Debit Card,Failed,POS
62287,Credit Card,Successful,Online
62288,Net Banking,Successful,POS
62289,Debit Card,Refunded,Online
62290,Net Banking,Successful,POS
62291,UPI,Successful,Online
62292,Debit Card,Successful,Online
62293,Debit Card,Successful,POS
62294,Debit Card,Successful,Online
62295,Credit Card,Failed,POS
62296,UPI,Successful,Online
62297,UPI,Successful,POS
62298,UPI,Refunded,Online
62299,Net Banking,Successful,Online
62300,Net Banking,Successful,Online
62301,UPI,Failed,Online
62302,Wallet,Refunded,Online
62303,UPI,Successful,Online
62304,Credit Card,Successful,Online
62305,UPI,Successful,POS
62306,Net Banking,Failed,POS
62307,Debit Card,Failed,Online
62308,UPI,Successful,Online
62309,Debit Card,Failed,Online
62310,UPI,Successful,Online
62311,Credit Card,Failed,Online
62312,UPI,Successful,Online
62313,UPI,Successful,POS
62314,Net Banking,Failed,POS
62315,Debit Card,Successful,Online
62316,UPI,Successful,Online
62317,UPI,Successful,Online
62318,UPI,Successful,Online
62319,UPI,Successful,POS
62320,Credit Card,Failed,Online
62321,UPI,Successful,Online
62322,Debit Card,Successful,Online
62323,Credit Card,Refunded,Online
62324,UPI,Successful,Online
62325,Net Banking,Successful,POS
62326,UPI,Failed,Online
62327,Credit Card,Successful,Online
62328,Credit Card,Successful,Online
62329,UPI,Refunded,Online
62330,UPI,Failed,POS
62331,UPI,Successful,Online
62332,Net Banking,Successful,Online
62333,Debit Card,Refunded,Online
62334,Debit Card,Successful,Online
62335,Credit Card,Successful,Online
62336,Credit Card,Successful,Online
62337,UPI,Successful,Online
62338,UPI,Successful,POS
62339,UPI,Successful,Online
62340,Credit Card,Successful,Online
62341,UPI,Successful,Online
62342,UPI,Successful,Online
62343,UPI,Successful,POS
62344,UPI,Refunded,Online
62345,Credit Card,Successful,Online
62346,UPI,Failed,Online
62347,UPI,Failed,Online
62348,UPI,Successful,POS
62349,UPI,Refunded,Online
62350,UPI,Successful,Online
62351,UPI,Successful,POS
62352,Debit Card,Refunded,Online
62353,Credit Card,Refunded,POS
62354,UPI,Successful,POS
62355,UPI,Successful,Online
62356,UPI,Failed,Online
62357,UPI,Failed,Online
62358,Wallet,Failed,POS
62359,Net Banking,Refunded,POS
62360,UPI,Successful,Online
62361,Credit Card,Successful,Online
62362,UPI,Successful,Online
62363,UPI,Failed,POS
62364,Debit Card,Successful,Online
62365,UPI,Refunded,Online
62366,Credit Card,Successful,Online
62367,Credit Card,Successful,Online
62368,Credit Card,Successful,Online
62369,Wallet,Successful,Online
62370,Debit Card,Failed,Online
62371,Debit Card,Successful,Online
62372,UPI,Successful,Online
62373,UPI,Refunded,POS
62374,Debit Card,Successful,POS
62375,Wallet,Successful,POS
62376,Credit Card,Failed,Online
62377,Wallet,Successful,Online
62378,UPI,Refunded,Online
62379,UPI,Refunded,Online
62380,UPI,Refunded,POS
62381,Credit Card,Successful,POS
62382,Debit Card,Refunded,Online
62383,UPI,Refunded,Online
62384,Net Banking,Successful,POS
62385,Credit Card,Successful,Online
62386,Credit Card,Refunded,Online
62387,Debit Card,Successful,Online
62388,UPI,Successful,Online
62389,Debit Card,Successful,Online
62390,UPI,Successful,POS
62391,UPI,Successful,Online
62392,Credit Card,Successful,Online
62393,Net Banking,Failed,Online
62394,Credit Card,Failed,POS
62395,Credit Card,Failed,Online
62396,Debit Card,Refunded,Online
62397,UPI,Refunded,Online
62398,Net Banking,Refunded,Online
62399,Credit Card,Failed,Online
62400,UPI,Successful,Online
62401,UPI,Refunded,Online
62402,UPI,Successful,POS
62403,UPI,Failed,Online
62404,UPI,Successful,Online
62405,UPI,Refunded,POS
62406,Debit Card,Successful,Online
62407,Credit Card,Failed,Online
62408,Credit Card,Refunded,POS
62409,UPI,Refunded,Online
62410,Debit Card,Failed,Online
62411,UPI,Successful,Online
62412,Credit Card,Successful,POS
62413,UPI,Failed,Online
62414,Credit Card,Successful,POS
62415,UPI,Successful,Online
62416,Debit Card,Failed,POS
62417,Net Banking,Successful,Online
62418,Debit Card,Refunded,POS
62419,UPI,Successful,Online
62420,UPI,Successful,POS
62421,Net Banking,Failed,Online
62422,Credit Card,Refunded,Online
62423,Wallet,Refunded,Online
62424,Credit Card,Successful,Online
62425,Wallet,Failed,Online
62426,Net Banking,Refunded,Online
62427,Debit Card,Refunded,Online
62428,UPI,Successful,POS
62429,Credit Card,Successful,Online
62430,Net Banking,Successful,Online
62431,Net Banking,Successful,POS
62432,UPI,Failed,Online
62433,Credit Card,Refunded,Online
62434,Net Banking,Refunded,Online
62435,Credit Card,Successful,Online
62436,Net Banking,Refunded,Online
62437,Net Banking,Refunded,POS
62438,Net Banking,Successful,Online
62439,UPI,Successful,Online
62440,UPI,Refunded,POS
62441,UPI,Failed,Online
62442,Net Banking,Successful,Online
62443,Credit Card,Successful,Online
62444,UPI,Successful,Online
62445,UPI,Failed,Online
62446,UPI,Successful,Online
62447,Debit Card,Successful,Online
62448,Debit Card,Failed,Online
62449,Debit Card,Successful,Online
62450,UPI,Successful,POS
62451,Net Banking,Successful,POS
62452,UPI,Refunded,Online
62453,Credit Card,Successful,Online
62454,UPI,Successful,Online
62455,UPI,Successful,Online
62456,UPI,Successful,Online
62457,Credit Card,Failed,Online
62458,Credit Card,Refunded,Online
62459,UPI,Refunded,Online
62460,UPI,Failed,Online
62461,Net Banking,Successful,Online
62462,UPI,Successful,POS
62463,UPI,Successful,Online
62464,Credit Card,Successful,Online
62465,Net Banking,Successful,Online
62466,UPI,Successful,Online
62467,Wallet,Successful,POS
62468,UPI,Successful,Online
62469,Credit Card,Failed,Online
62470,UPI,Successful,Online
62471,Debit Card,Successful,Online
62472,UPI,Successful,POS
62473,Credit Card,Successful,Online
62474,UPI,Successful,Online
62475,Credit Card,Successful,POS
62476,Net Banking,Refunded,POS
62477,Debit Card,Successful,Online
62478,UPI,Successful,Online
62479,Credit Card,Successful,Online
62480,Credit Card,Successful,Online
62481,UPI,Successful,Online
62482,Credit Card,Successful,POS
62483,UPI,Successful,POS
62484,Credit Card,Successful,Online
62485,Debit Card,Successful,Online
62486,UPI,Refunded,Online
62487,UPI,Successful,Online
62488,UPI,Successful,Online
62489,Wallet,Failed,Online
62490,Debit Card,Failed,POS
62491,UPI,Failed,Online
62492,Credit Card,Successful,Online
62493,UPI,Successful,Online
62494,Credit Card,Refunded,POS
62495,Credit Card,Refunded,Online
62496,Wallet,Successful,POS
62497,UPI,Successful,POS
62498,Credit Card,Successful,Online
62499,Debit Card,Failed,POS
62500,Net Banking,Successful,Online
62501,Credit Card,Refunded,POS
62502,Debit Card,Successful,Online
62503,UPI,Successful,Online
62504,Credit Card,Successful,Online
62505,Net Banking,Refunded,POS
62506,Wallet,Successful,Online
62507,Debit Card,Failed,POS
62508,UPI,Successful,POS
62509,Net Banking,Successful,Online
62510,UPI,Successful,POS
62511,UPI,Refunded,Online
62512,Debit Card,Successful,Online
62513,UPI,Successful,Online
62514,Wallet,Successful,Online
62515,Credit Card,Successful,Online
62516,Credit Card,Refunded,POS
62517,Debit Card,Successful,Online
62518,Debit Card,Successful,POS
62519,Credit Card,Successful,Online
62520,UPI,Failed,POS
62521,Debit Card,Refunded,POS
62522,UPI,Refunded,Online
62523,UPI,Successful,POS
62524,Credit Card,Successful,Online
62525,UPI,Successful,Online
62526,Wallet,Successful,Online
62527,Credit Card,Refunded,Online
62528,Wallet,Successful,Online
62529,UPI,Successful,Online
62530,Wallet,Refunded,Online
62531,UPI,Successful,Online
62532,UPI,Successful,Online
62533,UPI,Successful,Online
62534,Credit Card,Successful,POS
62535,UPI,Successful,POS
62536,Credit Card,Successful,Online
62537,UPI,Refunded,Online
62538,UPI,Failed,Online
62539,Credit Card,Failed,Online
62540,UPI,Failed,Online
62541,Debit Card,Refunded,Online
62542,Credit Card,Successful,Online
62543,Net Banking,Successful,Online
62544,UPI,Successful,Online
62545,Wallet,Successful,Online
62546,Credit Card,Successful,Online
62547,Wallet,Successful,Online
62548,UPI,Successful,Online
62549,Debit Card,Failed,Online
62550,Debit Card,Successful,Online
62551,UPI,Successful,Online
62552,Credit Card,Successful,Online
62553,Debit Card,Successful,Online
62554,Credit Card,Failed,POS
62555,UPI,Failed,Online
62556,Debit Card,Successful,POS
62557,UPI,Failed,POS
62558,Debit Card,Successful,Online
62559,UPI,Refunded,Online
62560,UPI,Refunded,Online
62561,UPI,Successful,Online
62562,Credit Card,Failed,Online
62563,Wallet,Refunded,POS
62564,UPI,Successful,POS
62565,UPI,Successful,POS
62566,UPI,Successful,POS
62567,Net Banking,Successful,Online
62568,Credit Card,Refunded,Online
62569,UPI,Refunded,Online
62570,Credit Card,Refunded,Online
62571,UPI,Successful,Online
62572,Credit Card,Successful,Online
62573,UPI,Successful,Online
62574,Debit Card,Successful,Online
62575,Net Banking,Refunded,Online
62576,Debit Card,Successful,POS
62577,Credit Card,Successful,Online
62578,Credit Card,Successful,Online
62579,UPI,Failed,Online
62580,Debit Card,Successful,Online
62581,Credit Card,Successful,Online
62582,Net Banking,Successful,Online
62583,UPI,Successful,Online
62584,Debit Card,Successful,POS
62585,Debit Card,Successful,POS
62586,UPI,Successful,Online
62587,Debit Card,Successful,Online
62588,Net Banking,Failed,Online
62589,Net Banking,Refunded,Online
62590,Debit Card,Successful,Online
62591,UPI,Failed,Online
62592,Net Banking,Successful,Online
62593,Debit Card,Failed,Online
62594,UPI,Successful,Online
62595,UPI,Failed,POS
62596,UPI,Refunded,POS
62597,UPI,Failed,Online
62598,Debit Card,Refunded,Online
62599,UPI,Refunded,Online
62600,UPI,Failed,Online
62601,Credit Card,Refunded,POS
62602,Credit Card,Refunded,POS
62603,UPI,Successful,Online
62604,UPI,Successful,Online
62605,UPI,Successful,POS
62606,Debit Card,Successful,Online
62607,UPI,Successful,POS
62608,Credit Card,Successful,Online
62609,UPI,Refunded,Online
62610,UPI,Successful,Online
62611,Credit Card,Refunded,Online
62612,UPI,Successful,POS
62613,UPI,Successful,POS
62614,UPI,Successful,Online
62615,UPI,Failed,POS
62616,Debit Card,Successful,Online
62617,UPI,Failed,Online
62618,Net Banking,Refunded,Online
62619,Debit Card,Successful,Online
62620,Debit Card,Successful,Online
62621,UPI,Successful,Online
62622,Net Banking,Failed,Online
62623,UPI,Successful,POS
62624,UPI,Refunded,POS
62625,UPI,Successful,Online
62626,Net Banking,Successful,Online
62627,UPI,Refunded,Online
62628,Net Banking,Failed,Online
62629,UPI,Refunded,POS
62630,Net Banking,Refunded,Online
62631,Net Banking,Refunded,Online
62632,Net Banking,Successful,POS
62633,Credit Card,Successful,Online
62634,Net Banking,Refunded,Online
62635,Wallet,Successful,Online
62636,UPI,Successful,Online
62637,Credit Card,Refunded,Online
62638,Debit Card,Refunded,Online
62639,UPI,Successful,Online
62640,Debit Card,Successful,Online
62641,UPI,Refunded,Online
62642,Credit Card,Refunded,Online
62643,UPI,Failed,Online
62644,UPI,Successful,Online
62645,UPI,Successful,Online
62646,Net Banking,Successful,Online
62647,UPI,Successful,POS
62648,Debit Card,Refunded,Online
62649,Debit Card,Successful,Online
62650,Credit Card,Successful,Online
62651,UPI,Failed,Online
62652,UPI,Successful,Online
62653,Credit Card,Successful,Online
62654,UPI,Failed,Online
62655,Credit Card,Refunded,Online
62656,Wallet,Successful,Online
62657,UPI,Successful,Online
62658,Credit Card,Successful,POS
62659,Wallet,Successful,Online
62660,Net Banking,Successful,Online
62661,Net Banking,Successful,POS
62662,Net Banking,Successful,POS
62663,UPI,Refunded,Online
62664,Net Banking,Failed,Online
62665,Wallet,Successful,Online
62666,Credit Card,Successful,Online
62667,UPI,Refunded,Online
62668,Credit Card,Failed,Online
62669,UPI,Refunded,Online
62670,UPI,Successful,Online
62671,Credit Card,Refunded,Online
62672,Credit Card,Refunded,Online
62673,Credit Card,Successful,Online
62674,UPI,Successful,Online
62675,Debit Card,Successful,Online
62676,UPI,Refunded,Online
62677,UPI,Successful,POS
62678,Credit Card,Successful,POS
62679,Credit Card,Successful,Online
62680,UPI,Successful,Online
62681,UPI,Successful,Online
62682,Debit Card,Failed,Online
62683,Credit Card,Refunded,POS
62684,UPI,Successful,Online
62685,UPI,Successful,Online
62686,Credit Card,Failed,Online
62687,Net Banking,Failed,POS
62688,Credit Card,Successful,Online
62689,Debit Card,Refunded,POS
62690,Credit Card,Refunded,Online
62691,Debit Card,Successful,Online
62692,Net Banking,Successful,Online
62693,Debit Card,Successful,POS
62694,Net Banking,Successful,Online
62695,Credit Card,Successful,Online
62696,Net Banking,Successful,Online
62697,Credit Card,Refunded,Online
62698,Net Banking,Successful,Online
62699,UPI,Successful,Online
62700,Debit Card,Successful,Online
62701,Net Banking,Successful,Online
62702,UPI,Successful,POS
62703,Debit Card,Successful,POS
62704,Net Banking,Failed,Online
62705,UPI,Successful,Online
62706,Credit Card,Successful,Online
62707,Credit Card,Successful,Online
62708,Credit Card,Failed,Online
62709,UPI,Refunded,Online
62710,UPI,Refunded,Online
62711,UPI,Successful,Online
62712,UPI,Successful,Online
62713,UPI,Refunded,Online
62714,Debit Card,Successful,Online
62715,Credit Card,Refunded,Online
62716,Debit Card,Successful,Online
62717,UPI,Refunded,POS
62718,Credit Card,Successful,Online
62719,UPI,Successful,Online
62720,Net Banking,Refunded,Online
62721,Debit Card,Successful,Online
62722,Net Banking,Refunded,Online
62723,UPI,Refunded,Online
62724,Debit Card,Failed,Online
62725,Credit Card,Successful,Online
62726,Net Banking,Successful,POS
62727,Credit Card,Successful,Online
62728,Credit Card,Successful,Online
62729,UPI,Successful,Online
62730,Debit Card,Refunded,Online
62731,UPI,Refunded,Online
62732,UPI,Successful,Online
62733,UPI,Successful,Online
62734,Wallet,Successful,Online
62735,UPI,Successful,Online
62736,Net Banking,Successful,Online
62737,Wallet,Successful,Online
62738,Wallet,Successful,Online
62739,Net Banking,Failed,Online
62740,Net Banking,Successful,Online
62741,UPI,Successful,Online
62742,UPI,Successful,Online
62743,Credit Card,Successful,Online
62744,Credit Card,Successful,POS
62745,UPI,Refunded,Online
62746,Debit Card,Successful,Online
62747,Credit Card,Successful,Online
62748,Net Banking,Successful,POS
62749,Credit Card,Successful,Online
62750,Credit Card,Failed,Online
62751,Credit Card,Successful,Online
62752,Credit Card,Successful,Online
62753,Wallet,Successful,Online
62754,UPI,Failed,Online
62755,Credit Card,Refunded,Online
62756,Debit Card,Refunded,POS
62757,Credit Card,Failed,Online
62758,UPI,Refunded,Online
62759,UPI,Successful,Online
62760,UPI,Successful,POS
62761,UPI,Successful,Online
62762,Net Banking,Refunded,Online
62763,Credit Card,Successful,Online
62764,UPI,Successful,Online
62765,Credit Card,Successful,POS
62766,UPI,Successful,POS
62767,Net Banking,Successful,Online
62768,Credit Card,Refunded,Online
62769,Wallet,Refunded,Online
62770,UPI,Successful,Online
62771,Net Banking,Failed,Online
62772,UPI,Refunded,Online
62773,UPI,Successful,POS
62774,UPI,Successful,Online
62775,Credit Card,Successful,Online
62776,UPI,Failed,Online
62777,Credit Card,Successful,POS
62778,Debit Card,Successful,Online
62779,UPI,Refunded,Online
62780,UPI,Successful,Online
62781,Net Banking,Failed,Online
62782,Credit Card,Failed,Online
62783,Net Banking,Refunded,Online
62784,UPI,Successful,Online
62785,Credit Card,Successful,POS
62786,UPI,Failed,Online
62787,Net Banking,Successful,Online
62788,Net Banking,Failed,Online
62789,Wallet,Failed,Online
62790,Credit Card,Successful,POS
62791,Debit Card,Refunded,Online
62792,Credit Card,Successful,POS
62793,Credit Card,Failed,Online
62794,Net Banking,Successful,Online
62795,UPI,Successful,Online
62796,UPI,Failed,POS
62797,UPI,Successful,Online
62798,Debit Card,Successful,Online
62799,UPI,Refunded,POS
62800,UPI,Successful,Online
62801,Wallet,Successful,Online
62802,Credit Card,Successful,Online
62803,UPI,Successful,POS
62804,Credit Card,Refunded,Online
62805,Debit Card,Successful,Online
62806,UPI,Successful,Online
62807,Credit Card,Failed,Online
62808,UPI,Successful,Online
62809,Credit Card,Failed,Online
62810,UPI,Successful,Online
62811,UPI,Successful,POS
62812,Credit Card,Successful,POS
62813,Net Banking,Successful,POS
62814,Debit Card,Failed,Online
62815,Net Banking,Successful,POS
62816,Debit Card,Failed,POS
62817,UPI,Successful,Online
62818,UPI,Refunded,Online
62819,Net Banking,Successful,Online
62820,Credit Card,Successful,Online
62821,Wallet,Successful,POS
62822,UPI,Successful,POS
62823,UPI,Successful,Online
62824,UPI,Failed,Online
62825,UPI,Successful,POS
62826,UPI,Successful,POS
62827,Credit Card,Successful,Online
62828,Credit Card,Refunded,Online
62829,UPI,Successful,POS
62830,UPI,Refunded,Online
62831,Debit Card,Successful,Online
62832,Credit Card,Failed,Online
62833,Credit Card,Successful,Online
62834,Credit Card,Failed,Online
62835,Net Banking,Successful,Online
62836,Credit Card,Successful,Online
62837,Net Banking,Successful,Online
62838,Credit Card,Successful,Online
62839,UPI,Refunded,Online
62840,UPI,Failed,POS
62841,Credit Card,Successful,Online
62842,Credit Card,Successful,Online
62843,Debit Card,Successful,Online
62844,UPI,Successful,POS
62845,Debit Card,Refunded,Online
62846,Debit Card,Refunded,Online
62847,Debit Card,Refunded,Online
62848,Credit Card,Failed,POS
62849,Wallet,Failed,Online
62850,Credit Card,Successful,Online
62851,UPI,Successful,Online
62852,Net Banking,Refunded,Online
62853,UPI,Successful,Online
62854,Debit Card,Successful,POS
62855,UPI,Successful,Online
62856,UPI,Refunded,Online
62857,UPI,Successful,Online
62858,UPI,Successful,Online
62859,UPI,Successful,POS
62860,UPI,Failed,Online
62861,Debit Card,Successful,Online
62862,Debit Card,Refunded,Online
62863,Debit Card,Successful,Online
62864,Net Banking,Successful,Online
62865,Credit Card,Successful,Online
62866,Net Banking,Failed,POS
62867,Credit Card,Successful,Online
62868,Credit Card,Successful,Online
62869,Debit Card,Failed,POS
62870,UPI,Successful,Online
62871,Debit Card,Successful,Online
62872,Credit Card,Refunded,Online
62873,UPI,Successful,POS
62874,UPI,Successful,Online
62875,UPI,Refunded,Online
62876,Net Banking,Successful,Online
62877,Wallet,Refunded,POS
62878,UPI,Successful,Online
62879,UPI,Successful,Online
62880,UPI,Successful,Online
62881,Net Banking,Successful,Online
62882,UPI,Successful,Online
62883,Net Banking,Refunded,POS
62884,Debit Card,Successful,POS
62885,Net Banking,Failed,Online
62886,Credit Card,Failed,Online
62887,Debit Card,Successful,Online
62888,Credit Card,Successful,Online
62889,Net Banking,Successful,Online
62890,Net Banking,Failed,Online
62891,Credit Card,Failed,POS
62892,Credit Card,Successful,POS
62893,Net Banking,Successful,Online
62894,Net Banking,Refunded,Online
62895,Debit Card,Successful,Online
62896,UPI,Successful,Online
62897,UPI,Failed,Online
62898,Net Banking,Successful,Online
62899,UPI,Successful,Online
62900,UPI,Successful,Online
62901,UPI,Successful,Online
62902,Credit Card,Successful,POS
62903,Credit Card,Successful,POS
62904,UPI,Refunded,Online
62905,UPI,Successful,Online
62906,Debit Card,Refunded,Online
62907,Net Banking,Successful,Online
62908,UPI,Successful,Online
62909,UPI,Successful,Online
62910,Credit Card,Successful,Online
62911,Debit Card,Successful,Online
62912,Debit Card,Refunded,Online
62913,Debit Card,Successful,POS
62914,Net Banking,Successful,Online
62915,UPI,Successful,POS
62916,UPI,Successful,Online
62917,Credit Card,Failed,POS
62918,Net Banking,Successful,Online
62919,Credit Card,Failed,Online
62920,Wallet,Successful,Online
62921,Debit Card,Refunded,POS
62922,Debit Card,Failed,POS
62923,UPI,Failed,POS
62924,UPI,Failed,Online
62925,Debit Card,Refunded,Online
62926,UPI,Successful,POS
62927,UPI,Successful,Online
62928,Net Banking,Refunded,POS
62929,Net Banking,Successful,Online
62930,UPI,Successful,POS
62931,Debit Card,Successful,Online
62932,UPI,Failed,Online
62933,UPI,Successful,Online
62934,Credit Card,Successful,Online
62935,Debit Card,Successful,Online
62936,UPI,Successful,Online
62937,UPI,Successful,Online
62938,UPI,Refunded,POS
62939,Wallet,Successful,Online
62940,Debit Card,Failed,Online
62941,Credit Card,Refunded,Online
62942,UPI,Successful,Online
62943,Credit Card,Failed,Online
62944,Credit Card,Failed,POS
62945,Debit Card,Refunded,Online
62946,UPI,Successful,Online
62947,Wallet,Failed,Online
62948,Credit Card,Successful,Online
62949,UPI,Successful,Online
62950,UPI,Refunded,POS
62951,Credit Card,Successful,Online
62952,Net Banking,Successful,Online
62953,Debit Card,Successful,POS
62954,Credit Card,Failed,Online
62955,UPI,Failed,Online
62956,UPI,Refunded,Online
62957,Credit Card,Refunded,Online
62958,Debit Card,Failed,Online
62959,Debit Card,Successful,POS
62960,UPI,Refunded,Online
62961,UPI,Successful,Online
62962,Credit Card,Refunded,Online
62963,Net Banking,Successful,Online
62964,Credit Card,Successful,POS
62965,UPI,Successful,Online
62966,UPI,Refunded,Online
62967,UPI,Successful,Online
62968,Credit Card,Successful,Online
62969,Debit Card,Failed,Online
62970,Wallet,Successful,Online
62971,Credit Card,Failed,Online
62972,UPI,Successful,Online
62973,Debit Card,Successful,POS
62974,Debit Card,Refunded,Online
62975,UPI,Successful,Online
62976,Net Banking,Successful,Online
62977,Net Banking,Successful,Online
62978,Credit Card,Successful,Online
62979,Credit Card,Successful,Online
62980,Debit Card,Successful,POS
62981,Debit Card,Successful,Online
62982,UPI,Successful,Online
62983,UPI,Failed,Online
62984,UPI,Successful,Online
62985,Debit Card,Refunded,POS
62986,Credit Card,Successful,POS
62987,Credit Card,Successful,Online
62988,Debit Card,Refunded,Online
62989,UPI,Successful,Online
62990,Debit Card,Successful,POS
62991,Credit Card,Successful,Online
62992,UPI,Failed,Online
62993,UPI,Refunded,Online
62994,Wallet,Failed,Online
62995,Debit Card,Failed,Online
62996,UPI,Failed,Online
62997,Wallet,Refunded,Online
62998,Debit Card,Successful,Online
62999,UPI,Successful,POS
63000,UPI,Successful,Online
63001,UPI,Failed,Online
63002,Credit Card,Successful,POS
63003,Credit Card,Failed,Online
63004,UPI,Successful,Online
63005,Credit Card,Successful,POS
63006,UPI,Refunded,Online
63007,UPI,Failed,POS
63008,Credit Card,Failed,Online
63009,UPI,Failed,Online
63010,Credit Card,Refunded,Online
63011,Wallet,Successful,Online
63012,UPI,Successful,POS
63013,UPI,Refunded,Online
63014,UPI,Successful,Online
63015,Credit Card,Successful,Online
63016,Debit Card,Failed,Online
63017,Credit Card,Failed,Online
63018,Credit Card,Successful,POS
63019,UPI,Successful,Online
63020,UPI,Successful,Online
63021,UPI,Successful,Online
63022,Credit Card,Successful,Online
63023,UPI,Successful,POS
63024,Debit Card,Successful,Online
63025,Credit Card,Successful,Online
63026,UPI,Successful,Online
63027,Credit Card,Refunded,Online
63028,Wallet,Refunded,Online
63029,UPI,Failed,Online
63030,UPI,Successful,Online
63031,Credit Card,Refunded,Online
63032,Credit Card,Successful,Online
63033,UPI,Successful,Online
63034,Net Banking,Refunded,Online
63035,Credit Card,Successful,Online
63036,Net Banking,Failed,POS
63037,UPI,Successful,POS
63038,Net Banking,Failed,Online
63039,UPI,Successful,Online
63040,UPI,Successful,Online
63041,Net Banking,Refunded,POS
63042,UPI,Successful,Online
63043,Wallet,Successful,Online
63044,Credit Card,Refunded,Online
63045,Wallet,Failed,Online
63046,Credit Card,Successful,POS
63047,Debit Card,Successful,Online
63048,UPI,Refunded,POS
63049,Credit Card,Refunded,POS
63050,Debit Card,Refunded,Online
63051,Debit Card,Successful,Online
63052,UPI,Successful,Online
63053,Credit Card,Successful,Online
63054,Credit Card,Refunded,Online
63055,UPI,Successful,Online
63056,Credit Card,Successful,POS
63057,Debit Card,Successful,Online
63058,UPI,Refunded,Online
63059,Credit Card,Successful,POS
63060,Wallet,Successful,POS
63061,UPI,Refunded,POS
63062,Credit Card,Successful,Online
63063,Debit Card,Successful,Online
63064,Debit Card,Successful,Online
63065,Debit Card,Successful,Online
63066,Debit Card,Successful,POS
63067,UPI,Failed,Online
63068,Credit Card,Refunded,Online
63069,Debit Card,Successful,Online
63070,UPI,Successful,Online
63071,UPI,Refunded,Online
63072,Debit Card,Successful,Online
63073,Debit Card,Successful,Online
63074,Credit Card,Refunded,Online
63075,Wallet,Successful,Online
63076,Debit Card,Successful,Online
63077,Wallet,Failed,POS
63078,Net Banking,Successful,Online
63079,Credit Card,Successful,Online
63080,Debit Card,Successful,POS
63081,Debit Card,Successful,Online
63082,Debit Card,Failed,POS
63083,Debit Card,Failed,POS
63084,UPI,Successful,Online
63085,UPI,Refunded,Online
63086,UPI,Refunded,Online
63087,Debit Card,Refunded,POS
63088,Debit Card,Failed,Online
63089,Credit Card,Successful,Online
63090,Credit Card,Successful,Online
63091,Net Banking,Successful,Online
63092,UPI,Successful,Online
63093,UPI,Successful,Online
63094,Credit Card,Failed,POS
63095,Net Banking,Successful,Online
63096,Debit Card,Failed,Online
63097,UPI,Failed,POS
63098,UPI,Successful,Online
63099,Credit Card,Refunded,Online
63100,Net Banking,Refunded,Online
63101,Debit Card,Successful,Online
63102,Credit Card,Successful,Online
63103,UPI,Failed,Online
63104,Net Banking,Successful,Online
63105,UPI,Failed,Online
63106,UPI,Failed,Online
63107,Debit Card,Refunded,POS
63108,Wallet,Refunded,Online
63109,Debit Card,Failed,Online
63110,Credit Card,Refunded,Online
63111,UPI,Refunded,POS
63112,UPI,Successful,Online
63113,UPI,Successful,POS
63114,Credit Card,Failed,POS
63115,UPI,Refunded,Online
63116,Net Banking,Successful,Online
63117,UPI,Successful,Online
63118,Credit Card,Failed,Online
63119,Credit Card,Failed,Online
63120,Credit Card,Successful,POS
63121,UPI,Failed,Online
63122,Net Banking,Refunded,POS
63123,Credit Card,Successful,Online
63124,Debit Card,Successful,Online
63125,Credit Card,Successful,Online
63126,UPI,Successful,POS
63127,Credit Card,Successful,Online
63128,Credit Card,Refunded,Online
63129,Net Banking,Refunded,Online
63130,Net Banking,Successful,Online
63131,UPI,Failed,Online
63132,UPI,Failed,Online
63133,UPI,Successful,POS
63134,Wallet,Failed,Online
63135,UPI,Refunded,Online
63136,Debit Card,Successful,Online
63137,Credit Card,Successful,Online
63138,Credit Card,Successful,Online
63139,UPI,Successful,Online
63140,UPI,Failed,Online
63141,Credit Card,Successful,Online
63142,UPI,Failed,POS
63143,UPI,Failed,Online
63144,UPI,Refunded,Online
63145,Credit Card,Refunded,Online
63146,Credit Card,Failed,POS
63147,UPI,Successful,Online
63148,UPI,Successful,Online
63149,UPI,Successful,Online
63150,Credit Card,Failed,Online
63151,UPI,Successful,POS
63152,Debit Card,Successful,Online
63153,UPI,Refunded,Online
63154,Wallet,Successful,Online
63155,UPI,Successful,Online
63156,Wallet,Failed,Online
63157,Net Banking,Successful,POS
63158,Debit Card,Failed,Online
63159,Net Banking,Successful,Online
63160,UPI,Successful,POS
63161,UPI,Successful,POS
63162,UPI,Successful,Online
63163,UPI,Successful,Online
63164,UPI,Successful,Online
63165,Credit Card,Refunded,Online
63166,UPI,Successful,POS
63167,Credit Card,Successful,Online
63168,UPI,Failed,Online
63169,Credit Card,Successful,Online
63170,Wallet,Successful,Online
63171,Credit Card,Successful,Online
63172,Credit Card,Successful,Online
63173,UPI,Successful,Online
63174,Debit Card,Successful,Online
63175,UPI,Successful,Online
63176,Wallet,Successful,Online
63177,Credit Card,Successful,Online
63178,UPI,Successful,Online
63179,Wallet,Failed,Online
63180,Net Banking,Successful,Online
63181,Credit Card,Refunded,POS
63182,UPI,Refunded,Online
63183,Debit Card,Successful,POS
63184,UPI,Successful,Online
63185,Credit Card,Successful,Online
63186,UPI,Successful,Online
63187,Credit Card,Successful,POS
63188,Debit Card,Failed,Online
63189,UPI,Failed,Online
63190,Net Banking,Refunded,Online
63191,UPI,Failed,Online
63192,UPI,Successful,Online
63193,Credit Card,Successful,Online
63194,Net Banking,Successful,Online
63195,Wallet,Successful,Online
63196,Debit Card,Successful,Online
63197,UPI,Failed,POS
63198,Wallet,Successful,POS
63199,Net Banking,Successful,Online
63200,UPI,Failed,Online
63201,Credit Card,Refunded,POS
63202,Credit Card,Refunded,POS
63203,Credit Card,Refunded,POS
63204,Wallet,Successful,Online
63205,UPI,Successful,Online
63206,Credit Card,Successful,POS
63207,UPI,Successful,Online
63208,Credit Card,Refunded,POS
63209,Debit Card,Successful,POS
63210,UPI,Failed,Online
63211,Credit Card,Successful,Online
63212,Wallet,Failed,Online
63213,Debit Card,Successful,Online
63214,Credit Card,Refunded,Online
63215,UPI,Failed,Online
63216,Credit Card,Refunded,Online
63217,Debit Card,Failed,Online
63218,Net Banking,Successful,Online
63219,UPI,Successful,Online
63220,Debit Card,Successful,Online
63221,UPI,Refunded,Online
63222,UPI,Successful,Online
63223,Credit Card,Failed,Online
63224,UPI,Successful,Online
63225,UPI,Successful,Online
63226,Debit Card,Refunded,Online
63227,Credit Card,Refunded,Online
63228,Debit Card,Successful,POS
63229,Debit Card,Successful,Online
63230,Debit Card,Failed,Online
63231,UPI,Successful,POS
63232,UPI,Successful,Online
63233,Credit Card,Refunded,POS
63234,UPI,Failed,POS
63235,Debit Card,Refunded,POS
63236,Credit Card,Successful,Online
63237,UPI,Successful,Online
63238,Credit Card,Successful,Online
63239,Wallet,Successful,Online
63240,UPI,Successful,Online
63241,UPI,Successful,Online
63242,Net Banking,Failed,Online
63243,UPI,Refunded,Online
63244,UPI,Failed,Online
63245,UPI,Failed,Online
63246,Credit Card,Failed,Online
63247,Credit Card,Refunded,Online
63248,Credit Card,Refunded,Online
63249,Net Banking,Successful,Online
63250,Debit Card,Successful,POS
63251,Wallet,Refunded,Online
63252,Credit Card,Refunded,POS
63253,UPI,Successful,Online
63254,Wallet,Refunded,Online
63255,UPI,Failed,Online
63256,Debit Card,Refunded,Online
63257,UPI,Successful,POS
63258,Debit Card,Refunded,Online
63259,Net Banking,Successful,Online
63260,Credit Card,Failed,POS
63261,UPI,Successful,Online
63262,UPI,Refunded,Online
63263,Credit Card,Refunded,Online
63264,UPI,Successful,Online
63265,Debit Card,Failed,POS
63266,UPI,Refunded,Online
63267,UPI,Successful,Online
63268,Credit Card,Successful,Online
63269,Credit Card,Successful,POS
63270,UPI,Failed,POS
63271,Debit Card,Successful,Online
63272,Net Banking,Successful,POS
63273,UPI,Successful,Online
63274,UPI,Successful,Online
63275,Debit Card,Successful,Online
63276,UPI,Failed,Online
63277,UPI,Successful,Online
63278,Credit Card,Failed,Online
63279,UPI,Successful,Online
63280,UPI,Successful,Online
63281,Wallet,Successful,Online
63282,UPI,Successful,Online
63283,Net Banking,Successful,POS
63284,UPI,Refunded,Online
63285,Debit Card,Successful,Online
63286,Credit Card,Successful,Online
63287,UPI,Refunded,Online
63288,Debit Card,Successful,Online
63289,Net Banking,Failed,Online
63290,UPI,Failed,POS
63291,Debit Card,Successful,Online
63292,Credit Card,Failed,Online
63293,Debit Card,Successful,POS
63294,Debit Card,Successful,Online
63295,UPI,Successful,Online
63296,UPI,Refunded,POS
63297,Credit Card,Successful,POS
63298,Net Banking,Failed,Online
63299,UPI,Successful,Online
63300,Credit Card,Successful,Online
63301,UPI,Refunded,Online
63302,Debit Card,Successful,POS
63303,Credit Card,Refunded,Online
63304,Debit Card,Refunded,Online
63305,Net Banking,Refunded,Online
63306,UPI,Successful,Online
63307,UPI,Refunded,POS
63308,Wallet,Successful,Online
63309,UPI,Successful,Online
63310,Debit Card,Successful,Online
63311,Debit Card,Successful,Online
63312,Debit Card,Successful,Online
63313,UPI,Successful,Online
63314,UPI,Refunded,Online
63315,Debit Card,Refunded,Online
63316,UPI,Refunded,Online
63317,Debit Card,Successful,Online
63318,Credit Card,Refunded,Online
63319,Credit Card,Successful,Online
63320,UPI,Refunded,Online
63321,Wallet,Successful,Online
63322,Credit Card,Refunded,Online
63323,Credit Card,Successful,POS
63324,Wallet,Successful,Online
63325,Debit Card,Successful,Online
63326,Wallet,Successful,Online
63327,UPI,Failed,Online
63328,Net Banking,Successful,Online
63329,UPI,Successful,Online
63330,Debit Card,Successful,POS
63331,Net Banking,Failed,Online
63332,UPI,Successful,POS
63333,Credit Card,Refunded,Online
63334,Debit Card,Failed,Online
63335,UPI,Failed,Online
63336,Debit Card,Successful,Online
63337,UPI,Successful,Online
63338,Net Banking,Successful,Online
63339,UPI,Failed,POS
63340,Credit Card,Successful,Online
63341,UPI,Successful,Online
63342,UPI,Successful,Online
63343,Credit Card,Successful,Online
63344,Credit Card,Refunded,POS
63345,UPI,Refunded,Online
63346,Net Banking,Successful,Online
63347,UPI,Failed,POS
63348,Debit Card,Refunded,Online
63349,Credit Card,Successful,Online
63350,Credit Card,Successful,Online
63351,UPI,Successful,Online
63352,Credit Card,Successful,Online
63353,Credit Card,Successful,Online
63354,UPI,Successful,Online
63355,UPI,Successful,POS
63356,UPI,Successful,POS
63357,UPI,Successful,Online
63358,UPI,Successful,POS
63359,UPI,Successful,Online
63360,Debit Card,Refunded,POS
63361,UPI,Successful,POS
63362,UPI,Successful,POS
63363,UPI,Successful,Online
63364,Credit Card,Refunded,Online
63365,UPI,Failed,Online
63366,Debit Card,Successful,POS
63367,Debit Card,Successful,POS
63368,Credit Card,Successful,Online
63369,UPI,Refunded,Online
63370,Credit Card,Successful,Online
63371,UPI,Successful,Online
63372,Net Banking,Refunded,POS
63373,Debit Card,Successful,Online
63374,Credit Card,Successful,Online
63375,Wallet,Successful,Online
63376,Credit Card,Failed,Online
63377,UPI,Successful,Online
63378,UPI,Refunded,Online
63379,Credit Card,Successful,Online
63380,Net Banking,Failed,Online
63381,Net Banking,Successful,Online
63382,Credit Card,Failed,Online
63383,Credit Card,Refunded,Online
63384,Debit Card,Successful,Online
63385,Debit Card,Successful,Online
63386,Credit Card,Refunded,Online
63387,Credit Card,Successful,POS
63388,Debit Card,Refunded,Online
63389,Net Banking,Refunded,POS
63390,Debit Card,Failed,Online
63391,UPI,Failed,Online
63392,UPI,Refunded,Online
63393,Net Banking,Successful,POS
63394,Net Banking,Successful,Online
63395,Credit Card,Refunded,Online
63396,Credit Card,Successful,POS
63397,Net Banking,Successful,Online
63398,Net Banking,Successful,POS
63399,Debit Card,Refunded,Online
63400,UPI,Successful,POS
63401,Debit Card,Successful,Online
63402,UPI,Successful,Online
63403,Net Banking,Successful,Online
63404,UPI,Successful,Online
63405,Debit Card,Refunded,Online
63406,Credit Card,Successful,Online
63407,Debit Card,Refunded,Online
63408,Credit Card,Refunded,Online
63409,UPI,Successful,POS
63410,Debit Card,Successful,Online
63411,Credit Card,Refunded,Online
63412,UPI,Failed,Online
63413,Wallet,Successful,Online
63414,Credit Card,Refunded,Online
63415,Debit Card,Refunded,POS
63416,Credit Card,Successful,POS
63417,Debit Card,Successful,Online
63418,Debit Card,Refunded,Online
63419,Debit Card,Successful,Online
63420,Wallet,Refunded,Online
63421,Credit Card,Successful,POS
63422,Debit Card,Failed,Online
63423,Debit Card,Successful,Online
63424,UPI,Successful,POS
63425,Credit Card,Successful,POS
63426,Wallet,Successful,Online
63427,UPI,Successful,POS
63428,UPI,Successful,POS
63429,Credit Card,Refunded,POS
63430,UPI,Failed,Online
63431,Net Banking,Successful,Online
63432,UPI,Successful,POS
63433,UPI,Successful,Online
63434,Net Banking,Successful,Online
63435,UPI,Successful,Online
63436,Debit Card,Failed,POS
63437,Net Banking,Successful,POS
63438,Debit Card,Successful,Online
63439,Debit Card,Refunded,Online
63440,UPI,Successful,Online
63441,UPI,Successful,Online
63442,UPI,Refunded,Online
63443,UPI,Successful,POS
63444,Credit Card,Failed,Online
63445,Credit Card,Failed,Online
63446,Credit Card,Refunded,Online
63447,UPI,Successful,Online
63448,Credit Card,Failed,POS
63449,UPI,Successful,POS
63450,UPI,Refunded,Online
63451,Credit Card,Refunded,POS
63452,Debit Card,Successful,Online
63453,Net Banking,Refunded,POS
63454,Net Banking,Successful,POS
63455,Debit Card,Successful,Online
63456,Debit Card,Successful,Online
63457,UPI,Successful,Online
63458,UPI,Failed,Online
63459,Debit Card,Successful,Online
63460,UPI,Successful,POS
63461,UPI,Successful,Online
63462,UPI,Failed,Online
63463,UPI,Successful,Online
63464,Debit Card,Refunded,Online
63465,UPI,Successful,Online
63466,Credit Card,Successful,Online
63467,UPI,Failed,Online
63468,Debit Card,Refunded,Online
63469,Debit Card,Successful,Online
63470,UPI,Failed,Online
63471,Debit Card,Refunded,Online
63472,UPI,Successful,Online
63473,Debit Card,Refunded,Online
63474,Debit Card,Successful,Online
63475,Wallet,Successful,POS
63476,UPI,Successful,POS
63477,UPI,Successful,POS
63478,UPI,Successful,Online
63479,UPI,Successful,POS
63480,UPI,Refunded,Online
63481,UPI,Successful,Online
63482,Credit Card,Successful,POS
63483,Net Banking,Successful,Online
63484,UPI,Successful,Online
63485,Wallet,Refunded,POS
63486,Debit Card,Failed,POS
63487,Net Banking,Failed,Online
63488,Net Banking,Refunded,Online
63489,Debit Card,Refunded,Online
63490,Debit Card,Successful,Online
63491,Credit Card,Refunded,Online
63492,Credit Card,Successful,POS
63493,Net Banking,Successful,Online
63494,UPI,Successful,POS
63495,UPI,Successful,POS
63496,Debit Card,Successful,POS
63497,Credit Card,Successful,POS
63498,Debit Card,Successful,POS
63499,UPI,Successful,Online
63500,Credit Card,Failed,POS
63501,UPI,Successful,Online
63502,Net Banking,Successful,Online
63503,UPI,Successful,Online
63504,Net Banking,Successful,Online
63505,UPI,Successful,Online
63506,UPI,Refunded,POS
63507,UPI,Successful,Online
63508,UPI,Failed,Online
63509,Credit Card,Failed,POS
63510,UPI,Successful,Online
63511,Credit Card,Successful,Online
63512,UPI,Successful,POS
63513,Net Banking,Successful,Online
63514,UPI,Successful,Online
63515,UPI,Successful,Online
63516,Credit Card,Failed,Online
63517,Net Banking,Successful,POS
63518,Net Banking,Successful,Online
63519,Net Banking,Refunded,Online
63520,UPI,Successful,Online
63521,Net Banking,Successful,Online
63522,Debit Card,Failed,POS
63523,Net Banking,Successful,Online
63524,UPI,Successful,POS
63525,Net Banking,Successful,Online
63526,Credit Card,Successful,Online
63527,Credit Card,Successful,POS
63528,Credit Card,Successful,Online
63529,Credit Card,Successful,Online
63530,Credit Card,Successful,POS
63531,UPI,Successful,POS
63532,Debit Card,Successful,POS
63533,Credit Card,Failed,Online
63534,Debit Card,Successful,Online
63535,UPI,Successful,Online
63536,Wallet,Refunded,Online
63537,Debit Card,Successful,Online
63538,UPI,Successful,POS
63539,Debit Card,Successful,Online
63540,UPI,Successful,Online
63541,UPI,Successful,Online
63542,Credit Card,Successful,POS
63543,Credit Card,Failed,Online
63544,UPI,Successful,POS
63545,UPI,Failed,POS
63546,Wallet,Successful,Online
63547,UPI,Refunded,Online
63548,UPI,Refunded,Online
63549,Wallet,Failed,Online
63550,UPI,Failed,Online
63551,Debit Card,Successful,Online
63552,UPI,Failed,POS
63553,Credit Card,Failed,Online
63554,Credit Card,Successful,Online
63555,Wallet,Failed,Online
63556,Credit Card,Failed,Online
63557,Credit Card,Successful,Online
63558,Wallet,Successful,Online
63559,Wallet,Successful,Online
63560,UPI,Successful,Online
63561,Net Banking,Successful,Online
63562,Credit Card,Failed,Online
63563,Credit Card,Successful,Online
63564,UPI,Refunded,Online
63565,Credit Card,Successful,Online
63566,UPI,Failed,Online
63567,Credit Card,Successful,Online
63568,Credit Card,Failed,Online
63569,UPI,Failed,Online
63570,Credit Card,Failed,Online
63571,Wallet,Successful,Online
63572,Debit Card,Successful,Online
63573,Credit Card,Successful,POS
63574,Net Banking,Successful,POS
63575,Credit Card,Successful,Online
63576,UPI,Successful,POS
63577,Credit Card,Refunded,POS
63578,UPI,Refunded,POS
63579,Debit Card,Failed,Online
63580,Wallet,Refunded,Online
63581,UPI,Successful,Online
63582,Credit Card,Successful,POS
63583,Credit Card,Successful,Online
63584,UPI,Successful,Online
63585,Debit Card,Successful,Online
63586,Credit Card,Refunded,Online
63587,UPI,Successful,Online
63588,Net Banking,Successful,Online
63589,UPI,Successful,POS
63590,Wallet,Successful,Online
63591,UPI,Failed,Online
63592,Credit Card,Refunded,Online
63593,UPI,Successful,Online
63594,UPI,Successful,Online
63595,Debit Card,Successful,POS
63596,Credit Card,Successful,POS
63597,Net Banking,Successful,Online
63598,Credit Card,Successful,Online
63599,Net Banking,Failed,Online
63600,Wallet,Refunded,Online
63601,Credit Card,Failed,POS
63602,Credit Card,Successful,Online
63603,Net Banking,Successful,POS
63604,UPI,Successful,POS
63605,Net Banking,Successful,Online
63606,Credit Card,Refunded,POS
63607,Debit Card,Successful,Online
63608,UPI,Refunded,Online
63609,Debit Card,Refunded,Online
63610,UPI,Refunded,Online
63611,Debit Card,Successful,Online
63612,Credit Card,Successful,Online
63613,UPI,Successful,POS
63614,Wallet,Successful,Online
63615,Debit Card,Successful,Online
63616,Wallet,Failed,Online
63617,UPI,Failed,POS
63618,Credit Card,Failed,Online
63619,Credit Card,Successful,Online
63620,Debit Card,Successful,Online
63621,UPI,Failed,Online
63622,UPI,Failed,Online
63623,Net Banking,Successful,Online
63624,Credit Card,Successful,POS
63625,Wallet,Successful,Online
63626,UPI,Refunded,POS
63627,Wallet,Refunded,Online
63628,Debit Card,Successful,POS
63629,Debit Card,Successful,Online
63630,Credit Card,Successful,POS
63631,Net Banking,Successful,Online
63632,Credit Card,Refunded,Online
63633,Debit Card,Successful,Online
63634,UPI,Refunded,Online
63635,Credit Card,Failed,Online
63636,Net Banking,Successful,Online
63637,UPI,Successful,Online
63638,Debit Card,Successful,Online
63639,UPI,Failed,POS
63640,Net Banking,Successful,Online
63641,Wallet,Successful,Online
63642,UPI,Successful,Online
63643,UPI,Refunded,Online
63644,Debit Card,Refunded,Online
63645,UPI,Successful,Online
63646,Credit Card,Failed,Online
63647,UPI,Refunded,Online
63648,Credit Card,Successful,Online
63649,UPI,Successful,Online
63650,UPI,Successful,Online
63651,UPI,Successful,Online
63652,Credit Card,Successful,Online
63653,Credit Card,Refunded,POS
63654,UPI,Successful,Online
63655,Credit Card,Refunded,POS
63656,Net Banking,Failed,POS
63657,UPI,Refunded,Online
63658,Net Banking,Successful,Online
63659,Debit Card,Refunded,POS
63660,UPI,Successful,Online
63661,UPI,Refunded,Online
63662,Credit Card,Successful,Online
63663,Debit Card,Refunded,Online
63664,UPI,Successful,Online
63665,Wallet,Refunded,Online
63666,Debit Card,Successful,POS
63667,UPI,Successful,Online
63668,UPI,Refunded,POS
63669,UPI,Refunded,Online
63670,Credit Card,Refunded,Online
63671,Credit Card,Failed,POS
63672,Debit Card,Successful,Online
63673,Debit Card,Refunded,Online
63674,UPI,Refunded,Online
63675,Credit Card,Successful,POS
63676,UPI,Successful,Online
63677,Credit Card,Failed,Online
63678,Debit Card,Failed,POS
63679,Credit Card,Successful,Online
63680,Net Banking,Successful,Online
63681,Wallet,Successful,Online
63682,Credit Card,Successful,Online
63683,UPI,Successful,POS
63684,UPI,Failed,Online
63685,UPI,Successful,Online
63686,Credit Card,Refunded,POS
63687,Net Banking,Refunded,POS
63688,Credit Card,Refunded,Online
63689,Debit Card,Successful,POS
63690,Debit Card,Failed,Online
63691,Net Banking,Successful,POS
63692,UPI,Successful,Online
63693,Net Banking,Failed,Online
63694,Debit Card,Successful,POS
63695,UPI,Successful,Online
63696,Wallet,Failed,Online
63697,Wallet,Successful,Online
63698,Credit Card,Refunded,Online
63699,Net Banking,Refunded,Online
63700,UPI,Failed,Online
63701,Credit Card,Successful,Online
63702,UPI,Successful,Online
63703,Credit Card,Successful,Online
63704,Credit Card,Refunded,Online
63705,UPI,Refunded,POS
63706,Debit Card,Refunded,POS
63707,UPI,Refunded,Online
63708,UPI,Failed,Online
63709,Credit Card,Failed,POS
63710,Credit Card,Successful,Online
63711,UPI,Successful,Online
63712,UPI,Successful,Online
63713,UPI,Successful,Online
63714,UPI,Failed,POS
63715,Credit Card,Refunded,Online
63716,Net Banking,Successful,Online
63717,UPI,Successful,Online
63718,Debit Card,Successful,Online
63719,UPI,Successful,Online
63720,UPI,Successful,POS
63721,UPI,Failed,POS
63722,Net Banking,Refunded,Online
63723,Credit Card,Successful,Online
63724,Debit Card,Successful,POS
63725,Credit Card,Failed,Online
63726,UPI,Successful,POS
63727,Net Banking,Failed,Online
63728,UPI,Failed,Online
63729,UPI,Refunded,Online
63730,UPI,Successful,Online
63731,UPI,Failed,POS
63732,UPI,Successful,Online
63733,Credit Card,Successful,Online
63734,UPI,Refunded,Online
63735,Credit Card,Failed,Online
63736,UPI,Successful,Online
63737,Wallet,Successful,Online
63738,UPI,Refunded,Online
63739,Debit Card,Failed,Online
63740,Debit Card,Refunded,Online
63741,UPI,Failed,POS
63742,UPI,Successful,Online
63743,UPI,Successful,POS
63744,UPI,Successful,POS
63745,UPI,Successful,Online
63746,Debit Card,Failed,Online
63747,Credit Card,Failed,Online
63748,Credit Card,Successful,POS
63749,UPI,Failed,Online
63750,Net Banking,Failed,Online
63751,UPI,Successful,POS
63752,UPI,Successful,Online
63753,UPI,Failed,Online
63754,UPI,Refunded,POS
63755,Debit Card,Failed,Online
63756,Debit Card,Failed,POS
63757,Debit Card,Successful,POS
63758,Credit Card,Failed,Online
63759,Wallet,Failed,Online
63760,Credit Card,Refunded,Online
63761,Credit Card,Successful,Online
63762,UPI,Successful,Online
63763,UPI,Successful,Online
63764,Credit Card,Successful,Online
63765,UPI,Failed,Online
63766,Credit Card,Successful,POS
63767,UPI,Successful,Online
63768,Net Banking,Refunded,Online
63769,Wallet,Successful,POS
63770,UPI,Successful,Online
63771,Net Banking,Failed,POS
63772,Net Banking,Successful,Online
63773,Wallet,Successful,POS
63774,UPI,Refunded,Online
63775,Debit Card,Successful,Online
63776,UPI,Successful,POS
63777,Credit Card,Failed,Online
63778,Debit Card,Failed,Online
63779,Debit Card,Failed,Online
63780,UPI,Failed,Online
63781,Net Banking,Successful,Online
63782,Credit Card,Successful,Online
63783,UPI,Successful,Online
63784,Credit Card,Refunded,POS
63785,Net Banking,Successful,POS
63786,Wallet,Successful,Online
63787,Debit Card,Failed,Online
63788,UPI,Successful,Online
63789,UPI,Successful,Online
63790,UPI,Successful,POS
63791,UPI,Successful,POS
63792,Credit Card,Successful,Online
63793,UPI,Successful,Online
63794,UPI,Successful,Online
63795,Net Banking,Successful,Online
63796,Credit Card,Successful,Online
63797,Debit Card,Successful,Online
63798,UPI,Successful,Online
63799,Credit Card,Successful,Online
63800,UPI,Successful,Online
63801,Credit Card,Successful,Online
63802,Credit Card,Successful,POS
63803,Credit Card,Successful,Online
63804,Net Banking,Failed,Online
63805,Net Banking,Failed,Online
63806,Credit Card,Successful,Online
63807,UPI,Successful,Online
63808,Wallet,Successful,Online
63809,Debit Card,Successful,Online
63810,Credit Card,Successful,POS
63811,Debit Card,Refunded,Online
63812,UPI,Refunded,POS
63813,UPI,Successful,POS
63814,UPI,Failed,Online
63815,UPI,Successful,POS
63816,Credit Card,Successful,Online
63817,UPI,Successful,Online
63818,Net Banking,Successful,Online
63819,Credit Card,Successful,Online
63820,UPI,Failed,Online
63821,UPI,Refunded,Online
63822,Credit Card,Successful,Online
63823,UPI,Successful,POS
63824,Debit Card,Successful,Online
63825,Debit Card,Successful,POS
63826,Credit Card,Successful,Online
63827,UPI,Successful,Online
63828,Debit Card,Successful,Online
63829,UPI,Successful,Online
63830,UPI,Successful,Online
63831,Credit Card,Failed,Online
63832,Net Banking,Refunded,Online
63833,UPI,Failed,Online
63834,Net Banking,Successful,POS
63835,UPI,Successful,Online
63836,UPI,Successful,Online
63837,Debit Card,Successful,Online
63838,UPI,Successful,Online
63839,UPI,Successful,POS
63840,UPI,Successful,POS
63841,UPI,Refunded,Online
63842,UPI,Successful,Online
63843,Debit Card,Successful,Online
63844,Debit Card,Refunded,Online
63845,Wallet,Failed,Online
63846,Debit Card,Successful,POS
63847,Debit Card,Successful,Online
63848,Debit Card,Failed,Online
63849,Net Banking,Successful,POS
63850,UPI,Failed,Online
63851,UPI,Refunded,POS
63852,Debit Card,Successful,Online
63853,UPI,Successful,Online
63854,Net Banking,Successful,Online
63855,Credit Card,Refunded,Online
63856,UPI,Successful,Online
63857,Debit Card,Failed,Online
63858,UPI,Successful,Online
63859,Wallet,Successful,Online
63860,Wallet,Successful,POS
63861,Debit Card,Failed,Online
63862,UPI,Successful,Online
63863,UPI,Successful,POS
63864,Credit Card,Successful,Online
63865,Net Banking,Refunded,Online
63866,UPI,Successful,POS
63867,UPI,Successful,Online
63868,UPI,Refunded,Online
63869,Credit Card,Refunded,POS
63870,Net Banking,Successful,Online
63871,UPI,Successful,Online
63872,UPI,Successful,Online
63873,Debit Card,Successful,Online
63874,Net Banking,Successful,Online
63875,Debit Card,Successful,Online
63876,Debit Card,Successful,Online
63877,UPI,Successful,Online
63878,Credit Card,Successful,Online
63879,Wallet,Successful,Online
63880,Wallet,Refunded,Online
63881,Credit Card,Refunded,Online
63882,Debit Card,Successful,Online
63883,Wallet,Successful,POS
63884,Credit Card,Successful,POS
63885,UPI,Successful,Online
63886,Debit Card,Successful,Online
63887,Wallet,Successful,Online
63888,Debit Card,Successful,POS
63889,Debit Card,Successful,Online
63890,Credit Card,Successful,Online
63891,UPI,Successful,POS
63892,UPI,Successful,POS
63893,Wallet,Failed,Online
63894,Credit Card,Refunded,Online
63895,UPI,Successful,Online
63896,Wallet,Successful,Online
63897,Credit Card,Successful,Online
63898,Net Banking,Successful,Online
63899,Credit Card,Successful,Online
63900,UPI,Refunded,Online
63901,Credit Card,Successful,Online
63902,Wallet,Successful,Online
63903,UPI,Refunded,Online
63904,Net Banking,Refunded,POS
63905,UPI,Failed,POS
63906,Credit Card,Failed,Online
63907,UPI,Successful,Online
63908,Net Banking,Refunded,Online
63909,Credit Card,Successful,Online
63910,Credit Card,Failed,Online
63911,Debit Card,Refunded,Online
63912,UPI,Failed,Online
63913,UPI,Successful,Online
63914,UPI,Refunded,POS
63915,Debit Card,Refunded,Online
63916,Credit Card,Successful,Online
63917,Net Banking,Failed,POS
63918,Credit Card,Successful,POS
63919,UPI,Successful,Online
63920,Debit Card,Successful,POS
63921,UPI,Failed,POS
63922,Net Banking,Refunded,Online
63923,UPI,Successful,POS
63924,UPI,Failed,Online
63925,Credit Card,Successful,POS
63926,UPI,Refunded,Online
63927,UPI,Successful,Online
63928,Credit Card,Successful,POS
63929,UPI,Failed,Online
63930,UPI,Refunded,Online
63931,UPI,Failed,POS
63932,Credit Card,Successful,Online
63933,Credit Card,Refunded,Online
63934,UPI,Successful,Online
63935,Credit Card,Failed,Online
63936,Debit Card,Refunded,Online
63937,Debit Card,Refunded,Online
63938,Credit Card,Refunded,Online
63939,UPI,Failed,Online
63940,Credit Card,Successful,Online
63941,Net Banking,Failed,Online
63942,Credit Card,Successful,Online
63943,UPI,Successful,POS
63944,UPI,Failed,Online
63945,Wallet,Successful,Online
63946,Debit Card,Successful,POS
63947,UPI,Successful,Online
63948,UPI,Refunded,Online
63949,Net Banking,Successful,Online
63950,UPI,Failed,Online
63951,Credit Card,Failed,POS
63952,Debit Card,Refunded,Online
63953,Credit Card,Successful,Online
63954,UPI,Successful,Online
63955,UPI,Refunded,Online
63956,Net Banking,Successful,Online
63957,Credit Card,Refunded,Online
63958,Debit Card,Successful,Online
63959,Credit Card,Refunded,Online
63960,Wallet,Failed,Online
63961,Net Banking,Successful,Online
63962,Credit Card,Successful,Online
63963,UPI,Failed,POS
63964,Credit Card,Successful,Online
63965,Debit Card,Failed,Online
63966,Credit Card,Successful,Online
63967,Net Banking,Refunded,Online
63968,UPI,Failed,Online
63969,UPI,Failed,Online
63970,Debit Card,Successful,Online
63971,UPI,Successful,Online
63972,Credit Card,Successful,Online
63973,Wallet,Refunded,POS
63974,Credit Card,Successful,POS
63975,Wallet,Successful,POS
63976,Debit Card,Failed,Online
63977,Debit Card,Refunded,Online
63978,Credit Card,Successful,POS
63979,UPI,Successful,Online
63980,Credit Card,Successful,POS
63981,UPI,Failed,Online
63982,Wallet,Failed,Online
63983,UPI,Successful,Online
63984,UPI,Successful,POS
63985,Credit Card,Refunded,Online
63986,Credit Card,Failed,Online
63987,UPI,Failed,Online
63988,UPI,Failed,Online
63989,Debit Card,Failed,POS
63990,Credit Card,Successful,POS
63991,UPI,Successful,Online
63992,Credit Card,Successful,Online
63993,UPI,Successful,Online
63994,UPI,Successful,Online
63995,Wallet,Refunded,POS
63996,UPI,Successful,POS
63997,UPI,Failed,Online
63998,Wallet,Successful,Online
63999,Debit Card,Failed,POS
64000,UPI,Refunded,POS
64001,Credit Card,Successful,POS
64002,Net Banking,Successful,Online
64003,UPI,Failed,POS
64004,Credit Card,Successful,Online
64005,Credit Card,Successful,Online
64006,Credit Card,Successful,POS
64007,Credit Card,Failed,POS
64008,Credit Card,Successful,Online
64009,UPI,Successful,Online
64010,Debit Card,Successful,Online
64011,UPI,Refunded,Online
64012,Credit Card,Successful,Online
64013,Credit Card,Refunded,POS
64014,Debit Card,Failed,Online
64015,Credit Card,Successful,Online
64016,Debit Card,Refunded,Online
64017,UPI,Failed,Online
64018,Debit Card,Failed,POS
64019,Net Banking,Failed,Online
64020,Net Banking,Successful,Online
64021,Credit Card,Successful,Online
64022,UPI,Refunded,Online
64023,UPI,Failed,Online
64024,UPI,Refunded,Online
64025,Credit Card,Successful,Online
64026,UPI,Refunded,Online
64027,Wallet,Successful,Online
64028,Net Banking,Failed,Online
64029,UPI,Refunded,POS
64030,Credit Card,Successful,Online
64031,Debit Card,Successful,POS
64032,UPI,Refunded,Online
64033,Credit Card,Refunded,POS
64034,Credit Card,Refunded,Online
64035,UPI,Successful,Online
64036,Credit Card,Refunded,Online
64037,Wallet,Successful,Online
64038,UPI,Successful,Online
64039,Credit Card,Successful,Online
64040,UPI,Refunded,POS
64041,Net Banking,Successful,Online
64042,Net Banking,Successful,POS
64043,UPI,Successful,Online
64044,Net Banking,Successful,POS
64045,UPI,Successful,Online
64046,UPI,Successful,POS
64047,Debit Card,Successful,Online
64048,Credit Card,Successful,Online
64049,Credit Card,Failed,Online
64050,Debit Card,Successful,Online
64051,UPI,Successful,Online
64052,UPI,Refunded,Online
64053,Credit Card,Failed,Online
64054,UPI,Failed,POS
64055,UPI,Successful,Online
64056,UPI,Successful,POS
64057,Debit Card,Failed,Online
64058,Net Banking,Successful,POS
64059,UPI,Failed,POS
64060,UPI,Successful,Online
64061,Debit Card,Failed,Online
64062,Wallet,Successful,Online
64063,UPI,Successful,Online
64064,Net Banking,Successful,Online
64065,Credit Card,Refunded,POS
64066,Wallet,Successful,Online
64067,UPI,Successful,POS
64068,Wallet,Successful,Online
64069,Credit Card,Successful,Online
64070,Wallet,Failed,POS
64071,Credit Card,Failed,POS
64072,Credit Card,Successful,Online
64073,Debit Card,Successful,POS
64074,Debit Card,Successful,Online
64075,Credit Card,Successful,Online
64076,Credit Card,Refunded,Online
64077,Debit Card,Failed,POS
64078,Wallet,Failed,Online
64079,UPI,Refunded,Online
64080,Credit Card,Successful,Online
64081,Net Banking,Failed,POS
64082,Debit Card,Successful,Online
64083,Debit Card,Successful,Online
64084,Net Banking,Successful,Online
64085,Debit Card,Successful,POS
64086,Debit Card,Refunded,Online
64087,Wallet,Successful,Online
64088,Net Banking,Successful,Online
64089,Debit Card,Successful,Online
64090,UPI,Successful,Online
64091,UPI,Failed,POS
64092,Credit Card,Refunded,Online
64093,Debit Card,Refunded,Online
64094,UPI,Successful,POS
64095,UPI,Failed,POS
64096,UPI,Refunded,Online
64097,Debit Card,Failed,POS
64098,Net Banking,Successful,Online
64099,Net Banking,Failed,Online
64100,UPI,Successful,Online
64101,UPI,Successful,Online
64102,Credit Card,Successful,Online
64103,UPI,Successful,Online
64104,Debit Card,Successful,Online
64105,UPI,Successful,Online
64106,UPI,Refunded,POS
64107,Credit Card,Successful,POS
64108,UPI,Failed,Online
64109,UPI,Failed,Online
64110,Credit Card,Successful,Online
64111,UPI,Failed,Online
64112,Credit Card,Refunded,Online
64113,UPI,Successful,Online
64114,Credit Card,Successful,Online
64115,Wallet,Successful,Online
64116,Credit Card,Failed,Online
64117,Credit Card,Failed,Online
64118,Net Banking,Successful,Online
64119,UPI,Refunded,Online
64120,UPI,Failed,Online
64121,UPI,Successful,Online
64122,Credit Card,Successful,Online
64123,Credit Card,Failed,Online
64124,UPI,Successful,Online
64125,Net Banking,Failed,Online
64126,UPI,Successful,Online
64127,Net Banking,Successful,Online
64128,Wallet,Refunded,Online
64129,Wallet,Successful,POS
64130,Debit Card,Successful,Online
64131,UPI,Refunded,Online
64132,Debit Card,Failed,Online
64133,UPI,Successful,Online
64134,Net Banking,Successful,Online
64135,UPI,Successful,Online
64136,UPI,Refunded,POS
64137,Net Banking,Failed,Online
64138,UPI,Failed,Online
64139,UPI,Refunded,Online
64140,Credit Card,Successful,POS
64141,Debit Card,Successful,Online
64142,Credit Card,Successful,Online
64143,Debit Card,Failed,Online
64144,Net Banking,Failed,POS
64145,UPI,Refunded,Online
64146,Credit Card,Successful,Online
64147,Debit Card,Successful,Online
64148,Credit Card,Successful,Online
64149,Credit Card,Failed,Online
64150,UPI,Successful,POS
64151,UPI,Failed,POS
64152,UPI,Failed,POS
64153,UPI,Successful,Online
64154,UPI,Successful,Online
64155,Credit Card,Refunded,POS
64156,UPI,Successful,Online
64157,Debit Card,Successful,Online
64158,Net Banking,Successful,Online
64159,Credit Card,Failed,POS
64160,Credit Card,Successful,Online
64161,Wallet,Failed,POS
64162,Credit Card,Failed,Online
64163,Wallet,Successful,Online
64164,UPI,Successful,Online
64165,Net Banking,Successful,POS
64166,Credit Card,Failed,POS
64167,UPI,Successful,Online
64168,Wallet,Failed,Online
64169,Wallet,Failed,Online
64170,Credit Card,Successful,Online
64171,Wallet,Refunded,Online
64172,UPI,Successful,Online
64173,Debit Card,Successful,Online
64174,UPI,Failed,Online
64175,UPI,Successful,POS
64176,Debit Card,Successful,Online
64177,UPI,Successful,Online
64178,UPI,Successful,Online
64179,Credit Card,Successful,Online
64180,UPI,Successful,Online
64181,Debit Card,Successful,Online
64182,UPI,Successful,Online
64183,Net Banking,Successful,Online
64184,UPI,Successful,POS
64185,Credit Card,Failed,Online
64186,UPI,Successful,Online
64187,Credit Card,Refunded,Online
64188,UPI,Refunded,Online
64189,Credit Card,Successful,Online
64190,UPI,Successful,Online
64191,Net Banking,Refunded,Online
64192,UPI,Failed,Online
64193,Net Banking,Failed,POS
64194,UPI,Failed,Online
64195,UPI,Successful,POS
64196,UPI,Successful,Online
64197,UPI,Failed,Online
64198,Credit Card,Refunded,Online
64199,Wallet,Successful,Online
64200,UPI,Successful,POS
64201,Credit Card,Successful,POS
64202,Credit Card,Refunded,Online
64203,UPI,Refunded,Online
64204,UPI,Successful,Online
64205,Net Banking,Refunded,Online
64206,UPI,Failed,POS
64207,Debit Card,Refunded,Online
64208,UPI,Successful,Online
64209,Credit Card,Successful,Online
64210,Credit Card,Successful,Online
64211,UPI,Refunded,POS
64212,UPI,Failed,Online
64213,UPI,Failed,Online
64214,UPI,Successful,Online
64215,Net Banking,Successful,Online
64216,UPI,Failed,Online
64217,Debit Card,Successful,POS
64218,UPI,Successful,Online
64219,Net Banking,Failed,POS
64220,Credit Card,Failed,POS
64221,UPI,Successful,Online
64222,Wallet,Successful,Online
64223,UPI,Successful,Online
64224,Credit Card,Failed,Online
64225,Credit Card,Failed,Online
64226,UPI,Successful,POS
64227,Wallet,Refunded,Online
64228,Net Banking,Successful,Online
64229,Net Banking,Successful,POS
64230,Wallet,Successful,Online
64231,Credit Card,Successful,POS
64232,UPI,Successful,Online
64233,Debit Card,Successful,Online
64234,Credit Card,Refunded,Online
64235,UPI,Successful,Online
64236,Credit Card,Failed,POS
64237,Net Banking,Failed,Online
64238,UPI,Successful,Online
64239,Net Banking,Successful,Online
64240,Credit Card,Refunded,POS
64241,UPI,Refunded,Online
64242,Net Banking,Successful,Online
64243,Wallet,Failed,Online
64244,UPI,Failed,Online
64245,UPI,Successful,Online
64246,Credit Card,Successful,Online
64247,Debit Card,Successful,POS
64248,UPI,Failed,POS
64249,UPI,Successful,Online
64250,Debit Card,Successful,Online
64251,Credit Card,Refunded,Online
64252,UPI,Successful,POS
64253,Net Banking,Successful,Online
64254,Net Banking,Successful,Online
64255,Wallet,Successful,Online
64256,UPI,Successful,Online
64257,Net Banking,Refunded,Online
64258,Debit Card,Successful,Online
64259,UPI,Failed,Online
64260,Credit Card,Successful,Online
64261,UPI,Successful,POS
64262,Debit Card,Successful,Online
64263,Debit Card,Failed,POS
64264,Debit Card,Successful,Online
64265,UPI,Successful,Online
64266,Credit Card,Refunded,Online
64267,UPI,Successful,Online
64268,Wallet,Successful,Online
64269,Debit Card,Successful,Online
64270,UPI,Successful,Online
64271,UPI,Successful,Online
64272,Debit Card,Successful,POS
64273,Credit Card,Refunded,POS
64274,Debit Card,Successful,Online
64275,UPI,Successful,Online
64276,Debit Card,Failed,Online
64277,UPI,Successful,Online
64278,Credit Card,Successful,Online
64279,Wallet,Failed,POS
64280,Credit Card,Refunded,Online
64281,UPI,Failed,Online
64282,Wallet,Refunded,Online
64283,UPI,Failed,Online
64284,Debit Card,Refunded,Online
64285,Credit Card,Refunded,POS
64286,UPI,Successful,Online
64287,UPI,Successful,Online
64288,UPI,Successful,Online
64289,Net Banking,Failed,POS
64290,Net Banking,Refunded,Online
64291,Credit Card,Successful,Online
64292,UPI,Successful,Online
64293,Net Banking,Successful,Online
64294,Credit Card,Successful,POS
64295,Credit Card,Successful,Online
64296,Credit Card,Successful,Online
64297,UPI,Successful,Online
64298,Credit Card,Successful,Online
64299,Credit Card,Successful,Online
64300,Credit Card,Successful,POS
64301,Net Banking,Successful,Online
64302,UPI,Refunded,POS
64303,Credit Card,Successful,Online
64304,UPI,Successful,Online
64305,Debit Card,Successful,POS
64306,UPI,Successful,Online
64307,UPI,Successful,Online
64308,Debit Card,Successful,Online
64309,UPI,Successful,Online
64310,Credit Card,Failed,POS
64311,Wallet,Refunded,Online
64312,Credit Card,Failed,POS
64313,UPI,Successful,POS
64314,UPI,Successful,Online
64315,Net Banking,Successful,Online
64316,UPI,Failed,POS
64317,Debit Card,Successful,Online
64318,Debit Card,Successful,Online
64319,Credit Card,Successful,Online
64320,Debit Card,Successful,Online
64321,UPI,Failed,POS
64322,Credit Card,Successful,Online
64323,Debit Card,Refunded,POS
64324,UPI,Successful,Online
64325,UPI,Refunded,Online
64326,Debit Card,Failed,Online
64327,Debit Card,Successful,Online
64328,Credit Card,Refunded,Online
64329,Debit Card,Successful,Online
64330,Credit Card,Successful,Online
64331,Net Banking,Successful,Online
64332,Debit Card,Failed,Online
64333,UPI,Successful,Online
64334,Credit Card,Failed,Online
64335,Debit Card,Refunded,Online
64336,Net Banking,Successful,Online
64337,UPI,Successful,POS
64338,Credit Card,Successful,Online
64339,UPI,Successful,Online
64340,UPI,Successful,Online
64341,Debit Card,Refunded,Online
64342,UPI,Refunded,Online
64343,Debit Card,Failed,Online
64344,Net Banking,Successful,POS
64345,Wallet,Successful,Online
64346,UPI,Successful,Online
64347,Debit Card,Successful,Online
64348,Net Banking,Failed,Online
64349,UPI,Refunded,Online
64350,Credit Card,Successful,Online
64351,Net Banking,Failed,POS
64352,UPI,Successful,Online
64353,Net Banking,Refunded,Online
64354,Credit Card,Refunded,Online
64355,UPI,Failed,Online
64356,Credit Card,Successful,Online
64357,UPI,Successful,Online
64358,UPI,Successful,Online
64359,Credit Card,Successful,POS
64360,Credit Card,Successful,Online
64361,Credit Card,Failed,Online
64362,UPI,Refunded,Online
64363,Debit Card,Failed,Online
64364,Credit Card,Failed,Online
64365,Net Banking,Successful,Online
64366,Net Banking,Successful,POS
64367,UPI,Refunded,Online
64368,UPI,Successful,Online
64369,Net Banking,Successful,Online
64370,Debit Card,Refunded,Online
64371,UPI,Successful,POS
64372,Debit Card,Successful,Online
64373,UPI,Failed,Online
64374,UPI,Successful,Online
64375,Credit Card,Refunded,POS
64376,UPI,Successful,Online
64377,Wallet,Successful,Online
64378,Net Banking,Successful,Online
64379,Credit Card,Failed,Online
64380,UPI,Successful,Online
64381,UPI,Successful,Online
64382,UPI,Successful,Online
64383,Credit Card,Successful,Online
64384,UPI,Successful,Online
64385,Credit Card,Refunded,Online
64386,Credit Card,Successful,Online
64387,Wallet,Successful,POS
64388,Net Banking,Failed,Online
64389,Credit Card,Successful,Online
64390,Credit Card,Failed,Online
64391,UPI,Successful,Online
64392,UPI,Successful,Online
64393,Net Banking,Successful,POS
64394,Debit Card,Successful,POS
64395,UPI,Successful,Online
64396,Credit Card,Successful,POS
64397,Net Banking,Successful,POS
64398,UPI,Successful,Online
64399,UPI,Successful,Online
64400,Wallet,Refunded,Online
64401,Credit Card,Failed,Online
64402,Credit Card,Failed,Online
64403,UPI,Refunded,POS
64404,Net Banking,Successful,Online
64405,Net Banking,Successful,POS
64406,Credit Card,Successful,Online
64407,UPI,Failed,Online
64408,Credit Card,Successful,Online
64409,UPI,Successful,Online
64410,UPI,Successful,Online
64411,Credit Card,Successful,Online
64412,UPI,Refunded,Online
64413,Wallet,Failed,Online
64414,UPI,Successful,Online
64415,Credit Card,Successful,Online
64416,UPI,Successful,POS
64417,Debit Card,Refunded,Online
64418,UPI,Successful,POS
64419,Credit Card,Failed,POS
64420,Debit Card,Failed,Online
64421,Wallet,Successful,Online
64422,Debit Card,Successful,POS
64423,UPI,Successful,Online
64424,UPI,Successful,Online
64425,Debit Card,Successful,Online
64426,UPI,Successful,Online
64427,Credit Card,Successful,POS
64428,Wallet,Refunded,Online
64429,Debit Card,Refunded,Online
64430,Net Banking,Successful,Online
64431,Net Banking,Refunded,POS
64432,Credit Card,Successful,Online
64433,Debit Card,Failed,Online
64434,UPI,Refunded,Online
64435,Wallet,Successful,POS
64436,UPI,Failed,Online
64437,Credit Card,Failed,Online
64438,UPI,Refunded,Online
64439,UPI,Successful,Online
64440,Credit Card,Refunded,Online
64441,UPI,Refunded,POS
64442,Credit Card,Successful,Online
64443,Credit Card,Refunded,Online
64444,Credit Card,Successful,POS
64445,UPI,Successful,Online
64446,Credit Card,Successful,Online
64447,Debit Card,Failed,POS
64448,UPI,Successful,POS
64449,Credit Card,Failed,Online
64450,Credit Card,Successful,Online
64451,Net Banking,Successful,Online
64452,Debit Card,Successful,Online
64453,UPI,Failed,Online
64454,Net Banking,Failed,Online
64455,Net Banking,Successful,POS
64456,Debit Card,Successful,Online
64457,Credit Card,Successful,Online
64458,Debit Card,Successful,Online
64459,Credit Card,Successful,Online
64460,Debit Card,Successful,POS
64461,Net Banking,Successful,Online
64462,Net Banking,Successful,POS
64463,Credit Card,Failed,Online
64464,Net Banking,Successful,Online
64465,UPI,Refunded,Online
64466,UPI,Successful,Online
64467,Credit Card,Successful,Online
64468,Debit Card,Refunded,POS
64469,UPI,Refunded,Online
64470,Credit Card,Failed,Online
64471,UPI,Successful,Online
64472,Credit Card,Successful,Online
64473,Net Banking,Successful,Online
64474,Debit Card,Refunded,Online
64475,UPI,Successful,POS
64476,Wallet,Successful,Online
64477,Debit Card,Successful,Online
64478,Debit Card,Successful,Online
64479,Debit Card,Successful,Online
64480,Wallet,Failed,Online
64481,Net Banking,Successful,Online
64482,Credit Card,Failed,Online
64483,UPI,Failed,Online
64484,Debit Card,Failed,Online
64485,Credit Card,Successful,Online
64486,Credit Card,Successful,POS
64487,UPI,Failed,Online
64488,Credit Card,Successful,Online
64489,Credit Card,Failed,Online
64490,Net Banking,Successful,Online
64491,Debit Card,Successful,POS
64492,UPI,Successful,Online
64493,UPI,Successful,POS
64494,UPI,Successful,POS
64495,UPI,Successful,Online
64496,UPI,Refunded,Online
64497,Debit Card,Successful,POS
64498,Net Banking,Refunded,Online
64499,Credit Card,Successful,Online
64500,Credit Card,Successful,Online
64501,Debit Card,Successful,Online
64502,Wallet,Successful,Online
64503,Net Banking,Successful,Online
64504,UPI,Successful,Online
64505,UPI,Failed,POS
64506,UPI,Failed,Online
64507,Credit Card,Failed,Online
64508,Debit Card,Refunded,POS
64509,UPI,Successful,Online
64510,Net Banking,Successful,Online
64511,Credit Card,Refunded,POS
64512,Wallet,Successful,Online
64513,UPI,Failed,Online
64514,UPI,Successful,Online
64515,UPI,Refunded,Online
64516,UPI,Failed,Online
64517,Debit Card,Successful,POS
64518,UPI,Failed,Online
64519,Debit Card,Failed,Online
64520,UPI,Failed,Online
64521,UPI,Refunded,POS
64522,Net Banking,Failed,Online
64523,Wallet,Refunded,Online
64524,Credit Card,Successful,Online
64525,Wallet,Successful,Online
64526,Credit Card,Failed,Online
64527,Credit Card,Refunded,Online
64528,Debit Card,Failed,Online
64529,UPI,Failed,POS
64530,UPI,Failed,Online
64531,Debit Card,Successful,Online
64532,Credit Card,Successful,Online
64533,UPI,Successful,Online
64534,UPI,Refunded,Online
64535,Debit Card,Successful,POS
64536,Debit Card,Successful,POS
64537,Credit Card,Successful,Online
64538,Net Banking,Failed,Online
64539,Credit Card,Refunded,Online
64540,Debit Card,Failed,Online
64541,Net Banking,Successful,Online
64542,Net Banking,Refunded,Online
64543,Credit Card,Refunded,Online
64544,Debit Card,Refunded,Online
64545,Credit Card,Successful,Online
64546,Credit Card,Refunded,Online
64547,UPI,Successful,Online
64548,Credit Card,Successful,POS
64549,UPI,Refunded,Online
64550,UPI,Failed,Online
64551,Credit Card,Successful,POS
64552,Net Banking,Successful,Online
64553,UPI,Successful,Online
64554,UPI,Successful,Online
64555,Credit Card,Successful,POS
64556,Debit Card,Refunded,POS
64557,UPI,Failed,POS
64558,UPI,Successful,POS
64559,Credit Card,Refunded,Online
64560,Debit Card,Refunded,Online
64561,UPI,Successful,Online
64562,UPI,Failed,POS
64563,Debit Card,Failed,Online
64564,UPI,Successful,POS
64565,UPI,Refunded,Online
64566,Credit Card,Refunded,Online
64567,Wallet,Failed,Online
64568,UPI,Failed,Online
64569,Credit Card,Failed,Online
64570,Credit Card,Failed,Online
64571,Net Banking,Refunded,Online
64572,UPI,Failed,POS
64573,Credit Card,Refunded,Online
64574,Net Banking,Successful,Online
64575,Wallet,Successful,Online
64576,Debit Card,Successful,Online
64577,UPI,Successful,Online
64578,Credit Card,Successful,Online
64579,UPI,Successful,Online
64580,Credit Card,Successful,Online
64581,Debit Card,Successful,POS
64582,Debit Card,Successful,Online
64583,Credit Card,Successful,Online
64584,Debit Card,Successful,Online
64585,Net Banking,Successful,Online
64586,Net Banking,Failed,Online
64587,Debit Card,Failed,POS
64588,Credit Card,Refunded,POS
64589,Credit Card,Failed,Online
64590,UPI,Failed,Online
64591,UPI,Successful,Online
64592,Credit Card,Successful,POS
64593,UPI,Failed,Online
64594,Credit Card,Successful,Online
64595,Credit Card,Successful,POS
64596,Credit Card,Failed,POS
64597,UPI,Successful,Online
64598,UPI,Successful,Online
64599,UPI,Refunded,Online
64600,UPI,Successful,Online
64601,Wallet,Successful,Online
64602,UPI,Refunded,Online
64603,UPI,Successful,POS
64604,UPI,Refunded,Online
64605,Credit Card,Refunded,POS
64606,Debit Card,Refunded,POS
64607,UPI,Successful,Online
64608,Net Banking,Successful,POS
64609,Debit Card,Successful,Online
64610,UPI,Failed,Online
64611,Credit Card,Failed,Online
64612,Credit Card,Failed,Online
64613,UPI,Successful,Online
64614,Debit Card,Failed,POS
64615,UPI,Successful,Online
64616,Credit Card,Failed,POS
64617,Credit Card,Failed,Online
64618,Credit Card,Successful,POS
64619,Net Banking,Successful,Online
64620,UPI,Successful,POS
64621,UPI,Successful,Online
64622,Credit Card,Refunded,Online
64623,UPI,Successful,Online
64624,UPI,Successful,Online
64625,Credit Card,Successful,Online
64626,UPI,Successful,POS
64627,UPI,Successful,Online
64628,UPI,Successful,Online
64629,UPI,Successful,Online
64630,Credit Card,Successful,Online
64631,UPI,Successful,Online
64632,Wallet,Successful,Online
64633,UPI,Successful,Online
64634,Debit Card,Successful,POS
64635,Debit Card,Successful,Online
64636,UPI,Successful,Online
64637,Debit Card,Refunded,Online
64638,Net Banking,Successful,POS
64639,UPI,Successful,POS
64640,Wallet,Successful,Online
64641,UPI,Successful,POS
64642,UPI,Successful,Online
64643,Debit Card,Successful,Online
64644,UPI,Successful,Online
64645,Debit Card,Successful,POS
64646,Net Banking,Refunded,Online
64647,Wallet,Successful,POS
64648,Credit Card,Successful,Online
64649,Wallet,Successful,POS
64650,Credit Card,Successful,POS
64651,UPI,Failed,Online
64652,Credit Card,Refunded,POS
64653,Credit Card,Refunded,Online
64654,Credit Card,Refunded,Online
64655,Credit Card,Successful,POS
64656,Credit Card,Successful,Online
64657,Credit Card,Successful,Online
64658,Wallet,Refunded,POS
64659,Credit Card,Failed,Online
64660,UPI,Failed,Online
64661,Debit Card,Successful,Online
64662,UPI,Failed,Online
64663,Debit Card,Refunded,Online
64664,UPI,Successful,Online
64665,UPI,Refunded,Online
64666,UPI,Successful,Online
64667,UPI,Refunded,Online
64668,Debit Card,Successful,Online
64669,Credit Card,Refunded,Online
64670,Net Banking,Successful,Online
64671,Credit Card,Successful,POS
64672,UPI,Failed,Online
64673,Debit Card,Successful,POS
64674,Credit Card,Failed,POS
64675,Debit Card,Refunded,Online
64676,Credit Card,Failed,Online
64677,UPI,Successful,POS
64678,Debit Card,Successful,POS
64679,Credit Card,Failed,Online
64680,Credit Card,Refunded,Online
64681,Net Banking,Failed,Online
64682,UPI,Failed,Online
64683,Credit Card,Successful,Online
64684,UPI,Refunded,Online
64685,UPI,Refunded,Online
64686,Credit Card,Successful,Online
64687,Credit Card,Successful,POS
64688,Credit Card,Successful,POS
64689,Credit Card,Successful,Online
64690,Net Banking,Successful,Online
64691,UPI,Successful,Online
64692,UPI,Refunded,POS
64693,Debit Card,Refunded,POS
64694,Net Banking,Successful,Online
64695,Credit Card,Successful,Online
64696,Net Banking,Successful,Online
64697,UPI,Refunded,Online
64698,UPI,Successful,Online
64699,Net Banking,Successful,Online
64700,Net Banking,Successful,Online
64701,UPI,Successful,POS
64702,UPI,Failed,POS
64703,UPI,Successful,Online
64704,UPI,Successful,POS
64705,Debit Card,Successful,Online
64706,Credit Card,Successful,Online
64707,Credit Card,Successful,POS
64708,Credit Card,Successful,Online
64709,Net Banking,Failed,Online
64710,UPI,Refunded,POS
64711,Debit Card,Failed,POS
64712,Net Banking,Successful,Online
64713,UPI,Successful,Online
64714,Net Banking,Successful,Online
64715,Debit Card,Successful,Online
64716,UPI,Successful,Online
64717,UPI,Refunded,Online
64718,Credit Card,Successful,POS
64719,Credit Card,Successful,Online
64720,Credit Card,Successful,Online
64721,UPI,Failed,Online
64722,Debit Card,Successful,Online
64723,UPI,Successful,Online
64724,Credit Card,Refunded,Online
64725,UPI,Refunded,Online
64726,Debit Card,Successful,Online
64727,UPI,Refunded,Online
64728,UPI,Successful,Online
64729,UPI,Successful,Online
64730,UPI,Failed,Online
64731,UPI,Successful,Online
64732,Credit Card,Successful,Online
64733,Debit Card,Successful,POS
64734,Debit Card,Successful,POS
64735,Credit Card,Refunded,Online
64736,UPI,Successful,Online
64737,Wallet,Successful,POS
64738,UPI,Failed,Online
64739,Debit Card,Refunded,Online
64740,Net Banking,Failed,POS
64741,Debit Card,Successful,Online
64742,UPI,Successful,POS
64743,UPI,Successful,Online
64744,UPI,Failed,Online
64745,Credit Card,Refunded,POS
64746,Credit Card,Successful,Online
64747,Debit Card,Successful,Online
64748,UPI,Successful,POS
64749,Debit Card,Failed,Online
64750,Debit Card,Successful,Online
64751,UPI,Refunded,Online
64752,UPI,Successful,Online
64753,Credit Card,Successful,Online
64754,Credit Card,Successful,Online
64755,UPI,Successful,Online
64756,UPI,Successful,POS
64757,Debit Card,Successful,Online
64758,UPI,Successful,Online
64759,UPI,Successful,Online
64760,Net Banking,Successful,Online
64761,Credit Card,Failed,Online
64762,Credit Card,Successful,POS
64763,Credit Card,Successful,Online
64764,Credit Card,Failed,Online
64765,Credit Card,Successful,Online
64766,Wallet,Refunded,Online
64767,UPI,Successful,Online
64768,UPI,Successful,POS
64769,UPI,Successful,Online
64770,Debit Card,Successful,Online
64771,Credit Card,Successful,Online
64772,UPI,Successful,POS
64773,UPI,Refunded,Online
64774,UPI,Successful,Online
64775,UPI,Successful,POS
64776,Wallet,Successful,Online
64777,Debit Card,Failed,Online
64778,UPI,Successful,Online
64779,UPI,Successful,POS
64780,UPI,Successful,Online
64781,Debit Card,Successful,Online
64782,Credit Card,Failed,POS
64783,Wallet,Failed,Online
64784,Debit Card,Successful,Online
64785,Credit Card,Successful,Online
64786,Debit Card,Successful,Online
64787,Debit Card,Successful,Online
64788,UPI,Successful,Online
64789,Credit Card,Failed,Online
64790,Credit Card,Successful,Online
64791,Credit Card,Successful,Online
64792,UPI,Refunded,Online
64793,UPI,Refunded,Online
64794,UPI,Failed,Online
64795,UPI,Refunded,Online
64796,Net Banking,Successful,Online
64797,Debit Card,Successful,Online
64798,Debit Card,Successful,POS
64799,Credit Card,Successful,Online
64800,Debit Card,Successful,Online
64801,Wallet,Successful,Online
64802,Credit Card,Successful,POS
64803,Debit Card,Refunded,Online
64804,UPI,Refunded,Online
64805,Net Banking,Failed,Online
64806,Net Banking,Refunded,POS
64807,Net Banking,Successful,Online
64808,UPI,Refunded,Online
64809,UPI,Successful,Online
64810,UPI,Refunded,POS
64811,Credit Card,Successful,Online
64812,Credit Card,Failed,POS
64813,UPI,Successful,Online
64814,Debit Card,Successful,POS
64815,UPI,Successful,POS
64816,Net Banking,Successful,Online
64817,UPI,Successful,Online
64818,UPI,Failed,Online
64819,Credit Card,Successful,POS
64820,Credit Card,Failed,Online
64821,UPI,Successful,Online
64822,Net Banking,Successful,POS
64823,Credit Card,Refunded,Online
64824,Net Banking,Failed,Online
64825,Net Banking,Refunded,POS
64826,Credit Card,Successful,Online
64827,Net Banking,Successful,Online
64828,Net Banking,Refunded,Online
64829,Wallet,Refunded,Online
64830,Net Banking,Successful,Online
64831,Net Banking,Successful,Online
64832,Credit Card,Successful,Online
64833,UPI,Successful,POS
64834,Net Banking,Failed,Online
64835,Debit Card,Successful,POS
64836,UPI,Successful,Online
64837,UPI,Failed,Online
64838,Debit Card,Successful,POS
64839,Credit Card,Successful,Online
64840,UPI,Successful,Online
64841,UPI,Refunded,Online
64842,Debit Card,Successful,Online
64843,UPI,Refunded,Online
64844,Credit Card,Successful,Online
64845,Debit Card,Refunded,Online
64846,Debit Card,Successful,Online
64847,UPI,Refunded,POS
64848,UPI,Successful,Online
64849,Credit Card,Successful,Online
64850,Debit Card,Failed,POS
64851,UPI,Failed,Online
64852,UPI,Failed,Online
64853,Net Banking,Successful,Online
64854,Wallet,Failed,Online
64855,Credit Card,Failed,POS
64856,UPI,Refunded,Online
64857,UPI,Failed,Online
64858,UPI,Successful,Online
64859,UPI,Refunded,Online
64860,Credit Card,Successful,Online
64861,Credit Card,Successful,Online
64862,UPI,Failed,Online
64863,Net Banking,Successful,POS
64864,Credit Card,Successful,Online
64865,Credit Card,Refunded,POS
64866,Wallet,Successful,Online
64867,Credit Card,Successful,Online
64868,Net Banking,Failed,Online
64869,UPI,Successful,POS
64870,UPI,Successful,Online
64871,Credit Card,Refunded,Online
64872,Credit Card,Failed,Online
64873,UPI,Refunded,POS
64874,Debit Card,Failed,Online
64875,UPI,Successful,Online
64876,Debit Card,Successful,POS
64877,Credit Card,Successful,Online
64878,Debit Card,Successful,Online
64879,Credit Card,Failed,POS
64880,Wallet,Successful,Online
64881,UPI,Successful,Online
64882,Wallet,Successful,Online
64883,UPI,Successful,Online
64884,Debit Card,Failed,POS
64885,Credit Card,Successful,Online
64886,Net Banking,Failed,Online
64887,Debit Card,Successful,Online
64888,Debit Card,Refunded,Online
64889,UPI,Failed,Online
64890,Net Banking,Successful,Online
64891,UPI,Refunded,POS
64892,UPI,Failed,Online
64893,UPI,Successful,Online
64894,Credit Card,Refunded,Online
64895,Debit Card,Failed,POS
64896,UPI,Successful,Online
64897,UPI,Successful,Online
64898,Credit Card,Refunded,POS
64899,Wallet,Successful,POS
64900,Credit Card,Successful,Online
64901,Debit Card,Successful,Online
64902,Credit Card,Successful,Online
64903,Debit Card,Failed,Online
64904,Wallet,Failed,Online
64905,Credit Card,Successful,POS
64906,Credit Card,Successful,Online
64907,Net Banking,Successful,POS
64908,Wallet,Refunded,Online
64909,UPI,Successful,Online
64910,Credit Card,Successful,Online
64911,Debit Card,Failed,POS
64912,Credit Card,Failed,Online
64913,Credit Card,Successful,Online
64914,Debit Card,Successful,Online
64915,UPI,Failed,POS
64916,UPI,Refunded,Online
64917,Wallet,Successful,Online
64918,Credit Card,Failed,Online
64919,Net Banking,Successful,Online
64920,Debit Card,Successful,POS
64921,Debit Card,Successful,Online
64922,Net Banking,Successful,Online
64923,UPI,Successful,Online
64924,Credit Card,Successful,POS
64925,Credit Card,Failed,Online
64926,Credit Card,Failed,Online
64927,UPI,Successful,Online
64928,UPI,Successful,Online
64929,UPI,Successful,Online
64930,Credit Card,Successful,Online
64931,Wallet,Successful,Online
64932,Wallet,Successful,POS
64933,UPI,Successful,Online
64934,UPI,Successful,Online
64935,UPI,Refunded,Online
64936,Credit Card,Failed,Online
64937,Net Banking,Successful,Online
64938,Net Banking,Refunded,Online
64939,UPI,Successful,Online
64940,UPI,Refunded,Online
64941,UPI,Failed,Online
64942,UPI,Failed,Online
64943,Debit Card,Failed,Online
64944,Credit Card,Refunded,Online
64945,Debit Card,Successful,POS
64946,Credit Card,Successful,Online
64947,UPI,Successful,Online
64948,UPI,Successful,Online
64949,UPI,Successful,Online
64950,Debit Card,Successful,POS
64951,Net Banking,Failed,Online
64952,Debit Card,Successful,Online
64953,UPI,Refunded,Online
64954,Debit Card,Failed,Online
64955,UPI,Successful,POS
64956,UPI,Successful,Online
64957,Credit Card,Refunded,Online
64958,Credit Card,Refunded,Online
64959,Debit Card,Successful,POS
64960,Debit Card,Successful,POS
64961,UPI,Successful,Online
64962,UPI,Successful,Online
64963,UPI,Failed,POS
64964,UPI,Failed,Online
64965,UPI,Successful,Online
64966,Debit Card,Failed,Online
64967,UPI,Successful,Online
64968,Net Banking,Failed,POS
64969,Credit Card,Failed,Online
64970,UPI,Successful,POS
64971,Credit Card,Refunded,Online
64972,Debit Card,Successful,Online
64973,Credit Card,Successful,Online
64974,UPI,Refunded,Online
64975,Net Banking,Successful,Online
64976,UPI,Refunded,Online
64977,Net Banking,Refunded,POS
64978,UPI,Refunded,Online
64979,Debit Card,Failed,Online
64980,Credit Card,Refunded,Online
64981,Credit Card,Failed,Online
64982,UPI,Refunded,Online
64983,UPI,Failed,Online
64984,Debit Card,Refunded,Online
64985,Net Banking,Successful,Online
64986,Credit Card,Successful,Online
64987,UPI,Refunded,Online
64988,UPI,Successful,POS
64989,Debit Card,Successful,Online
64990,UPI,Successful,Online
64991,UPI,Refunded,POS
64992,Debit Card,Successful,Online
64993,Credit Card,Successful,Online
64994,UPI,Successful,Online
64995,UPI,Refunded,Online
64996,Debit Card,Successful,Online
64997,UPI,Refunded,Online
64998,Net Banking,Successful,Online
64999,UPI,Refunded,POS
65000,UPI,Successful,POS
65001,Debit Card,Failed,Online
65002,Credit Card,Successful,Online
65003,UPI,Successful,Online
65004,Credit Card,Successful,Online
65005,UPI,Successful,Online
65006,Debit Card,Refunded,Online
65007,UPI,Successful,POS
65008,Debit Card,Successful,Online
65009,Credit Card,Successful,Online
65010,Debit Card,Successful,Online
65011,Debit Card,Refunded,Online
65012,Credit Card,Failed,POS
65013,Credit Card,Successful,Online
65014,Credit Card,Refunded,Online
65015,UPI,Successful,Online
65016,Debit Card,Successful,Online
65017,Debit Card,Refunded,Online
65018,UPI,Failed,POS
65019,Net Banking,Refunded,Online
65020,Credit Card,Refunded,POS
65021,Credit Card,Successful,Online
65022,UPI,Successful,Online
65023,Credit Card,Successful,Online
65024,Credit Card,Failed,POS
65025,UPI,Successful,Online
65026,Credit Card,Successful,Online
65027,Wallet,Failed,Online
65028,Debit Card,Successful,Online
65029,Credit Card,Successful,Online
65030,Credit Card,Refunded,POS
65031,UPI,Refunded,Online
65032,Wallet,Refunded,Online
65033,Net Banking,Successful,Online
65034,Debit Card,Successful,Online
65035,UPI,Successful,POS
65036,UPI,Failed,Online
65037,UPI,Successful,Online
65038,Credit Card,Refunded,POS
65039,UPI,Successful,POS
65040,Debit Card,Successful,POS
65041,Credit Card,Successful,POS
65042,UPI,Successful,POS
65043,Debit Card,Successful,Online
65044,UPI,Failed,Online
65045,Net Banking,Failed,POS
65046,UPI,Refunded,POS
65047,UPI,Successful,Online
65048,UPI,Failed,Online
65049,Wallet,Successful,Online
65050,Credit Card,Successful,POS
65051,Credit Card,Failed,POS
65052,UPI,Successful,Online
65053,Debit Card,Successful,Online
65054,UPI,Refunded,Online
65055,Wallet,Successful,Online
65056,Wallet,Failed,POS
65057,Debit Card,Successful,Online
65058,Wallet,Successful,Online
65059,UPI,Failed,Online
65060,UPI,Successful,Online
65061,UPI,Successful,POS
65062,UPI,Refunded,Online
65063,Wallet,Successful,POS
65064,UPI,Successful,Online
65065,Net Banking,Failed,Online
65066,Debit Card,Successful,POS
65067,UPI,Successful,Online
65068,UPI,Successful,Online
65069,UPI,Failed,Online
65070,UPI,Refunded,POS
65071,Credit Card,Successful,Online
65072,Credit Card,Failed,Online
65073,Credit Card,Successful,Online
65074,Debit Card,Refunded,Online
65075,UPI,Successful,Online
65076,UPI,Refunded,Online
65077,Debit Card,Refunded,POS
65078,UPI,Refunded,Online
65079,UPI,Successful,POS
65080,Debit Card,Failed,Online
65081,Net Banking,Successful,Online
65082,Net Banking,Successful,POS
65083,UPI,Successful,POS
65084,Credit Card,Successful,POS
65085,UPI,Successful,Online
65086,Wallet,Successful,POS
65087,UPI,Successful,Online
65088,UPI,Successful,Online
65089,Net Banking,Successful,POS
65090,Wallet,Failed,Online
65091,Debit Card,Successful,Online
65092,UPI,Failed,Online
65093,Credit Card,Failed,Online
65094,Debit Card,Successful,POS
65095,Credit Card,Successful,Online
65096,UPI,Refunded,Online
65097,UPI,Refunded,POS
65098,Net Banking,Successful,Online
65099,Credit Card,Successful,POS
65100,Debit Card,Successful,Online
65101,UPI,Successful,Online
65102,Credit Card,Successful,POS
65103,Wallet,Failed,Online
65104,UPI,Failed,Online
65105,Debit Card,Refunded,POS
65106,UPI,Successful,Online
65107,UPI,Successful,Online
65108,Debit Card,Successful,Online
65109,Net Banking,Successful,Online
65110,Debit Card,Failed,POS
65111,UPI,Successful,Online
65112,UPI,Failed,Online
65113,Net Banking,Successful,Online
65114,UPI,Successful,Online
65115,Debit Card,Successful,Online
65116,UPI,Failed,Online
65117,Net Banking,Successful,Online
65118,Net Banking,Successful,Online
65119,UPI,Successful,Online
65120,Debit Card,Refunded,POS
65121,UPI,Successful,Online
65122,UPI,Refunded,Online
65123,Credit Card,Successful,Online
65124,Credit Card,Successful,Online
65125,UPI,Successful,Online
65126,Credit Card,Successful,POS
65127,UPI,Successful,Online
65128,UPI,Failed,Online
65129,Credit Card,Successful,POS
65130,Credit Card,Successful,POS
65131,Debit Card,Successful,Online
65132,Credit Card,Refunded,Online
65133,Net Banking,Successful,POS
65134,Credit Card,Failed,Online
65135,UPI,Successful,Online
65136,Credit Card,Successful,Online
65137,Debit Card,Refunded,Online
65138,Credit Card,Failed,Online
65139,Debit Card,Successful,Online
65140,UPI,Successful,Online
65141,UPI,Failed,POS
65142,Debit Card,Successful,Online
65143,UPI,Refunded,POS
65144,Credit Card,Successful,Online
65145,Credit Card,Failed,Online
65146,Credit Card,Successful,Online
65147,Credit Card,Refunded,POS
65148,UPI,Failed,POS
65149,Wallet,Refunded,Online
65150,Debit Card,Successful,Online
65151,Credit Card,Failed,Online
65152,UPI,Successful,Online
65153,UPI,Successful,Online
65154,Debit Card,Successful,Online
65155,UPI,Refunded,Online
65156,UPI,Successful,Online
65157,UPI,Successful,Online
65158,Credit Card,Successful,Online
65159,Debit Card,Successful,Online
65160,Credit Card,Refunded,Online
65161,Net Banking,Successful,Online
65162,UPI,Refunded,POS
65163,Credit Card,Successful,Online
65164,UPI,Refunded,Online
65165,Credit Card,Failed,Online
65166,Credit Card,Failed,POS
65167,UPI,Successful,Online
65168,Credit Card,Refunded,POS
65169,Net Banking,Refunded,Online
65170,UPI,Failed,POS
65171,Credit Card,Successful,POS
65172,Net Banking,Successful,Online
65173,Credit Card,Successful,Online
65174,Debit Card,Successful,Online
65175,Net Banking,Successful,Online
65176,UPI,Successful,Online
65177,UPI,Refunded,Online
65178,Debit Card,Refunded,Online
65179,Debit Card,Failed,POS
65180,UPI,Refunded,Online
65181,UPI,Refunded,POS
65182,Credit Card,Successful,Online
65183,Net Banking,Successful,Online
65184,Credit Card,Successful,Online
65185,Net Banking,Successful,Online
65186,Wallet,Successful,POS
65187,Debit Card,Successful,Online
65188,Debit Card,Refunded,POS
65189,Credit Card,Successful,Online
65190,UPI,Refunded,Online
65191,Credit Card,Successful,Online
65192,UPI,Successful,Online
65193,UPI,Successful,Online
65194,Debit Card,Successful,POS
65195,Credit Card,Successful,Online
65196,Debit Card,Successful,Online
65197,Credit Card,Failed,Online
65198,UPI,Successful,Online
65199,Credit Card,Successful,Online
65200,Wallet,Refunded,Online
65201,Debit Card,Successful,POS
65202,UPI,Successful,POS
65203,Credit Card,Refunded,Online
65204,Net Banking,Failed,Online
65205,UPI,Successful,Online
65206,UPI,Failed,POS
65207,UPI,Successful,Online
65208,Credit Card,Successful,POS
65209,Credit Card,Successful,Online
65210,UPI,Successful,Online
65211,Credit Card,Successful,Online
65212,UPI,Refunded,Online
65213,Credit Card,Successful,Online
65214,Credit Card,Successful,Online
65215,Credit Card,Successful,Online
65216,UPI,Successful,Online
65217,Credit Card,Successful,POS
65218,Credit Card,Failed,Online
65219,Credit Card,Successful,POS
65220,Credit Card,Successful,POS
65221,Credit Card,Failed,Online
65222,UPI,Successful,POS
65223,UPI,Successful,Online
65224,UPI,Successful,Online
65225,Debit Card,Successful,Online
65226,Credit Card,Successful,Online
65227,Debit Card,Successful,Online
65228,Debit Card,Refunded,Online
65229,Net Banking,Successful,POS
65230,UPI,Successful,Online
65231,UPI,Successful,Online
65232,Net Banking,Successful,Online
65233,UPI,Successful,POS
65234,Credit Card,Refunded,Online
65235,UPI,Failed,POS
65236,Net Banking,Successful,Online
65237,Credit Card,Refunded,Online
65238,UPI,Failed,Online
65239,Debit Card,Successful,Online
65240,UPI,Successful,Online
65241,Wallet,Failed,Online
65242,UPI,Successful,Online
65243,Debit Card,Refunded,Online
65244,UPI,Successful,Online
65245,Debit Card,Successful,POS
65246,Net Banking,Successful,POS
65247,Debit Card,Successful,Online
65248,Net Banking,Refunded,Online
65249,UPI,Failed,Online
65250,Net Banking,Successful,POS
65251,Credit Card,Refunded,Online
65252,Net Banking,Successful,Online
65253,Debit Card,Failed,Online
65254,UPI,Successful,Online
65255,Credit Card,Successful,Online
65256,UPI,Successful,Online
65257,Debit Card,Refunded,Online
65258,Credit Card,Refunded,POS
65259,UPI,Successful,POS
65260,Wallet,Successful,Online
65261,Net Banking,Failed,Online
65262,Net Banking,Failed,Online
65263,Debit Card,Failed,POS
65264,Debit Card,Failed,Online
65265,Debit Card,Successful,Online
65266,UPI,Successful,Online
65267,Net Banking,Refunded,Online
65268,Net Banking,Successful,Online
65269,Debit Card,Successful,Online
65270,Net Banking,Successful,Online
65271,Credit Card,Failed,Online
65272,Credit Card,Successful,Online
65273,Wallet,Refunded,Online
65274,Credit Card,Failed,Online
65275,Credit Card,Successful,Online
65276,UPI,Successful,POS
65277,Credit Card,Refunded,Online
65278,Debit Card,Successful,POS
65279,Credit Card,Successful,Online
65280,Credit Card,Failed,Online
65281,UPI,Successful,POS
65282,Credit Card,Refunded,Online
65283,Net Banking,Successful,POS
65284,UPI,Successful,POS
65285,UPI,Successful,Online
65286,UPI,Successful,Online
65287,Net Banking,Successful,Online
65288,Debit Card,Failed,Online
65289,Wallet,Successful,Online
65290,Credit Card,Failed,POS
65291,Credit Card,Refunded,Online
65292,Debit Card,Failed,Online
65293,UPI,Successful,Online
65294,Credit Card,Successful,Online
65295,Credit Card,Successful,Online
65296,UPI,Successful,Online
65297,UPI,Successful,Online
65298,UPI,Successful,Online
65299,UPI,Refunded,Online
65300,UPI,Successful,Online
65301,Debit Card,Successful,Online
65302,UPI,Failed,POS
65303,UPI,Successful,Online
65304,UPI,Failed,Online
65305,Credit Card,Failed,Online
65306,Credit Card,Successful,POS
65307,Net Banking,Failed,Online
65308,Debit Card,Failed,Online
65309,UPI,Successful,Online
65310,UPI,Successful,POS
65311,UPI,Successful,Online
65312,Wallet,Successful,Online
65313,Debit Card,Successful,POS
65314,UPI,Successful,Online
65315,UPI,Refunded,POS
65316,Credit Card,Failed,Online
65317,UPI,Failed,POS
65318,Debit Card,Successful,Online
65319,Credit Card,Failed,Online
65320,Credit Card,Successful,Online
65321,Credit Card,Failed,Online
65322,UPI,Refunded,Online
65323,Credit Card,Successful,Online
65324,Debit Card,Successful,Online
65325,UPI,Successful,Online
65326,Credit Card,Successful,POS
65327,Net Banking,Refunded,Online
65328,UPI,Refunded,Online
65329,Credit Card,Refunded,Online
65330,UPI,Refunded,Online
65331,Debit Card,Successful,Online
65332,UPI,Refunded,Online
65333,Debit Card,Successful,Online
65334,UPI,Failed,Online
65335,UPI,Successful,Online
65336,Debit Card,Failed,Online
65337,Credit Card,Failed,POS
65338,Net Banking,Successful,Online
65339,Credit Card,Failed,POS
65340,Credit Card,Failed,Online
65341,Debit Card,Successful,Online
65342,UPI,Failed,POS
65343,UPI,Successful,Online
65344,UPI,Successful,POS
65345,UPI,Successful,Online
65346,UPI,Refunded,POS
65347,Wallet,Failed,POS
65348,Debit Card,Successful,Online
65349,Net Banking,Successful,POS
65350,Wallet,Successful,Online
65351,Credit Card,Successful,Online
65352,UPI,Successful,Online
65353,Credit Card,Failed,Online
65354,Net Banking,Failed,POS
65355,Credit Card,Refunded,Online
65356,Credit Card,Refunded,Online
65357,UPI,Failed,Online
65358,Credit Card,Successful,Online
65359,Credit Card,Failed,Online
65360,UPI,Successful,POS
65361,Net Banking,Failed,Online
65362,UPI,Successful,POS
65363,Wallet,Successful,Online
65364,UPI,Successful,Online
65365,Wallet,Successful,Online
65366,Credit Card,Refunded,Online
65367,Debit Card,Successful,Online
65368,UPI,Successful,Online
65369,Debit Card,Failed,Online
65370,Net Banking,Successful,POS
65371,UPI,Failed,POS
65372,UPI,Successful,POS
65373,UPI,Refunded,Online
65374,UPI,Successful,POS
65375,UPI,Refunded,Online
65376,Debit Card,Successful,Online
65377,UPI,Successful,Online
65378,Debit Card,Successful,Online
65379,Net Banking,Successful,Online
65380,Debit Card,Successful,Online
65381,UPI,Successful,Online
65382,Credit Card,Successful,POS
65383,Credit Card,Successful,Online
65384,UPI,Successful,POS
65385,UPI,Failed,POS
65386,Net Banking,Successful,Online
65387,Debit Card,Successful,Online
65388,UPI,Failed,Online
65389,Credit Card,Successful,Online
65390,UPI,Successful,POS
65391,Wallet,Successful,POS
65392,Wallet,Refunded,Online
65393,UPI,Refunded,Online
65394,UPI,Successful,Online
65395,Credit Card,Successful,Online
65396,Credit Card,Successful,Online
65397,UPI,Successful,POS
65398,Debit Card,Successful,Online
65399,UPI,Successful,Online
65400,Debit Card,Successful,POS
65401,Credit Card,Successful,Online
65402,Debit Card,Successful,POS
65403,Debit Card,Refunded,Online
65404,Credit Card,Successful,POS
65405,Debit Card,Successful,Online
65406,Credit Card,Successful,Online
65407,UPI,Refunded,Online
65408,UPI,Successful,Online
65409,UPI,Refunded,Online
65410,UPI,Refunded,POS
65411,Debit Card,Failed,Online
65412,UPI,Refunded,Online
65413,UPI,Failed,Online
65414,Debit Card,Refunded,POS
65415,Debit Card,Refunded,Online
65416,Credit Card,Successful,POS
65417,UPI,Failed,Online
65418,UPI,Successful,Online
65419,Credit Card,Successful,POS
65420,Net Banking,Successful,Online
65421,UPI,Successful,POS
65422,Credit Card,Successful,POS
65423,Wallet,Refunded,POS
65424,Credit Card,Successful,Online
65425,Credit Card,Successful,Online
65426,Debit Card,Successful,Online
65427,Net Banking,Successful,POS
65428,Credit Card,Successful,Online
65429,Net Banking,Failed,Online
65430,Credit Card,Successful,POS
65431,Net Banking,Successful,Online
65432,Wallet,Refunded,Online
65433,Credit Card,Refunded,POS
65434,Credit Card,Successful,Online
65435,Credit Card,Successful,Online
65436,Debit Card,Successful,Online
65437,Net Banking,Successful,Online
65438,UPI,Successful,Online
65439,Debit Card,Successful,Online
65440,Debit Card,Successful,Online
65441,Debit Card,Successful,Online
65442,Debit Card,Successful,Online
65443,UPI,Successful,POS
65444,Credit Card,Successful,Online
65445,Debit Card,Successful,Online
65446,Net Banking,Successful,Online
65447,UPI,Refunded,Online
65448,Credit Card,Successful,POS
65449,Debit Card,Refunded,Online
65450,Debit Card,Successful,POS
65451,Credit Card,Failed,Online
65452,UPI,Successful,POS
65453,Debit Card,Successful,Online
65454,Debit Card,Successful,Online
65455,Debit Card,Refunded,Online
65456,Debit Card,Successful,Online
65457,Credit Card,Successful,POS
65458,Wallet,Successful,Online
65459,Debit Card,Failed,Online
65460,Credit Card,Successful,Online
65461,Net Banking,Successful,Online
65462,Net Banking,Successful,Online
65463,Debit Card,Failed,Online
65464,Credit Card,Refunded,Online
65465,Credit Card,Successful,Online
65466,UPI,Failed,Online
65467,UPI,Successful,POS
65468,Credit Card,Successful,Online
65469,Credit Card,Successful,Online
65470,UPI,Successful,Online
65471,Net Banking,Failed,POS
65472,Credit Card,Failed,Online
65473,Credit Card,Refunded,Online
65474,Credit Card,Successful,POS
65475,UPI,Refunded,POS
65476,Net Banking,Refunded,Online
65477,UPI,Successful,POS
65478,Credit Card,Successful,Online
65479,Credit Card,Failed,Online
65480,Credit Card,Successful,Online
65481,Credit Card,Successful,Online
65482,UPI,Refunded,POS
65483,UPI,Successful,Online
65484,Credit Card,Successful,POS
65485,Debit Card,Successful,Online
65486,Credit Card,Successful,Online
65487,UPI,Successful,Online
65488,UPI,Failed,Online
65489,Debit Card,Failed,Online
65490,Credit Card,Successful,Online
65491,UPI,Failed,Online
65492,Debit Card,Successful,POS
65493,UPI,Successful,Online
65494,Credit Card,Successful,Online
65495,UPI,Successful,POS
65496,Net Banking,Successful,Online
65497,UPI,Successful,Online
65498,Credit Card,Successful,POS
65499,Wallet,Successful,Online
65500,UPI,Refunded,Online
65501,Credit Card,Successful,Online
65502,UPI,Successful,Online
65503,UPI,Successful,POS
65504,Credit Card,Successful,POS
65505,Net Banking,Successful,Online
65506,Credit Card,Failed,Online
65507,Credit Card,Refunded,Online
65508,Credit Card,Refunded,POS
65509,Credit Card,Failed,Online
65510,Credit Card,Successful,POS
65511,UPI,Successful,Online
65512,UPI,Refunded,POS
65513,Credit Card,Failed,Online
65514,Net Banking,Failed,POS
65515,UPI,Successful,Online
65516,Credit Card,Failed,Online
65517,UPI,Successful,Online
65518,UPI,Successful,Online
65519,Credit Card,Refunded,POS
65520,Debit Card,Successful,Online
65521,Credit Card,Successful,Online
65522,UPI,Failed,Online
65523,Net Banking,Successful,Online
65524,UPI,Successful,Online
65525,Debit Card,Successful,POS
65526,Debit Card,Failed,POS
65527,Debit Card,Failed,Online
65528,Net Banking,Successful,POS
65529,Debit Card,Successful,Online
65530,UPI,Refunded,Online
65531,UPI,Failed,POS
65532,Credit Card,Failed,Online
65533,UPI,Successful,POS
65534,Net Banking,Refunded,Online
65535,UPI,Refunded,Online
65536,Debit Card,Refunded,Online
65537,Debit Card,Refunded,Online
65538,Net Banking,Successful,POS
65539,Credit Card,Successful,POS
65540,Debit Card,Refunded,Online
65541,UPI,Successful,Online
65542,Debit Card,Successful,Online
65543,UPI,Successful,Online
65544,Net Banking,Refunded,Online
65545,UPI,Successful,Online
65546,UPI,Successful,Online
65547,Credit Card,Successful,POS
65548,Debit Card,Successful,Online
65549,Debit Card,Failed,Online
65550,UPI,Successful,Online
65551,UPI,Refunded,Online
65552,UPI,Refunded,Online
65553,Credit Card,Successful,POS
65554,Credit Card,Refunded,Online
65555,Credit Card,Failed,Online
65556,Debit Card,Failed,Online
65557,Credit Card,Refunded,Online
65558,Wallet,Successful,Online
65559,UPI,Refunded,POS
65560,Credit Card,Refunded,Online
65561,Credit Card,Successful,Online
65562,UPI,Failed,Online
65563,Credit Card,Successful,Online
65564,UPI,Successful,Online
65565,UPI,Successful,Online
65566,Credit Card,Successful,POS
65567,Credit Card,Successful,Online
65568,UPI,Successful,POS
65569,Credit Card,Refunded,POS
65570,Credit Card,Successful,Online
65571,UPI,Successful,Online
65572,UPI,Successful,Online
65573,Credit Card,Successful,Online
65574,Debit Card,Successful,Online
65575,Wallet,Successful,Online
65576,UPI,Failed,Online
65577,UPI,Failed,Online
65578,UPI,Refunded,Online
65579,Credit Card,Successful,Online
65580,Credit Card,Successful,Online
65581,Credit Card,Successful,Online
65582,Debit Card,Successful,Online
65583,Debit Card,Refunded,Online
65584,Wallet,Successful,Online
65585,UPI,Successful,Online
65586,UPI,Failed,POS
65587,UPI,Refunded,Online
65588,UPI,Successful,Online
65589,Net Banking,Failed,Online
65590,UPI,Failed,Online
65591,Credit Card,Successful,Online
65592,UPI,Refunded,Online
65593,UPI,Refunded,Online
65594,UPI,Successful,Online
65595,UPI,Successful,POS
65596,Credit Card,Successful,Online
65597,Wallet,Successful,Online
65598,Credit Card,Failed,Online
65599,Credit Card,Successful,Online
65600,UPI,Successful,POS
65601,Net Banking,Successful,Online
65602,UPI,Successful,POS
65603,Net Banking,Refunded,POS
65604,Credit Card,Successful,Online
65605,UPI,Successful,Online
65606,Credit Card,Refunded,Online
65607,Wallet,Successful,Online
65608,UPI,Failed,Online
65609,UPI,Successful,Online
65610,UPI,Refunded,Online
65611,Credit Card,Successful,Online
65612,UPI,Refunded,POS
65613,Debit Card,Failed,Online
65614,Net Banking,Successful,POS
65615,Net Banking,Successful,POS
65616,UPI,Refunded,Online
65617,Credit Card,Refunded,Online
65618,UPI,Successful,Online
65619,Credit Card,Successful,Online
65620,Debit Card,Successful,Online
65621,Credit Card,Successful,Online
65622,Net Banking,Failed,Online
65623,Debit Card,Refunded,Online
65624,UPI,Successful,Online
65625,Credit Card,Successful,POS
65626,UPI,Refunded,POS
65627,Credit Card,Successful,Online
65628,UPI,Refunded,Online
65629,Net Banking,Successful,Online
65630,Credit Card,Successful,Online
65631,Debit Card,Successful,Online
65632,Debit Card,Refunded,Online
65633,Debit Card,Successful,Online
65634,Debit Card,Successful,Online
65635,UPI,Failed,Online
65636,Debit Card,Failed,POS
65637,Credit Card,Successful,POS
65638,Credit Card,Successful,POS
65639,UPI,Successful,POS
65640,UPI,Successful,Online
65641,Net Banking,Successful,Online
65642,UPI,Successful,Online
65643,Credit Card,Failed,Online
65644,UPI,Successful,Online
65645,UPI,Successful,Online
65646,UPI,Successful,Online
65647,Credit Card,Failed,POS
65648,Net Banking,Successful,Online
65649,UPI,Failed,POS
65650,UPI,Successful,Online
65651,Credit Card,Successful,Online
65652,UPI,Successful,Online
65653,Net Banking,Successful,Online
65654,UPI,Failed,Online
65655,Credit Card,Refunded,POS
65656,Credit Card,Successful,Online
65657,Debit Card,Successful,Online
65658,Credit Card,Refunded,Online
65659,UPI,Failed,Online
65660,UPI,Successful,POS
65661,Net Banking,Successful,Online
65662,Debit Card,Successful,Online
65663,UPI,Successful,Online
65664,Net Banking,Failed,Online
65665,Credit Card,Successful,Online
65666,Credit Card,Successful,Online
65667,UPI,Failed,Online
65668,Debit Card,Refunded,POS
65669,UPI,Successful,Online
65670,Debit Card,Failed,POS
65671,UPI,Successful,Online
65672,Debit Card,Failed,Online
65673,UPI,Refunded,Online
65674,UPI,Failed,Online
65675,UPI,Refunded,Online
65676,UPI,Refunded,Online
65677,Credit Card,Failed,POS
65678,UPI,Successful,Online
65679,Wallet,Successful,Online
65680,Credit Card,Successful,Online
65681,Credit Card,Failed,Online
65682,UPI,Failed,Online
65683,Credit Card,Successful,Online
65684,UPI,Successful,Online
65685,Debit Card,Refunded,POS
65686,UPI,Successful,Online
65687,Debit Card,Failed,Online
65688,UPI,Successful,Online
65689,Wallet,Successful,Online
65690,UPI,Failed,Online
65691,UPI,Successful,Online
65692,Credit Card,Successful,Online
65693,Wallet,Successful,Online
65694,Credit Card,Refunded,Online
65695,UPI,Refunded,Online
65696,Credit Card,Successful,Online
65697,Net Banking,Successful,Online
65698,UPI,Successful,Online
65699,UPI,Successful,Online
65700,Debit Card,Failed,Online
65701,Net Banking,Successful,Online
65702,Debit Card,Successful,Online
65703,Wallet,Successful,Online
65704,UPI,Successful,POS
65705,Credit Card,Successful,Online
65706,Debit Card,Successful,Online
65707,Debit Card,Successful,Online
65708,Debit Card,Successful,POS
65709,Net Banking,Successful,POS
65710,UPI,Failed,POS
65711,UPI,Failed,Online
65712,UPI,Successful,Online
65713,Debit Card,Failed,Online
65714,UPI,Successful,Online
65715,Debit Card,Refunded,Online
65716,UPI,Successful,POS
65717,UPI,Failed,Online
65718,Credit Card,Successful,POS
65719,Debit Card,Successful,POS
65720,UPI,Failed,Online
65721,Debit Card,Failed,Online
65722,Credit Card,Failed,Online
65723,UPI,Successful,Online
65724,UPI,Successful,Online
65725,Debit Card,Refunded,Online
65726,Credit Card,Failed,POS
65727,Net Banking,Successful,Online
65728,Credit Card,Successful,Online
65729,UPI,Refunded,POS
65730,UPI,Successful,POS
65731,UPI,Refunded,POS
65732,Credit Card,Refunded,POS
65733,Credit Card,Successful,Online
65734,Debit Card,Successful,POS
65735,UPI,Successful,Online
65736,UPI,Failed,POS
65737,UPI,Refunded,Online
65738,UPI,Successful,Online
65739,Credit Card,Successful,Online
65740,Wallet,Successful,Online
65741,Debit Card,Failed,Online
65742,Debit Card,Failed,Online
65743,UPI,Successful,Online
65744,UPI,Successful,Online
65745,UPI,Successful,Online
65746,UPI,Successful,POS
65747,Credit Card,Refunded,Online
65748,UPI,Refunded,Online
65749,Net Banking,Successful,Online
65750,Wallet,Refunded,Online
65751,UPI,Failed,POS
65752,Debit Card,Successful,Online
65753,Debit Card,Refunded,Online
65754,UPI,Successful,Online
65755,Net Banking,Failed,Online
65756,UPI,Successful,Online
65757,Debit Card,Refunded,Online
65758,UPI,Refunded,POS
65759,UPI,Failed,POS
65760,Credit Card,Successful,Online
65761,Net Banking,Successful,Online
65762,UPI,Successful,Online
65763,UPI,Failed,Online
65764,Credit Card,Refunded,Online
65765,UPI,Failed,Online
65766,Debit Card,Successful,Online
65767,Debit Card,Successful,Online
65768,Net Banking,Refunded,Online
65769,Debit Card,Successful,Online
65770,Net Banking,Successful,Online
65771,Debit Card,Successful,Online
65772,Net Banking,Successful,Online
65773,UPI,Refunded,Online
65774,Credit Card,Failed,Online
65775,Wallet,Successful,Online
65776,Debit Card,Successful,Online
65777,Net Banking,Refunded,Online
65778,UPI,Refunded,Online
65779,Net Banking,Successful,Online
65780,Debit Card,Successful,POS
65781,UPI,Successful,Online
65782,UPI,Failed,POS
65783,UPI,Refunded,Online
65784,Net Banking,Successful,POS
65785,Debit Card,Successful,Online
65786,Net Banking,Successful,Online
65787,Credit Card,Successful,POS
65788,Net Banking,Failed,Online
65789,Credit Card,Failed,POS
65790,UPI,Refunded,Online
65791,UPI,Failed,POS
65792,Wallet,Failed,POS
65793,UPI,Successful,Online
65794,UPI,Successful,POS
65795,UPI,Failed,POS
65796,UPI,Refunded,Online
65797,Net Banking,Successful,POS
65798,Credit Card,Successful,POS
65799,Credit Card,Failed,Online
65800,Net Banking,Refunded,Online
65801,Credit Card,Failed,Online
65802,Net Banking,Successful,Online
65803,UPI,Successful,Online
65804,Wallet,Refunded,Online
65805,UPI,Successful,Online
65806,Debit Card,Refunded,POS
65807,Debit Card,Successful,Online
65808,UPI,Successful,POS
65809,Credit Card,Successful,Online
65810,UPI,Failed,POS
65811,UPI,Refunded,POS
65812,Credit Card,Successful,Online
65813,Wallet,Successful,Online
65814,Credit Card,Successful,Online
65815,Credit Card,Successful,Online
65816,UPI,Failed,Online
65817,UPI,Successful,POS
65818,Credit Card,Successful,Online
65819,Wallet,Successful,Online
65820,Net Banking,Successful,Online
65821,UPI,Successful,Online
65822,Credit Card,Successful,POS
65823,Credit Card,Refunded,Online
65824,Debit Card,Successful,POS
65825,Debit Card,Refunded,Online
65826,Debit Card,Refunded,Online
65827,UPI,Successful,Online
65828,Wallet,Refunded,Online
65829,UPI,Successful,Online
65830,Credit Card,Failed,Online
65831,Net Banking,Successful,POS
65832,Credit Card,Successful,POS
65833,UPI,Successful,Online
65834,UPI,Successful,POS
65835,Credit Card,Successful,Online
65836,UPI,Failed,Online
65837,Credit Card,Successful,Online
65838,UPI,Successful,Online
65839,Debit Card,Failed,Online
65840,UPI,Successful,Online
65841,Debit Card,Successful,Online
65842,Credit Card,Failed,POS
65843,Credit Card,Successful,Online
65844,UPI,Successful,Online
65845,Credit Card,Successful,POS
65846,Debit Card,Failed,POS
65847,UPI,Successful,Online
65848,Net Banking,Failed,Online
65849,Net Banking,Failed,Online
65850,UPI,Successful,POS
65851,Credit Card,Successful,Online
65852,Credit Card,Successful,Online
65853,UPI,Successful,POS
65854,UPI,Failed,POS
65855,Wallet,Successful,Online
65856,Credit Card,Successful,POS
65857,Net Banking,Successful,Online
65858,Debit Card,Successful,POS
65859,UPI,Successful,Online
65860,UPI,Failed,Online
65861,Debit Card,Failed,POS
65862,Credit Card,Failed,Online
65863,UPI,Refunded,POS
65864,Credit Card,Successful,Online
65865,Debit Card,Successful,Online
65866,Debit Card,Failed,Online
65867,UPI,Successful,Online
65868,UPI,Refunded,Online
65869,Wallet,Successful,Online
65870,Net Banking,Failed,Online
65871,UPI,Refunded,Online
65872,Net Banking,Successful,Online
65873,UPI,Successful,Online
65874,UPI,Refunded,POS
65875,UPI,Successful,Online
65876,UPI,Successful,Online
65877,Net Banking,Refunded,Online
65878,Credit Card,Refunded,Online
65879,UPI,Successful,Online
65880,Net Banking,Refunded,Online
65881,Debit Card,Refunded,POS
65882,UPI,Successful,Online
65883,Credit Card,Successful,POS
65884,Debit Card,Successful,Online
65885,Debit Card,Successful,Online
65886,Debit Card,Failed,Online
65887,UPI,Refunded,POS
65888,UPI,Successful,Online
65889,Net Banking,Successful,Online
65890,Net Banking,Successful,POS
65891,UPI,Failed,POS
65892,UPI,Failed,POS
65893,Net Banking,Successful,POS
65894,UPI,Failed,Online
65895,UPI,Successful,Online
65896,UPI,Successful,Online
65897,Credit Card,Successful,Online
65898,UPI,Failed,Online
65899,Credit Card,Refunded,Online
65900,UPI,Successful,Online
65901,Wallet,Failed,Online
65902,Net Banking,Successful,Online
65903,Net Banking,Successful,POS
65904,Net Banking,Failed,Online
65905,Debit Card,Successful,Online
65906,UPI,Refunded,Online
65907,UPI,Successful,Online
65908,UPI,Failed,Online
65909,UPI,Successful,POS
65910,Credit Card,Successful,POS
65911,Wallet,Refunded,POS
65912,Credit Card,Refunded,POS
65913,Credit Card,Successful,Online
65914,Debit Card,Successful,Online
65915,UPI,Failed,Online
65916,Net Banking,Successful,Online
65917,Credit Card,Failed,Online
65918,UPI,Successful,Online
65919,Net Banking,Failed,Online
65920,Credit Card,Successful,POS
65921,Credit Card,Failed,Online
65922,Credit Card,Successful,Online
65923,Debit Card,Successful,POS
65924,UPI,Refunded,Online
65925,Net Banking,Successful,Online
65926,Wallet,Successful,Online
65927,Credit Card,Successful,Online
65928,Debit Card,Successful,Online
65929,Net Banking,Refunded,Online
65930,UPI,Successful,POS
65931,Wallet,Successful,Online
65932,Debit Card,Successful,Online
65933,Credit Card,Successful,Online
65934,Debit Card,Successful,POS
65935,Credit Card,Successful,Online
65936,UPI,Refunded,Online
65937,Debit Card,Refunded,Online
65938,Credit Card,Successful,Online
65939,Debit Card,Successful,Online
65940,UPI,Successful,Online
65941,Credit Card,Successful,Online
65942,Debit Card,Failed,Online
65943,Wallet,Successful,Online
65944,Net Banking,Failed,Online
65945,Net Banking,Successful,Online
65946,UPI,Successful,POS
65947,Net Banking,Successful,Online
65948,UPI,Refunded,POS
65949,UPI,Successful,Online
65950,UPI,Successful,Online
65951,Net Banking,Refunded,Online
65952,UPI,Refunded,Online
65953,UPI,Failed,POS
65954,UPI,Successful,POS
65955,Credit Card,Refunded,Online
65956,Net Banking,Successful,Online
65957,Credit Card,Successful,POS
65958,Credit Card,Successful,POS
65959,UPI,Refunded,Online
65960,UPI,Failed,Online
65961,UPI,Successful,Online
65962,Credit Card,Successful,POS
65963,Credit Card,Refunded,Online
65964,UPI,Refunded,Online
65965,Net Banking,Failed,Online
65966,Wallet,Refunded,Online
65967,UPI,Successful,Online
65968,UPI,Successful,POS
65969,Debit Card,Successful,Online
65970,UPI,Successful,Online
65971,UPI,Successful,Online
65972,Credit Card,Refunded,Online
65973,Net Banking,Refunded,Online
65974,Debit Card,Successful,POS
65975,UPI,Successful,Online
65976,UPI,Successful,Online
65977,UPI,Successful,Online
65978,UPI,Successful,POS
65979,Credit Card,Successful,POS
65980,Net Banking,Successful,Online
65981,UPI,Successful,POS
65982,UPI,Failed,Online
65983,UPI,Failed,POS
65984,UPI,Successful,Online
65985,Wallet,Successful,Online
65986,UPI,Successful,POS
65987,UPI,Successful,Online
65988,UPI,Failed,Online
65989,Credit Card,Failed,Online
65990,Net Banking,Successful,Online
65991,UPI,Successful,Online
65992,Credit Card,Refunded,Online
65993,UPI,Successful,POS
65994,Debit Card,Refunded,Online
65995,Credit Card,Successful,Online
65996,Debit Card,Refunded,Online
65997,Credit Card,Refunded,POS
65998,Net Banking,Successful,Online
65999,Credit Card,Successful,POS
66000,Credit Card,Failed,Online
66001,Debit Card,Successful,Online
66002,Credit Card,Successful,Online
66003,UPI,Failed,POS
66004,UPI,Refunded,Online
66005,UPI,Successful,Online
66006,Credit Card,Successful,Online
66007,Credit Card,Refunded,Online
66008,UPI,Successful,Online
66009,Credit Card,Successful,Online
66010,Net Banking,Failed,Online
66011,UPI,Refunded,Online
66012,UPI,Successful,Online
66013,Net Banking,Refunded,Online
66014,Debit Card,Failed,Online
66015,UPI,Successful,Online
66016,Credit Card,Refunded,Online
66017,Debit Card,Failed,Online
66018,Credit Card,Refunded,Online
66019,Credit Card,Successful,Online
66020,Credit Card,Refunded,POS
66021,Debit Card,Failed,Online
66022,UPI,Successful,Online
66023,Debit Card,Failed,POS
66024,Wallet,Refunded,Online
66025,Credit Card,Successful,POS
66026,Debit Card,Successful,POS
66027,UPI,Failed,POS
66028,UPI,Successful,POS
66029,Net Banking,Successful,POS
66030,UPI,Successful,Online
66031,UPI,Successful,POS
66032,Credit Card,Failed,Online
66033,Credit Card,Successful,Online
66034,Credit Card,Failed,Online
66035,UPI,Successful,Online
66036,UPI,Failed,POS
66037,UPI,Successful,Online
66038,Credit Card,Refunded,Online
66039,Credit Card,Failed,Online
66040,Credit Card,Successful,POS
66041,Credit Card,Successful,POS
66042,UPI,Successful,Online
66043,Debit Card,Successful,Online
66044,UPI,Successful,POS
66045,UPI,Successful,Online
66046,Debit Card,Successful,Online
66047,UPI,Successful,Online
66048,Credit Card,Refunded,Online
66049,UPI,Successful,Online
66050,Credit Card,Refunded,POS
66051,UPI,Refunded,Online
66052,Wallet,Successful,POS
66053,UPI,Failed,Online
66054,Credit Card,Successful,Online
66055,Net Banking,Successful,Online
66056,Credit Card,Successful,POS
66057,Credit Card,Failed,Online
66058,Credit Card,Successful,Online
66059,Credit Card,Failed,Online
66060,Debit Card,Successful,Online
66061,UPI,Failed,Online
66062,Net Banking,Successful,Online
66063,Credit Card,Successful,Online
66064,Net Banking,Failed,Online
66065,UPI,Refunded,POS
66066,Net Banking,Failed,POS
66067,UPI,Successful,POS
66068,Debit Card,Refunded,Online
66069,Credit Card,Failed,Online
66070,Debit Card,Failed,Online
66071,Credit Card,Successful,Online
66072,UPI,Refunded,Online
66073,Credit Card,Refunded,Online
66074,UPI,Failed,Online
66075,Credit Card,Successful,Online
66076,Debit Card,Successful,Online
66077,UPI,Successful,Online
66078,Credit Card,Successful,Online
66079,Credit Card,Refunded,Online
66080,UPI,Refunded,Online
66081,Wallet,Successful,POS
66082,Credit Card,Failed,POS
66083,UPI,Failed,Online
66084,UPI,Successful,Online
66085,Credit Card,Failed,Online
66086,UPI,Successful,Online
66087,UPI,Successful,Online
66088,UPI,Successful,Online
66089,Credit Card,Successful,Online
66090,Credit Card,Successful,Online
66091,UPI,Successful,Online
66092,Credit Card,Successful,Online
66093,Wallet,Successful,Online
66094,Wallet,Successful,Online
66095,Net Banking,Successful,POS
66096,Debit Card,Successful,Online
66097,UPI,Failed,Online
66098,UPI,Successful,Online
66099,Credit Card,Successful,Online
66100,Credit Card,Successful,Online
66101,Net Banking,Successful,Online
66102,UPI,Failed,Online
66103,Credit Card,Successful,Online
66104,Credit Card,Successful,POS
66105,Credit Card,Refunded,POS
66106,Credit Card,Refunded,POS
66107,UPI,Successful,Online
66108,Wallet,Successful,Online
66109,Credit Card,Successful,Online
66110,Credit Card,Refunded,Online
66111,UPI,Successful,Online
66112,Credit Card,Failed,Online
66113,UPI,Refunded,Online
66114,UPI,Failed,Online
66115,UPI,Successful,Online
66116,UPI,Successful,Online
66117,Credit Card,Refunded,Online
66118,Credit Card,Successful,Online
66119,Net Banking,Refunded,Online
66120,UPI,Failed,Online
66121,UPI,Successful,Online
66122,Net Banking,Failed,Online
66123,UPI,Failed,Online
66124,UPI,Failed,Online
66125,UPI,Successful,Online
66126,Net Banking,Successful,Online
66127,Debit Card,Successful,Online
66128,UPI,Successful,Online
66129,Debit Card,Failed,Online
66130,Credit Card,Successful,Online
66131,Net Banking,Refunded,Online
66132,UPI,Successful,Online
66133,Debit Card,Failed,Online
66134,UPI,Refunded,Online
66135,Credit Card,Refunded,Online
66136,UPI,Failed,Online
66137,Debit Card,Successful,POS
66138,Debit Card,Refunded,POS
66139,Credit Card,Refunded,Online
66140,Debit Card,Refunded,Online
66141,Credit Card,Refunded,Online
66142,Debit Card,Successful,Online
66143,UPI,Successful,Online
66144,Credit Card,Successful,Online
66145,UPI,Successful,Online
66146,Credit Card,Failed,Online
66147,Debit Card,Successful,Online
66148,Debit Card,Successful,POS
66149,Debit Card,Successful,POS
66150,UPI,Successful,Online
66151,Debit Card,Refunded,POS
66152,UPI,Successful,POS
66153,Wallet,Successful,Online
66154,UPI,Successful,Online
66155,Credit Card,Refunded,Online
66156,Debit Card,Refunded,POS
66157,Net Banking,Successful,POS
66158,Credit Card,Successful,Online
66159,UPI,Successful,Online
66160,Credit Card,Failed,Online
66161,UPI,Successful,Online
66162,Debit Card,Successful,Online
66163,Net Banking,Successful,Online
66164,UPI,Successful,Online
66165,Credit Card,Successful,POS
66166,Net Banking,Successful,POS
66167,UPI,Successful,POS
66168,Credit Card,Successful,Online
66169,Net Banking,Failed,Online
66170,Net Banking,Successful,Online
66171,Credit Card,Refunded,Online
66172,UPI,Failed,POS
66173,UPI,Refunded,POS
66174,Credit Card,Refunded,Online
66175,UPI,Successful,POS
66176,UPI,Failed,POS
66177,Debit Card,Successful,Online
66178,Debit Card,Successful,Online
66179,Net Banking,Successful,POS
66180,UPI,Successful,POS
66181,UPI,Successful,Online
66182,Net Banking,Successful,Online
66183,Debit Card,Failed,Online
66184,Debit Card,Refunded,POS
66185,Wallet,Refunded,Online
66186,Net Banking,Failed,Online
66187,Credit Card,Refunded,POS
66188,UPI,Successful,Online
66189,Credit Card,Successful,Online
66190,Credit Card,Successful,Online
66191,UPI,Successful,Online
66192,Debit Card,Successful,Online
66193,UPI,Successful,Online
66194,Debit Card,Successful,Online
66195,UPI,Failed,POS
66196,Credit Card,Successful,POS
66197,Net Banking,Refunded,POS
66198,UPI,Refunded,Online
66199,Credit Card,Successful,POS
66200,UPI,Successful,Online
66201,Net Banking,Successful,Online
66202,Net Banking,Successful,POS
66203,Net Banking,Successful,Online
66204,Net Banking,Successful,Online
66205,Debit Card,Successful,Online
66206,UPI,Successful,Online
66207,UPI,Successful,Online
66208,Credit Card,Successful,Online
66209,Credit Card,Failed,Online
66210,Debit Card,Successful,Online
66211,UPI,Failed,POS
66212,UPI,Refunded,POS
66213,Credit Card,Successful,Online
66214,UPI,Successful,Online
66215,Debit Card,Successful,Online
66216,Credit Card,Successful,Online
66217,Debit Card,Refunded,POS
66218,UPI,Successful,Online
66219,Wallet,Refunded,POS
66220,UPI,Successful,POS
66221,UPI,Successful,Online
66222,Debit Card,Failed,Online
66223,UPI,Successful,Online
66224,UPI,Successful,Online
66225,UPI,Successful,Online
66226,Credit Card,Successful,POS
66227,Net Banking,Successful,Online
66228,Credit Card,Refunded,POS
66229,Credit Card,Refunded,POS
66230,UPI,Successful,POS
66231,UPI,Successful,Online
66232,UPI,Successful,POS
66233,Net Banking,Refunded,Online
66234,UPI,Successful,Online
66235,Wallet,Successful,Online
66236,UPI,Successful,Online
66237,Debit Card,Successful,Online
66238,Wallet,Refunded,Online
66239,UPI,Successful,Online
66240,Debit Card,Refunded,POS
66241,UPI,Refunded,Online
66242,UPI,Failed,Online
66243,UPI,Successful,Online
66244,Net Banking,Successful,Online
66245,UPI,Successful,Online
66246,UPI,Successful,Online
66247,Wallet,Refunded,Online
66248,UPI,Successful,POS
66249,Credit Card,Successful,Online
66250,Wallet,Successful,Online
66251,UPI,Refunded,POS
66252,UPI,Successful,Online
66253,Net Banking,Successful,Online
66254,UPI,Successful,POS
66255,UPI,Refunded,POS
66256,Credit Card,Successful,Online
66257,Debit Card,Failed,Online
66258,UPI,Successful,POS
66259,UPI,Successful,POS
66260,UPI,Refunded,Online
66261,UPI,Failed,Online
66262,Debit Card,Successful,Online
66263,UPI,Successful,Online
66264,Credit Card,Successful,Online
66265,Credit Card,Successful,Online
66266,UPI,Successful,Online
66267,UPI,Refunded,POS
66268,UPI,Successful,Online
66269,UPI,Successful,Online
66270,Credit Card,Successful,Online
66271,Debit Card,Successful,Online
66272,UPI,Failed,Online
66273,Credit Card,Successful,Online
66274,Wallet,Successful,Online
66275,UPI,Successful,Online
66276,Credit Card,Successful,POS
66277,Debit Card,Successful,Online
66278,UPI,Refunded,Online
66279,Debit Card,Successful,POS
66280,Wallet,Failed,POS
66281,UPI,Successful,Online
66282,Net Banking,Successful,Online
66283,UPI,Successful,Online
66284,UPI,Refunded,Online
66285,Credit Card,Successful,POS
66286,UPI,Successful,POS
66287,Credit Card,Successful,Online
66288,UPI,Failed,Online
66289,Debit Card,Successful,Online
66290,Credit Card,Successful,Online
66291,Credit Card,Successful,Online
66292,UPI,Refunded,Online
66293,UPI,Failed,Online
66294,UPI,Successful,Online
66295,Debit Card,Successful,Online
66296,UPI,Failed,Online
66297,Credit Card,Refunded,Online
66298,UPI,Refunded,Online
66299,Debit Card,Failed,POS
66300,Credit Card,Successful,Online
66301,Credit Card,Failed,Online
66302,Debit Card,Successful,Online
66303,Credit Card,Successful,POS
66304,Net Banking,Failed,Online
66305,Debit Card,Refunded,POS
66306,Credit Card,Successful,POS
66307,Net Banking,Successful,Online
66308,Net Banking,Failed,Online
66309,Credit Card,Successful,Online
66310,UPI,Failed,Online
66311,Credit Card,Successful,POS
66312,UPI,Failed,Online
66313,Credit Card,Refunded,Online
66314,Credit Card,Successful,POS
66315,Credit Card,Successful,POS
66316,Debit Card,Successful,Online
66317,Debit Card,Refunded,Online
66318,UPI,Successful,Online
66319,UPI,Successful,POS
66320,Credit Card,Successful,Online
66321,Credit Card,Failed,Online
66322,Debit Card,Successful,Online
66323,UPI,Successful,Online
66324,UPI,Successful,Online
66325,Credit Card,Successful,POS
66326,Credit Card,Successful,POS
66327,UPI,Refunded,Online
66328,Credit Card,Failed,POS
66329,UPI,Failed,Online
66330,UPI,Successful,Online
66331,UPI,Refunded,POS
66332,Credit Card,Successful,Online
66333,Net Banking,Successful,Online
66334,UPI,Successful,Online
66335,UPI,Successful,POS
66336,Debit Card,Successful,Online
66337,Net Banking,Refunded,Online
66338,UPI,Refunded,Online
66339,Credit Card,Failed,Online
66340,UPI,Failed,POS
66341,UPI,Successful,Online
66342,Credit Card,Failed,Online
66343,Wallet,Successful,Online
66344,Debit Card,Refunded,POS
66345,Wallet,Refunded,Online
66346,Credit Card,Successful,Online
66347,Net Banking,Successful,Online
66348,UPI,Successful,POS
66349,UPI,Successful,Online
66350,Debit Card,Successful,Online
66351,UPI,Failed,Online
66352,UPI,Failed,Online
66353,Debit Card,Successful,Online
66354,UPI,Failed,Online
66355,Credit Card,Refunded,Online
66356,UPI,Failed,Online
66357,Debit Card,Successful,Online
66358,UPI,Refunded,Online
66359,Credit Card,Successful,Online
66360,UPI,Successful,Online
66361,Debit Card,Successful,POS
66362,Credit Card,Successful,Online
66363,UPI,Refunded,Online
66364,UPI,Failed,Online
66365,UPI,Successful,Online
66366,Credit Card,Failed,Online
66367,Credit Card,Refunded,Online
66368,UPI,Successful,Online
66369,Debit Card,Successful,POS
66370,Net Banking,Successful,Online
66371,UPI,Successful,Online
66372,Credit Card,Successful,Online
66373,Credit Card,Failed,POS
66374,Credit Card,Successful,Online
66375,UPI,Failed,Online
66376,UPI,Successful,Online
66377,UPI,Successful,POS
66378,Credit Card,Failed,Online
66379,Credit Card,Successful,Online
66380,UPI,Failed,Online
66381,UPI,Successful,Online
66382,UPI,Refunded,POS
66383,Debit Card,Successful,Online
66384,UPI,Successful,Online
66385,Credit Card,Failed,Online
66386,Debit Card,Successful,POS
66387,Net Banking,Successful,Online
66388,Debit Card,Failed,Online
66389,UPI,Failed,Online
66390,Net Banking,Successful,Online
66391,Debit Card,Successful,Online
66392,Debit Card,Refunded,Online
66393,UPI,Successful,Online
66394,UPI,Successful,Online
66395,Debit Card,Failed,POS
66396,Wallet,Successful,Online
66397,Debit Card,Successful,POS
66398,Net Banking,Refunded,Online
66399,Credit Card,Failed,Online
66400,UPI,Refunded,Online
66401,Debit Card,Refunded,POS
66402,Debit Card,Successful,Online
66403,Debit Card,Successful,Online
66404,Wallet,Successful,Online
66405,UPI,Successful,Online
66406,UPI,Successful,POS
66407,Net Banking,Successful,POS
66408,UPI,Failed,Online
66409,Debit Card,Failed,Online
66410,Net Banking,Successful,POS
66411,UPI,Successful,Online
66412,Net Banking,Successful,POS
66413,UPI,Refunded,Online
66414,Debit Card,Successful,Online
66415,UPI,Successful,Online
66416,Debit Card,Failed,Online
66417,Debit Card,Refunded,Online
66418,Credit Card,Successful,Online
66419,Debit Card,Successful,POS
66420,Net Banking,Refunded,Online
66421,Debit Card,Refunded,Online
66422,Wallet,Successful,Online
66423,Credit Card,Refunded,POS
66424,Credit Card,Successful,POS
66425,UPI,Refunded,Online
66426,Wallet,Successful,Online
66427,UPI,Successful,Online
66428,UPI,Successful,Online
66429,UPI,Successful,Online
66430,Credit Card,Failed,POS
66431,Net Banking,Refunded,Online
66432,UPI,Successful,Online
66433,Net Banking,Failed,POS
66434,Credit Card,Successful,POS
66435,Net Banking,Successful,Online
66436,Credit Card,Refunded,Online
66437,UPI,Failed,Online
66438,Credit Card,Successful,Online
66439,Credit Card,Successful,POS
66440,UPI,Successful,Online
66441,UPI,Failed,Online
66442,UPI,Failed,Online
66443,UPI,Successful,POS
66444,Credit Card,Successful,Online
66445,Credit Card,Successful,Online
66446,Debit Card,Successful,POS
66447,Wallet,Successful,POS
66448,UPI,Successful,Online
66449,Credit Card,Successful,POS
66450,UPI,Successful,Online
66451,Credit Card,Failed,Online
66452,Debit Card,Successful,Online
66453,UPI,Successful,Online
66454,UPI,Successful,Online
66455,UPI,Successful,POS
66456,Debit Card,Successful,Online
66457,Credit Card,Successful,Online
66458,Wallet,Refunded,Online
66459,Net Banking,Failed,Online
66460,UPI,Successful,Online
66461,UPI,Failed,POS
66462,Credit Card,Successful,Online
66463,Credit Card,Refunded,Online
66464,Credit Card,Failed,POS
66465,UPI,Successful,Online
66466,UPI,Successful,Online
66467,UPI,Refunded,Online
66468,Net Banking,Successful,Online
66469,Wallet,Successful,Online
66470,UPI,Refunded,Online
66471,UPI,Successful,POS
66472,UPI,Refunded,Online
66473,Net Banking,Refunded,Online
66474,Wallet,Refunded,Online
66475,UPI,Failed,Online
66476,UPI,Successful,Online
66477,UPI,Successful,Online
66478,Credit Card,Successful,Online
66479,Debit Card,Failed,Online
66480,Credit Card,Successful,Online
66481,Wallet,Refunded,Online
66482,UPI,Failed,POS
66483,Debit Card,Failed,Online
66484,UPI,Successful,Online
66485,UPI,Successful,Online
66486,Debit Card,Successful,Online
66487,Net Banking,Successful,Online
66488,Debit Card,Successful,Online
66489,Debit Card,Refunded,Online
66490,Debit Card,Refunded,Online
66491,UPI,Failed,POS
66492,Debit Card,Successful,Online
66493,Debit Card,Successful,Online
66494,Credit Card,Successful,POS
66495,Credit Card,Successful,POS
66496,Debit Card,Successful,POS
66497,Debit Card,Successful,POS
66498,UPI,Successful,Online
66499,Debit Card,Refunded,Online
66500,Debit Card,Successful,Online
66501,UPI,Failed,Online
66502,Debit Card,Refunded,Online
66503,UPI,Failed,Online
66504,UPI,Failed,Online
66505,Credit Card,Successful,Online
66506,Net Banking,Failed,Online
66507,UPI,Successful,Online
66508,Net Banking,Successful,Online
66509,Credit Card,Successful,Online
66510,Net Banking,Successful,Online
66511,Net Banking,Refunded,Online
66512,Net Banking,Successful,Online
66513,Debit Card,Successful,POS
66514,Net Banking,Successful,Online
66515,UPI,Successful,POS
66516,UPI,Successful,Online
66517,UPI,Successful,Online
66518,Debit Card,Successful,Online
66519,UPI,Successful,Online
66520,UPI,Failed,Online
66521,Net Banking,Successful,Online
66522,Debit Card,Successful,POS
66523,Net Banking,Failed,Online
66524,UPI,Successful,POS
66525,Credit Card,Successful,Online
66526,UPI,Successful,POS
66527,UPI,Successful,Online
66528,UPI,Refunded,POS
66529,UPI,Refunded,Online
66530,UPI,Refunded,Online
66531,Credit Card,Successful,Online
66532,Credit Card,Successful,Online
66533,UPI,Failed,POS
66534,Debit Card,Successful,POS
66535,Debit Card,Successful,Online
66536,Net Banking,Successful,Online
66537,Credit Card,Successful,Online
66538,Wallet,Failed,POS
66539,Net Banking,Successful,Online
66540,Credit Card,Failed,Online
66541,Credit Card,Refunded,Online
66542,UPI,Refunded,POS
66543,Debit Card,Successful,Online
66544,Credit Card,Successful,Online
66545,Net Banking,Refunded,Online
66546,Credit Card,Failed,POS
66547,Wallet,Failed,Online
66548,Net Banking,Successful,Online
66549,Wallet,Refunded,POS
66550,UPI,Successful,Online
66551,UPI,Refunded,POS
66552,Debit Card,Successful,Online
66553,Debit Card,Refunded,Online
66554,UPI,Successful,POS
66555,Debit Card,Successful,POS
66556,Credit Card,Successful,Online
66557,UPI,Failed,Online
66558,Credit Card,Refunded,Online
66559,Net Banking,Failed,POS
66560,Credit Card,Successful,POS
66561,Debit Card,Failed,POS
66562,UPI,Successful,Online
66563,Debit Card,Successful,Online
66564,Wallet,Successful,Online
66565,Credit Card,Refunded,Online
66566,UPI,Successful,Online
66567,Credit Card,Successful,Online
66568,Net Banking,Refunded,POS
66569,UPI,Successful,POS
66570,Credit Card,Successful,POS
66571,UPI,Refunded,Online
66572,Credit Card,Successful,Online
66573,Credit Card,Successful,POS
66574,Wallet,Successful,POS
66575,Credit Card,Successful,Online
66576,Credit Card,Successful,Online
66577,Net Banking,Successful,Online
66578,UPI,Failed,Online
66579,Debit Card,Successful,Online
66580,Debit Card,Refunded,Online
66581,UPI,Refunded,Online
66582,UPI,Failed,Online
66583,Credit Card,Successful,POS
66584,UPI,Refunded,POS
66585,UPI,Successful,POS
66586,Wallet,Successful,POS
66587,Credit Card,Failed,POS
66588,Net Banking,Refunded,Online
66589,UPI,Successful,Online
66590,Net Banking,Successful,Online
66591,Debit Card,Successful,POS
66592,Debit Card,Refunded,POS
66593,Credit Card,Refunded,POS
66594,Credit Card,Failed,Online
66595,Credit Card,Successful,Online
66596,Debit Card,Successful,Online
66597,Net Banking,Successful,POS
66598,UPI,Successful,Online
66599,Net Banking,Failed,Online
66600,Net Banking,Successful,POS
66601,Credit Card,Refunded,POS
66602,UPI,Successful,Online
66603,Debit Card,Successful,Online
66604,Credit Card,Refunded,Online
66605,Debit Card,Failed,Online
66606,Debit Card,Failed,Online
66607,UPI,Successful,Online
66608,Credit Card,Refunded,Online
66609,Credit Card,Successful,Online
66610,Wallet,Failed,Online
66611,UPI,Successful,Online
66612,UPI,Successful,Online
66613,Net Banking,Failed,Online
66614,UPI,Successful,Online
66615,Debit Card,Successful,Online
66616,UPI,Successful,Online
66617,Credit Card,Refunded,Online
66618,Credit Card,Refunded,Online
66619,Credit Card,Failed,POS
66620,Wallet,Successful,POS
66621,UPI,Refunded,Online
66622,Credit Card,Successful,Online
66623,Credit Card,Successful,POS
66624,Credit Card,Successful,Online
66625,Credit Card,Successful,POS
66626,UPI,Successful,Online
66627,Wallet,Successful,POS
66628,Credit Card,Refunded,Online
66629,UPI,Successful,POS
66630,Credit Card,Failed,POS
66631,UPI,Failed,Online
66632,UPI,Successful,Online
66633,UPI,Successful,Online
66634,UPI,Successful,Online
66635,UPI,Successful,Online
66636,Credit Card,Successful,POS
66637,Credit Card,Successful,Online
66638,Credit Card,Refunded,Online
66639,UPI,Failed,Online
66640,Net Banking,Failed,Online
66641,Net Banking,Refunded,Online
66642,Wallet,Failed,POS
66643,UPI,Successful,POS
66644,Debit Card,Refunded,POS
66645,UPI,Successful,Online
66646,Debit Card,Failed,Online
66647,UPI,Refunded,POS
66648,UPI,Refunded,Online
66649,Credit Card,Refunded,Online
66650,Credit Card,Failed,POS
66651,Credit Card,Failed,Online
66652,UPI,Failed,Online
66653,Credit Card,Successful,Online
66654,Net Banking,Successful,Online
66655,Net Banking,Successful,Online
66656,Credit Card,Refunded,Online
66657,Credit Card,Failed,Online
66658,UPI,Refunded,Online
66659,UPI,Successful,POS
66660,UPI,Successful,POS
66661,Credit Card,Failed,POS
66662,Debit Card,Successful,Online
66663,Credit Card,Successful,POS
66664,UPI,Successful,Online
66665,Credit Card,Refunded,Online
66666,UPI,Successful,Online
66667,Debit Card,Failed,Online
66668,UPI,Successful,Online
66669,Credit Card,Successful,Online
66670,Debit Card,Failed,Online
66671,UPI,Failed,Online
66672,UPI,Failed,Online
66673,Credit Card,Successful,Online
66674,UPI,Successful,POS
66675,Credit Card,Successful,POS
66676,Debit Card,Refunded,Online
66677,UPI,Successful,Online
66678,Credit Card,Successful,POS
66679,Net Banking,Successful,POS
66680,Credit Card,Refunded,POS
66681,Wallet,Refunded,Online
66682,UPI,Refunded,Online
66683,Debit Card,Successful,Online
66684,Debit Card,Failed,POS
66685,Net Banking,Refunded,Online
66686,UPI,Successful,Online
66687,UPI,Successful,POS
66688,UPI,Successful,Online
66689,Net Banking,Failed,POS
66690,Credit Card,Refunded,Online
66691,Net Banking,Failed,Online
66692,UPI,Refunded,Online
66693,UPI,Successful,Online
66694,UPI,Failed,Online
66695,Credit Card,Failed,Online
66696,Net Banking,Refunded,Online
66697,Credit Card,Refunded,Online
66698,Net Banking,Failed,POS
66699,UPI,Refunded,Online
66700,Debit Card,Failed,Online
66701,Debit Card,Successful,Online
66702,UPI,Failed,Online
66703,UPI,Successful,Online
66704,UPI,Failed,Online
66705,UPI,Successful,Online
66706,Net Banking,Successful,Online
66707,Wallet,Successful,Online
66708,Debit Card,Successful,Online
66709,Debit Card,Successful,Online
66710,UPI,Refunded,Online
66711,UPI,Refunded,Online
66712,Debit Card,Successful,POS
66713,Credit Card,Successful,Online
66714,Debit Card,Successful,Online
66715,Debit Card,Successful,Online
66716,Credit Card,Failed,POS
66717,UPI,Failed,POS
66718,Debit Card,Successful,Online
66719,Credit Card,Failed,Online
66720,Net Banking,Successful,POS
66721,Credit Card,Successful,POS
66722,UPI,Failed,Online
66723,UPI,Successful,POS
66724,Debit Card,Refunded,POS
66725,Credit Card,Successful,Online
66726,Credit Card,Failed,Online
66727,Credit Card,Successful,POS
66728,Credit Card,Successful,Online
66729,UPI,Successful,POS
66730,UPI,Refunded,Online
66731,UPI,Successful,Online
66732,Credit Card,Refunded,Online
66733,Credit Card,Refunded,POS
66734,UPI,Successful,Online
66735,Credit Card,Successful,Online
66736,Credit Card,Successful,POS
66737,UPI,Successful,Online
66738,Wallet,Failed,Online
66739,UPI,Successful,Online
66740,Credit Card,Successful,Online
66741,UPI,Successful,POS
66742,Net Banking,Successful,POS
66743,Net Banking,Successful,Online
66744,Credit Card,Successful,POS
66745,Net Banking,Refunded,Online
66746,UPI,Successful,Online
66747,UPI,Failed,Online
66748,UPI,Refunded,Online
66749,UPI,Successful,POS
66750,Credit Card,Successful,Online
66751,UPI,Refunded,Online
66752,Credit Card,Refunded,POS
66753,Debit Card,Successful,Online
66754,UPI,Refunded,POS
66755,UPI,Successful,Online
66756,Credit Card,Successful,Online
66757,Credit Card,Refunded,Online
66758,UPI,Successful,POS
66759,UPI,Successful,POS
66760,Credit Card,Successful,Online
66761,UPI,Failed,POS
66762,Net Banking,Refunded,Online
66763,UPI,Refunded,Online
66764,UPI,Successful,POS
66765,Credit Card,Successful,Online
66766,Wallet,Successful,Online
66767,Credit Card,Successful,Online
66768,UPI,Successful,Online
66769,UPI,Refunded,Online
66770,Credit Card,Failed,POS
66771,UPI,Successful,Online
66772,Credit Card,Failed,Online
66773,Credit Card,Failed,Online
66774,UPI,Refunded,Online
66775,UPI,Refunded,Online
66776,Debit Card,Failed,Online
66777,Credit Card,Successful,Online
66778,Net Banking,Failed,Online
66779,UPI,Successful,POS
66780,Debit Card,Successful,POS
66781,UPI,Successful,Online
66782,UPI,Successful,Online
66783,Debit Card,Successful,Online
66784,Net Banking,Successful,POS
66785,UPI,Successful,Online
66786,Debit Card,Successful,Online
66787,Debit Card,Successful,Online
66788,UPI,Successful,Online
66789,Net Banking,Successful,Online
66790,Credit Card,Failed,POS
66791,Credit Card,Successful,POS
66792,Credit Card,Successful,Online
66793,Credit Card,Refunded,POS
66794,Net Banking,Successful,POS
66795,UPI,Successful,POS
66796,UPI,Refunded,Online
66797,Net Banking,Refunded,POS
66798,Net Banking,Refunded,Online
66799,UPI,Successful,POS
66800,UPI,Failed,Online
66801,Debit Card,Failed,Online
66802,UPI,Successful,Online
66803,Credit Card,Successful,Online
66804,UPI,Failed,Online
66805,Credit Card,Refunded,Online
66806,UPI,Successful,Online
66807,Credit Card,Successful,Online
66808,Debit Card,Successful,Online
66809,Credit Card,Failed,Online
66810,UPI,Successful,Online
66811,UPI,Successful,Online
66812,UPI,Refunded,Online
66813,Credit Card,Successful,Online
66814,Credit Card,Failed,Online
66815,UPI,Successful,Online
66816,Debit Card,Successful,Online
66817,Debit Card,Successful,POS
66818,Credit Card,Failed,Online
66819,UPI,Successful,Online
66820,Net Banking,Failed,POS
66821,Debit Card,Failed,Online
66822,Wallet,Successful,Online
66823,UPI,Successful,Online
66824,Net Banking,Successful,Online
66825,UPI,Refunded,Online
66826,Credit Card,Failed,Online
66827,Credit Card,Failed,POS
66828,Credit Card,Failed,Online
66829,Credit Card,Failed,Online
66830,UPI,Successful,Online
66831,Net Banking,Failed,Online
66832,Credit Card,Successful,Online
66833,Net Banking,Successful,Online
66834,UPI,Successful,Online
66835,Credit Card,Successful,Online
66836,Credit Card,Successful,POS
66837,Credit Card,Failed,Online
66838,Debit Card,Successful,Online
66839,UPI,Successful,POS
66840,UPI,Refunded,Online
66841,Debit Card,Refunded,Online
66842,Credit Card,Successful,Online
66843,UPI,Successful,POS
66844,Credit Card,Successful,Online
66845,Credit Card,Successful,Online
66846,Debit Card,Successful,Online
66847,UPI,Successful,Online
66848,Credit Card,Failed,Online
66849,Credit Card,Successful,Online
66850,Debit Card,Successful,Online
66851,Net Banking,Successful,Online
66852,Credit Card,Refunded,Online
66853,UPI,Failed,Online
66854,UPI,Refunded,Online
66855,UPI,Refunded,Online
66856,UPI,Failed,Online
66857,Debit Card,Successful,Online
66858,Debit Card,Refunded,Online
66859,Credit Card,Successful,Online
66860,UPI,Refunded,POS
66861,UPI,Successful,Online
66862,Net Banking,Failed,Online
66863,Net Banking,Successful,Online
66864,UPI,Failed,Online
66865,Credit Card,Refunded,Online
66866,UPI,Refunded,Online
66867,UPI,Successful,Online
66868,UPI,Successful,Online
66869,Credit Card,Failed,Online
66870,UPI,Successful,Online
66871,UPI,Failed,Online
66872,UPI,Successful,Online
66873,UPI,Successful,Online
66874,Debit Card,Refunded,Online
66875,UPI,Successful,Online
66876,Net Banking,Failed,Online
66877,UPI,Successful,POS
66878,UPI,Successful,Online
66879,UPI,Successful,Online
66880,UPI,Successful,POS
66881,UPI,Successful,Online
66882,UPI,Successful,Online
66883,Net Banking,Successful,Online
66884,Debit Card,Successful,POS
66885,Net Banking,Failed,Online
66886,UPI,Successful,Online
66887,Credit Card,Successful,POS
66888,UPI,Failed,POS
66889,Debit Card,Successful,Online
66890,Wallet,Refunded,Online
66891,Debit Card,Failed,Online
66892,UPI,Refunded,Online
66893,UPI,Successful,Online
66894,UPI,Successful,Online
66895,UPI,Successful,Online
66896,UPI,Successful,Online
66897,UPI,Successful,Online
66898,UPI,Refunded,Online
66899,Credit Card,Failed,Online
66900,Credit Card,Successful,Online
66901,Debit Card,Successful,Online
66902,UPI,Refunded,Online
66903,UPI,Refunded,POS
66904,Credit Card,Successful,Online
66905,Credit Card,Successful,Online
66906,UPI,Successful,Online
66907,Net Banking,Refunded,Online
66908,UPI,Successful,POS
66909,UPI,Successful,POS
66910,Credit Card,Successful,Online
66911,UPI,Refunded,Online
66912,Credit Card,Successful,Online
66913,Credit Card,Successful,POS
66914,UPI,Failed,Online
66915,Net Banking,Successful,Online
66916,UPI,Successful,Online
66917,Debit Card,Failed,Online
66918,UPI,Failed,Online
66919,Credit Card,Successful,POS
66920,UPI,Successful,Online
66921,Debit Card,Refunded,Online
66922,Debit Card,Successful,POS
66923,UPI,Successful,Online
66924,UPI,Refunded,Online
66925,Net Banking,Refunded,Online
66926,Net Banking,Failed,Online
66927,Credit Card,Successful,Online
66928,Credit Card,Failed,Online
66929,Debit Card,Failed,Online
66930,UPI,Successful,Online
66931,Debit Card,Successful,Online
66932,Credit Card,Successful,Online
66933,Debit Card,Failed,POS
66934,UPI,Successful,Online
66935,Credit Card,Successful,POS
66936,Credit Card,Refunded,Online
66937,Net Banking,Failed,Online
66938,Debit Card,Successful,Online
66939,Net Banking,Failed,Online
66940,Net Banking,Successful,Online
66941,Credit Card,Successful,Online
66942,UPI,Refunded,Online
66943,Credit Card,Refunded,Online
66944,Net Banking,Failed,Online
66945,UPI,Successful,POS
66946,Credit Card,Failed,Online
66947,UPI,Successful,POS
66948,UPI,Refunded,Online
66949,Debit Card,Refunded,Online
66950,Debit Card,Successful,POS
66951,Credit Card,Failed,Online
66952,Net Banking,Refunded,Online
66953,UPI,Successful,POS
66954,UPI,Failed,Online
66955,Net Banking,Successful,Online
66956,Credit Card,Successful,Online
66957,UPI,Successful,POS
66958,Debit Card,Refunded,Online
66959,Net Banking,Successful,Online
66960,Debit Card,Successful,Online
66961,Debit Card,Successful,POS
66962,UPI,Refunded,POS
66963,UPI,Successful,Online
66964,Net Banking,Successful,Online
66965,Credit Card,Successful,POS
66966,UPI,Successful,POS
66967,Credit Card,Refunded,Online
66968,Debit Card,Failed,Online
66969,UPI,Failed,POS
66970,Debit Card,Successful,Online
66971,UPI,Successful,Online
66972,UPI,Failed,Online
66973,Debit Card,Successful,Online
66974,UPI,Successful,Online
66975,UPI,Successful,POS
66976,Net Banking,Failed,Online
66977,Debit Card,Successful,POS
66978,Credit Card,Failed,Online
66979,UPI,Successful,Online
66980,UPI,Successful,Online
66981,Credit Card,Successful,Online
66982,UPI,Successful,Online
66983,Credit Card,Successful,Online
66984,Credit Card,Successful,Online
66985,Credit Card,Refunded,Online
66986,UPI,Successful,Online
66987,UPI,Successful,Online
66988,Wallet,Failed,Online
66989,Wallet,Successful,Online
66990,Credit Card,Refunded,Online
66991,Debit Card,Refunded,Online
66992,Debit Card,Successful,POS
66993,UPI,Successful,POS
66994,UPI,Failed,Online
66995,UPI,Successful,Online
66996,Credit Card,Refunded,POS
66997,Credit Card,Failed,Online
66998,Net Banking,Successful,Online
66999,Debit Card,Failed,Online
67000,Net Banking,Failed,Online
67001,Net Banking,Successful,Online
67002,Debit Card,Successful,Online
67003,UPI,Successful,Online
67004,UPI,Refunded,Online
67005,Credit Card,Failed,Online
67006,Debit Card,Refunded,Online
67007,Credit Card,Failed,Online
67008,Net Banking,Successful,Online
67009,Wallet,Successful,Online
67010,Credit Card,Successful,POS
67011,Credit Card,Failed,Online
67012,Net Banking,Successful,Online
67013,UPI,Successful,POS
67014,UPI,Successful,POS
67015,Net Banking,Refunded,POS
67016,Debit Card,Successful,Online
67017,Credit Card,Failed,Online
67018,Net Banking,Refunded,Online
67019,UPI,Failed,Online
67020,Credit Card,Refunded,Online
67021,Credit Card,Successful,POS
67022,UPI,Refunded,Online
67023,UPI,Successful,POS
67024,Net Banking,Failed,Online
67025,UPI,Successful,Online
67026,UPI,Failed,Online
67027,Credit Card,Successful,Online
67028,UPI,Successful,Online
67029,Net Banking,Successful,Online
67030,UPI,Failed,Online
67031,Credit Card,Failed,Online
67032,UPI,Failed,Online
67033,Debit Card,Refunded,Online
67034,Credit Card,Failed,POS
67035,Credit Card,Refunded,Online
67036,Wallet,Successful,Online
67037,UPI,Successful,Online
67038,Credit Card,Successful,Online
67039,Wallet,Successful,Online
67040,Debit Card,Refunded,POS
67041,Debit Card,Refunded,POS
67042,UPI,Successful,Online
67043,UPI,Successful,Online
67044,UPI,Successful,Online
67045,Wallet,Failed,Online
67046,Wallet,Failed,Online
67047,UPI,Successful,Online
67048,UPI,Refunded,Online
67049,UPI,Successful,Online
67050,UPI,Successful,Online
67051,UPI,Successful,Online
67052,Debit Card,Successful,Online
67053,Net Banking,Successful,Online
67054,Debit Card,Successful,Online
67055,Credit Card,Successful,Online
67056,Debit Card,Failed,POS
67057,Debit Card,Successful,Online
67058,Credit Card,Successful,Online
67059,UPI,Successful,Online
67060,UPI,Successful,Online
67061,Debit Card,Successful,POS
67062,Wallet,Successful,Online
67063,Credit Card,Successful,Online
67064,Net Banking,Successful,Online
67065,UPI,Refunded,Online
67066,Debit Card,Successful,Online
67067,Net Banking,Refunded,Online
67068,Credit Card,Successful,Online
67069,Net Banking,Successful,Online
67070,Credit Card,Successful,Online
67071,UPI,Failed,Online
67072,UPI,Successful,POS
67073,Credit Card,Successful,Online
67074,Net Banking,Refunded,Online
67075,UPI,Successful,Online
67076,Credit Card,Successful,Online
67077,Debit Card,Successful,Online
67078,UPI,Refunded,Online
67079,UPI,Successful,Online
67080,UPI,Refunded,Online
67081,UPI,Refunded,Online
67082,UPI,Refunded,Online
67083,UPI,Failed,POS
67084,UPI,Successful,Online
67085,Credit Card,Failed,Online
67086,Debit Card,Successful,Online
67087,Debit Card,Successful,Online
67088,Credit Card,Successful,Online
67089,Wallet,Successful,Online
67090,Net Banking,Successful,POS
67091,Wallet,Refunded,Online
67092,Credit Card,Successful,Online
67093,Net Banking,Successful,Online
67094,Debit Card,Refunded,Online
67095,UPI,Successful,POS
67096,UPI,Successful,Online
67097,Debit Card,Successful,Online
67098,UPI,Successful,Online
67099,UPI,Successful,POS
67100,Credit Card,Failed,POS
67101,Debit Card,Refunded,Online
67102,Net Banking,Successful,Online
67103,Credit Card,Failed,Online
67104,Debit Card,Successful,POS
67105,UPI,Successful,POS
67106,Debit Card,Failed,Online
67107,Credit Card,Failed,Online
67108,Net Banking,Successful,Online
67109,Credit Card,Successful,Online
67110,Credit Card,Successful,POS
67111,Credit Card,Refunded,Online
67112,Debit Card,Successful,Online
67113,Wallet,Successful,POS
67114,UPI,Failed,Online
67115,Credit Card,Successful,POS
67116,Debit Card,Successful,Online
67117,Net Banking,Successful,Online
67118,Credit Card,Failed,Online
67119,UPI,Successful,Online
67120,UPI,Successful,Online
67121,Credit Card,Successful,Online
67122,Credit Card,Refunded,Online
67123,UPI,Successful,POS
67124,UPI,Failed,POS
67125,Debit Card,Failed,Online
67126,Wallet,Refunded,Online
67127,Net Banking,Successful,POS
67128,Debit Card,Failed,Online
67129,Net Banking,Failed,Online
67130,UPI,Failed,POS
67131,Credit Card,Failed,Online
67132,UPI,Successful,Online
67133,Debit Card,Successful,Online
67134,Wallet,Successful,Online
67135,Net Banking,Failed,Online
67136,Credit Card,Successful,Online
67137,Debit Card,Successful,Online
67138,Wallet,Refunded,POS
67139,UPI,Successful,Online
67140,Debit Card,Successful,POS
67141,UPI,Successful,Online
67142,Net Banking,Successful,POS
67143,UPI,Successful,Online
67144,UPI,Refunded,POS
67145,Debit Card,Failed,Online
67146,UPI,Refunded,Online
67147,UPI,Failed,Online
67148,Credit Card,Successful,POS
67149,Net Banking,Successful,Online
67150,UPI,Successful,Online
67151,Net Banking,Refunded,Online
67152,Debit Card,Successful,Online
67153,Credit Card,Successful,POS
67154,Credit Card,Failed,Online
67155,UPI,Successful,POS
67156,UPI,Refunded,Online
67157,UPI,Successful,Online
67158,UPI,Failed,Online
67159,Credit Card,Failed,Online
67160,UPI,Failed,Online
67161,Debit Card,Failed,POS
67162,Credit Card,Successful,Online
67163,Net Banking,Successful,POS
67164,UPI,Refunded,Online
67165,UPI,Successful,Online
67166,Credit Card,Successful,POS
67167,UPI,Successful,POS
67168,Debit Card,Refunded,Online
67169,Credit Card,Successful,POS
67170,Credit Card,Failed,Online
67171,UPI,Successful,Online
67172,UPI,Failed,Online
67173,Credit Card,Successful,Online
67174,UPI,Successful,Online
67175,UPI,Successful,Online
67176,Credit Card,Successful,Online
67177,UPI,Successful,Online
67178,Debit Card,Successful,Online
67179,UPI,Failed,Online
67180,UPI,Refunded,Online
67181,UPI,Refunded,Online
67182,UPI,Successful,Online
67183,UPI,Refunded,Online
67184,UPI,Failed,Online
67185,UPI,Successful,POS
67186,UPI,Successful,Online
67187,Debit Card,Successful,POS
67188,Net Banking,Refunded,Online
67189,UPI,Failed,Online
67190,UPI,Refunded,Online
67191,Credit Card,Failed,Online
67192,Debit Card,Successful,Online
67193,Wallet,Refunded,Online
67194,UPI,Successful,Online
67195,Credit Card,Successful,Online
67196,Debit Card,Refunded,Online
67197,Net Banking,Successful,POS
67198,UPI,Successful,Online
67199,Debit Card,Failed,Online
67200,UPI,Successful,Online
67201,UPI,Successful,Online
67202,Credit Card,Refunded,Online
67203,UPI,Refunded,Online
67204,Debit Card,Failed,POS
67205,Debit Card,Successful,Online
67206,Net Banking,Failed,Online
67207,UPI,Successful,Online
67208,UPI,Failed,Online
67209,UPI,Refunded,Online
67210,Credit Card,Failed,Online
67211,Debit Card,Refunded,Online
67212,Credit Card,Successful,Online
67213,Credit Card,Successful,POS
67214,Credit Card,Successful,Online
67215,UPI,Refunded,Online
67216,Credit Card,Successful,POS
67217,Credit Card,Successful,Online
67218,Debit Card,Failed,Online
67219,Debit Card,Successful,Online
67220,UPI,Successful,POS
67221,Credit Card,Successful,Online
67222,Debit Card,Successful,Online
67223,UPI,Successful,Online
67224,Debit Card,Successful,Online
67225,UPI,Successful,Online
67226,Credit Card,Successful,Online
67227,Wallet,Refunded,Online
67228,Credit Card,Successful,POS
67229,Credit Card,Successful,POS
67230,UPI,Successful,Online
67231,UPI,Successful,POS
67232,Credit Card,Failed,POS
67233,Credit Card,Successful,POS
67234,UPI,Refunded,Online
67235,Net Banking,Refunded,Online
67236,UPI,Successful,Online
67237,Credit Card,Successful,POS
67238,Credit Card,Failed,POS
67239,Credit Card,Successful,Online
67240,Credit Card,Failed,Online
67241,UPI,Successful,POS
67242,Net Banking,Refunded,Online
67243,Credit Card,Successful,Online
67244,Credit Card,Successful,Online
67245,Debit Card,Refunded,POS
67246,UPI,Refunded,Online
67247,Debit Card,Successful,POS
67248,Credit Card,Successful,Online
67249,Debit Card,Successful,Online
67250,Debit Card,Refunded,POS
67251,Net Banking,Successful,Online
67252,Credit Card,Successful,Online
67253,Debit Card,Refunded,Online
67254,UPI,Successful,POS
67255,Debit Card,Refunded,Online
67256,UPI,Successful,POS
67257,UPI,Successful,Online
67258,UPI,Refunded,Online
67259,UPI,Failed,POS
67260,UPI,Refunded,Online
67261,Credit Card,Successful,POS
67262,UPI,Refunded,Online
67263,Debit Card,Successful,Online
67264,UPI,Successful,Online
67265,UPI,Successful,POS
67266,Credit Card,Successful,Online
67267,Credit Card,Failed,Online
67268,UPI,Successful,POS
67269,Wallet,Refunded,Online
67270,UPI,Refunded,Online
67271,Debit Card,Successful,Online
67272,UPI,Failed,Online
67273,Net Banking,Successful,Online
67274,Credit Card,Failed,Online
67275,Net Banking,Successful,POS
67276,UPI,Successful,Online
67277,UPI,Successful,POS
67278,Credit Card,Successful,Online
67279,Credit Card,Successful,POS
67280,UPI,Successful,Online
67281,UPI,Refunded,POS
67282,Debit Card,Successful,Online
67283,UPI,Refunded,Online
67284,Credit Card,Failed,Online
67285,Credit Card,Successful,POS
67286,Debit Card,Successful,Online
67287,UPI,Refunded,POS
67288,Credit Card,Successful,Online
67289,UPI,Successful,Online
67290,UPI,Successful,Online
67291,Credit Card,Successful,Online
67292,Net Banking,Successful,Online
67293,UPI,Failed,Online
67294,UPI,Successful,Online
67295,Debit Card,Refunded,POS
67296,UPI,Successful,POS
67297,Credit Card,Successful,POS
67298,Wallet,Refunded,Online
67299,Wallet,Successful,Online
67300,UPI,Failed,Online
67301,Credit Card,Successful,POS
67302,Net Banking,Successful,Online
67303,UPI,Successful,POS
67304,Credit Card,Failed,Online
67305,UPI,Failed,Online
67306,UPI,Successful,Online
67307,Wallet,Successful,Online
67308,Debit Card,Successful,POS
67309,Credit Card,Successful,Online
67310,Net Banking,Failed,Online
67311,Credit Card,Successful,Online
67312,Net Banking,Successful,POS
67313,UPI,Refunded,Online
67314,UPI,Failed,Online
67315,UPI,Failed,POS
67316,Credit Card,Successful,Online
67317,UPI,Failed,Online
67318,UPI,Successful,Online
67319,Wallet,Refunded,POS
67320,Net Banking,Successful,Online
67321,Credit Card,Successful,Online
67322,Net Banking,Successful,Online
67323,Net Banking,Successful,Online
67324,Debit Card,Successful,POS
67325,Credit Card,Successful,Online
67326,Net Banking,Successful,Online
67327,Credit Card,Successful,POS
67328,UPI,Failed,Online
67329,UPI,Refunded,POS
67330,Credit Card,Successful,Online
67331,Net Banking,Successful,POS
67332,Debit Card,Successful,Online
67333,Net Banking,Successful,Online
67334,Debit Card,Failed,Online
67335,UPI,Successful,Online
67336,Debit Card,Failed,Online
67337,UPI,Successful,Online
67338,Credit Card,Successful,POS
67339,Debit Card,Successful,Online
67340,Credit Card,Successful,POS
67341,Net Banking,Successful,POS
67342,UPI,Successful,Online
67343,Debit Card,Successful,Online
67344,UPI,Successful,Online
67345,Credit Card,Successful,POS
67346,Credit Card,Successful,Online
67347,Credit Card,Successful,POS
67348,UPI,Successful,Online
67349,UPI,Successful,Online
67350,Debit Card,Successful,POS
67351,Credit Card,Failed,POS
67352,Credit Card,Successful,POS
67353,Credit Card,Successful,Online
67354,Wallet,Refunded,POS
67355,Net Banking,Refunded,Online
67356,UPI,Successful,Online
67357,UPI,Failed,Online
67358,Credit Card,Failed,Online
67359,UPI,Successful,Online
67360,UPI,Refunded,Online
67361,UPI,Successful,Online
67362,UPI,Refunded,Online
67363,Credit Card,Successful,Online
67364,Credit Card,Successful,POS
67365,UPI,Successful,POS
67366,Net Banking,Refunded,Online
67367,Net Banking,Successful,Online
67368,Net Banking,Successful,Online
67369,Credit Card,Successful,Online
67370,UPI,Failed,Online
67371,UPI,Refunded,Online
67372,UPI,Successful,Online
67373,UPI,Refunded,Online
67374,Net Banking,Successful,POS
67375,Wallet,Refunded,Online
67376,Debit Card,Successful,Online
67377,Debit Card,Failed,Online
67378,Credit Card,Successful,Online
67379,Debit Card,Refunded,Online
67380,Wallet,Successful,Online
67381,Credit Card,Successful,Online
67382,UPI,Successful,Online
67383,UPI,Successful,POS
67384,Credit Card,Successful,Online
67385,UPI,Successful,Online
67386,Net Banking,Successful,Online
67387,Credit Card,Failed,POS
67388,Debit Card,Successful,Online
67389,UPI,Successful,POS
67390,Credit Card,Successful,Online
67391,Credit Card,Successful,Online
67392,Debit Card,Successful,Online
67393,Credit Card,Successful,POS
67394,Wallet,Successful,Online
67395,Debit Card,Failed,Online
67396,Debit Card,Failed,Online
67397,Net Banking,Refunded,Online
67398,Wallet,Successful,POS
67399,UPI,Successful,POS
67400,Debit Card,Successful,POS
67401,UPI,Refunded,Online
67402,Credit Card,Failed,Online
67403,UPI,Failed,POS
67404,Credit Card,Successful,Online
67405,Credit Card,Successful,Online
67406,Credit Card,Successful,Online
67407,Debit Card,Successful,POS
67408,Credit Card,Successful,Online
67409,UPI,Successful,Online
67410,Net Banking,Failed,Online
67411,Credit Card,Failed,Online
67412,Credit Card,Successful,Online
67413,Wallet,Failed,POS
67414,UPI,Successful,POS
67415,Credit Card,Successful,Online
67416,Debit Card,Failed,POS
67417,UPI,Successful,Online
67418,UPI,Successful,POS
67419,Debit Card,Successful,Online
67420,UPI,Successful,Online
67421,Credit Card,Refunded,POS
67422,Credit Card,Successful,Online
67423,Debit Card,Successful,Online
67424,Debit Card,Refunded,Online
67425,Net Banking,Successful,Online
67426,Credit Card,Refunded,Online
67427,Debit Card,Refunded,Online
67428,Debit Card,Successful,POS
67429,UPI,Successful,Online
67430,Wallet,Failed,POS
67431,Net Banking,Refunded,Online
67432,UPI,Successful,Online
67433,Debit Card,Failed,Online
67434,Debit Card,Successful,POS
67435,Credit Card,Refunded,Online
67436,Net Banking,Failed,POS
67437,Debit Card,Successful,POS
67438,Debit Card,Failed,Online
67439,UPI,Successful,POS
67440,Credit Card,Failed,Online
67441,Credit Card,Successful,POS
67442,Debit Card,Refunded,POS
67443,Credit Card,Successful,Online
67444,UPI,Successful,POS
67445,UPI,Refunded,Online
67446,Credit Card,Refunded,Online
67447,Debit Card,Successful,Online
67448,Debit Card,Successful,Online
67449,Credit Card,Successful,Online
67450,UPI,Failed,Online
67451,UPI,Refunded,Online
67452,UPI,Successful,Online
67453,Debit Card,Successful,POS
67454,UPI,Successful,Online
67455,Credit Card,Failed,Online
67456,Debit Card,Successful,Online
67457,Wallet,Successful,Online
67458,Wallet,Successful,Online
67459,Wallet,Failed,Online
67460,Debit Card,Failed,Online
67461,Debit Card,Successful,Online
67462,Debit Card,Refunded,Online
67463,Net Banking,Successful,POS
67464,Wallet,Failed,Online
67465,Credit Card,Refunded,Online
67466,Credit Card,Successful,Online
67467,Credit Card,Successful,Online
67468,Debit Card,Successful,POS
67469,Debit Card,Successful,Online
67470,Net Banking,Successful,Online
67471,Credit Card,Successful,Online
67472,UPI,Failed,POS
67473,Wallet,Failed,Online
67474,UPI,Refunded,POS
67475,UPI,Successful,POS
67476,Debit Card,Successful,Online
67477,UPI,Successful,POS
67478,Credit Card,Failed,Online
67479,UPI,Failed,Online
67480,UPI,Failed,Online
67481,Credit Card,Successful,Online
67482,UPI,Successful,POS
67483,Credit Card,Successful,POS
67484,UPI,Successful,POS
67485,Debit Card,Successful,Online
67486,UPI,Refunded,Online
67487,UPI,Refunded,Online
67488,UPI,Successful,Online
67489,Credit Card,Refunded,Online
67490,Credit Card,Failed,Online
67491,Credit Card,Successful,Online
67492,Wallet,Failed,Online
67493,Net Banking,Refunded,POS
67494,Credit Card,Refunded,Online
67495,UPI,Successful,POS
67496,Credit Card,Failed,Online
67497,UPI,Successful,Online
67498,Debit Card,Refunded,Online
67499,Credit Card,Successful,POS
67500,Net Banking,Successful,Online
67501,Wallet,Refunded,Online
67502,Credit Card,Successful,Online
67503,Credit Card,Failed,POS
67504,Credit Card,Refunded,Online
67505,UPI,Successful,Online
67506,Net Banking,Successful,Online
67507,Credit Card,Failed,Online
67508,UPI,Failed,Online
67509,Debit Card,Failed,Online
67510,UPI,Successful,Online
67511,UPI,Refunded,Online
67512,Credit Card,Successful,Online
67513,Debit Card,Successful,POS
67514,Credit Card,Refunded,Online
67515,Debit Card,Failed,POS
67516,UPI,Failed,Online
67517,Credit Card,Failed,POS
67518,UPI,Failed,Online
67519,Wallet,Successful,Online
67520,UPI,Successful,POS
67521,UPI,Refunded,Online
67522,Wallet,Successful,POS
67523,Wallet,Refunded,Online
67524,Net Banking,Failed,Online
67525,UPI,Successful,POS
67526,Credit Card,Successful,POS
67527,Credit Card,Refunded,Online
67528,Debit Card,Failed,POS
67529,UPI,Successful,POS
67530,UPI,Failed,Online
67531,Credit Card,Successful,Online
67532,UPI,Successful,Online
67533,Debit Card,Refunded,Online
67534,Net Banking,Refunded,Online
67535,Debit Card,Refunded,Online
67536,Credit Card,Refunded,Online
67537,Net Banking,Successful,Online
67538,UPI,Successful,Online
67539,UPI,Successful,POS
67540,Credit Card,Refunded,Online
67541,UPI,Successful,Online
67542,UPI,Successful,Online
67543,Credit Card,Successful,Online
67544,Wallet,Successful,Online
67545,Net Banking,Refunded,POS
67546,Credit Card,Successful,Online
67547,UPI,Successful,Online
67548,UPI,Failed,POS
67549,UPI,Failed,Online
67550,UPI,Successful,Online
67551,UPI,Successful,Online
67552,Debit Card,Refunded,Online
67553,Credit Card,Successful,Online
67554,UPI,Successful,Online
67555,Debit Card,Successful,POS
67556,Debit Card,Failed,Online
67557,Credit Card,Successful,POS
67558,UPI,Refunded,Online
67559,Net Banking,Failed,Online
67560,Debit Card,Failed,Online
67561,UPI,Refunded,POS
67562,Credit Card,Refunded,Online
67563,Credit Card,Successful,Online
67564,Credit Card,Refunded,Online
67565,Credit Card,Refunded,POS
67566,Credit Card,Failed,Online
67567,Debit Card,Failed,POS
67568,Credit Card,Successful,Online
67569,UPI,Successful,Online
67570,UPI,Successful,Online
67571,UPI,Refunded,Online
67572,Credit Card,Successful,Online
67573,UPI,Failed,Online
67574,Debit Card,Successful,Online
67575,UPI,Successful,Online
67576,Debit Card,Successful,Online
67577,Debit Card,Refunded,Online
67578,UPI,Successful,Online
67579,Debit Card,Successful,POS
67580,Wallet,Failed,Online
67581,UPI,Successful,Online
67582,Net Banking,Successful,Online
67583,Credit Card,Failed,Online
67584,Credit Card,Successful,Online
67585,UPI,Successful,Online
67586,Debit Card,Refunded,Online
67587,Credit Card,Successful,Online
67588,Debit Card,Refunded,Online
67589,Debit Card,Successful,Online
67590,Credit Card,Successful,Online
67591,UPI,Successful,Online
67592,UPI,Successful,Online
67593,UPI,Refunded,POS
67594,Net Banking,Failed,Online
67595,UPI,Failed,POS
67596,Credit Card,Refunded,Online
67597,UPI,Successful,Online
67598,Net Banking,Successful,Online
67599,Credit Card,Refunded,POS
67600,Wallet,Failed,Online
67601,Debit Card,Successful,Online
67602,Net Banking,Failed,POS
67603,UPI,Successful,Online
67604,UPI,Failed,Online
67605,UPI,Successful,POS
67606,Credit Card,Successful,Online
67607,Debit Card,Successful,Online
67608,UPI,Successful,Online
67609,UPI,Successful,POS
67610,Credit Card,Successful,POS
67611,UPI,Failed,POS
67612,Credit Card,Successful,Online
67613,UPI,Failed,Online
67614,Debit Card,Successful,POS
67615,Credit Card,Successful,Online
67616,Credit Card,Failed,Online
67617,UPI,Refunded,Online
67618,UPI,Successful,Online
67619,Debit Card,Successful,Online
67620,Debit Card,Successful,Online
67621,Credit Card,Refunded,Online
67622,Credit Card,Failed,Online
67623,UPI,Failed,Online
67624,Net Banking,Successful,Online
67625,Debit Card,Failed,Online
67626,Credit Card,Refunded,Online
67627,Net Banking,Failed,Online
67628,UPI,Failed,Online
67629,Debit Card,Refunded,Online
67630,Wallet,Successful,Online
67631,UPI,Successful,POS
67632,UPI,Failed,Online
67633,Debit Card,Successful,Online
67634,UPI,Successful,POS
67635,Net Banking,Successful,Online
67636,UPI,Successful,POS
67637,Debit Card,Successful,Online
67638,UPI,Successful,Online
67639,UPI,Refunded,Online
67640,Net Banking,Refunded,Online
67641,Debit Card,Refunded,POS
67642,UPI,Refunded,Online
67643,UPI,Refunded,POS
67644,Debit Card,Successful,Online
67645,Net Banking,Successful,POS
67646,Debit Card,Successful,Online
67647,Credit Card,Successful,Online
67648,UPI,Successful,Online
67649,Net Banking,Failed,POS
67650,Debit Card,Successful,Online
67651,Credit Card,Refunded,POS
67652,Credit Card,Successful,Online
67653,Credit Card,Failed,POS
67654,Net Banking,Successful,Online
67655,Debit Card,Refunded,Online
67656,Net Banking,Successful,POS
67657,Credit Card,Successful,POS
67658,Credit Card,Successful,Online
67659,Net Banking,Successful,Online
67660,UPI,Failed,Online
67661,Credit Card,Successful,Online
67662,Credit Card,Refunded,Online
67663,Net Banking,Refunded,Online
67664,UPI,Successful,Online
67665,UPI,Successful,Online
67666,UPI,Refunded,Online
67667,UPI,Failed,Online
67668,UPI,Successful,POS
67669,Credit Card,Refunded,Online
67670,Net Banking,Failed,POS
67671,Credit Card,Successful,POS
67672,UPI,Failed,Online
67673,Net Banking,Successful,Online
67674,Credit Card,Refunded,Online
67675,UPI,Successful,Online
67676,UPI,Successful,Online
67677,Debit Card,Failed,Online
67678,Debit Card,Failed,Online
67679,Credit Card,Failed,Online
67680,UPI,Refunded,Online
67681,Debit Card,Successful,Online
67682,UPI,Successful,Online
67683,Debit Card,Successful,Online
67684,Credit Card,Successful,Online
67685,UPI,Successful,Online
67686,UPI,Refunded,Online
67687,UPI,Failed,Online
67688,UPI,Successful,Online
67689,UPI,Successful,Online
67690,Credit Card,Successful,Online
67691,Credit Card,Successful,Online
67692,Credit Card,Refunded,Online
67693,Credit Card,Refunded,Online
67694,Debit Card,Failed,Online
67695,Net Banking,Refunded,Online
67696,UPI,Failed,Online
67697,Credit Card,Refunded,Online
67698,UPI,Successful,Online
67699,UPI,Successful,POS
67700,Debit Card,Refunded,Online
67701,Credit Card,Refunded,Online
67702,Debit Card,Successful,Online
67703,Credit Card,Successful,Online
67704,UPI,Failed,POS
67705,Net Banking,Successful,Online
67706,UPI,Successful,Online
67707,UPI,Successful,Online
67708,UPI,Successful,Online
67709,Wallet,Failed,Online
67710,Credit Card,Successful,Online
67711,Credit Card,Successful,POS
67712,Debit Card,Failed,Online
67713,Credit Card,Successful,POS
67714,Net Banking,Successful,Online
67715,Credit Card,Successful,Online
67716,Wallet,Successful,Online
67717,Debit Card,Refunded,POS
67718,Credit Card,Refunded,POS
67719,Credit Card,Successful,Online
67720,Net Banking,Successful,Online
67721,Debit Card,Failed,Online
67722,Credit Card,Successful,Online
67723,Debit Card,Successful,Online
67724,Credit Card,Successful,Online
67725,UPI,Successful,Online
67726,UPI,Failed,POS
67727,Credit Card,Successful,Online
67728,UPI,Successful,Online
67729,Credit Card,Failed,Online
67730,Debit Card,Successful,Online
67731,UPI,Refunded,Online
67732,UPI,Refunded,Online
67733,Net Banking,Failed,Online
67734,Credit Card,Refunded,Online
67735,UPI,Successful,POS
67736,Debit Card,Successful,Online
67737,Debit Card,Successful,Online
67738,UPI,Failed,Online
67739,UPI,Refunded,Online
67740,UPI,Successful,Online
67741,Net Banking,Successful,POS
67742,Credit Card,Successful,Online
67743,Credit Card,Successful,Online
67744,Net Banking,Refunded,Online
67745,UPI,Successful,Online
67746,UPI,Successful,POS
67747,UPI,Successful,Online
67748,UPI,Refunded,Online
67749,Debit Card,Successful,Online
67750,Credit Card,Successful,POS
67751,UPI,Failed,Online
67752,UPI,Failed,Online
67753,UPI,Successful,POS
67754,Wallet,Successful,POS
67755,Debit Card,Successful,Online
67756,Credit Card,Successful,Online
67757,UPI,Successful,Online
67758,Credit Card,Successful,Online
67759,UPI,Successful,Online
67760,Wallet,Successful,Online
67761,Debit Card,Successful,Online
67762,Credit Card,Successful,Online
67763,Credit Card,Successful,POS
67764,Credit Card,Failed,Online
67765,UPI,Failed,Online
67766,UPI,Refunded,POS
67767,Credit Card,Failed,Online
67768,UPI,Successful,Online
67769,UPI,Successful,Online
67770,Credit Card,Successful,Online
67771,Net Banking,Successful,Online
67772,Net Banking,Refunded,Online
67773,UPI,Refunded,Online
67774,UPI,Refunded,Online
67775,Credit Card,Successful,Online
67776,Net Banking,Refunded,Online
67777,Wallet,Refunded,Online
67778,Net Banking,Refunded,Online
67779,Debit Card,Successful,Online
67780,UPI,Refunded,POS
67781,UPI,Successful,Online
67782,UPI,Successful,Online
67783,Credit Card,Refunded,Online
67784,UPI,Refunded,Online
67785,Debit Card,Successful,Online
67786,Debit Card,Refunded,Online
67787,UPI,Refunded,Online
67788,Net Banking,Successful,POS
67789,Credit Card,Failed,Online
67790,Net Banking,Successful,Online
67791,Net Banking,Successful,Online
67792,UPI,Successful,Online
67793,Credit Card,Successful,Online
67794,UPI,Successful,Online
67795,Debit Card,Successful,Online
67796,Credit Card,Successful,Online
67797,Net Banking,Successful,Online
67798,UPI,Successful,Online
67799,Debit Card,Failed,Online
67800,Wallet,Successful,Online
67801,Debit Card,Refunded,Online
67802,UPI,Failed,Online
67803,Credit Card,Failed,Online
67804,UPI,Refunded,POS
67805,UPI,Successful,Online
67806,UPI,Successful,Online
67807,UPI,Successful,Online
67808,Debit Card,Successful,POS
67809,UPI,Successful,Online
67810,Debit Card,Successful,POS
67811,UPI,Successful,Online
67812,UPI,Successful,Online
67813,UPI,Refunded,Online
67814,UPI,Successful,Online
67815,UPI,Successful,Online
67816,Credit Card,Successful,POS
67817,Wallet,Failed,Online
67818,UPI,Refunded,Online
67819,UPI,Failed,Online
67820,UPI,Successful,Online
67821,Net Banking,Successful,Online
67822,Debit Card,Successful,Online
67823,Debit Card,Successful,POS
67824,UPI,Successful,Online
67825,UPI,Failed,Online
67826,UPI,Successful,POS
67827,Net Banking,Successful,Online
67828,UPI,Failed,Online
67829,Credit Card,Successful,Online
67830,Credit Card,Refunded,Online
67831,Credit Card,Successful,Online
67832,UPI,Successful,Online
67833,Credit Card,Failed,Online
67834,UPI,Refunded,POS
67835,Wallet,Successful,Online
67836,UPI,Successful,Online
67837,UPI,Refunded,Online
67838,UPI,Successful,POS
67839,Net Banking,Refunded,Online
67840,UPI,Successful,Online
67841,Credit Card,Successful,Online
67842,UPI,Refunded,Online
67843,UPI,Successful,Online
67844,Credit Card,Refunded,Online
67845,UPI,Failed,Online
67846,Debit Card,Successful,POS
67847,Debit Card,Successful,Online
67848,Net Banking,Successful,POS
67849,UPI,Successful,Online
67850,Credit Card,Successful,Online
67851,Wallet,Successful,POS
67852,Debit Card,Failed,POS
67853,UPI,Failed,Online
67854,Credit Card,Successful,Online
67855,Net Banking,Failed,POS
67856,Credit Card,Successful,Online
67857,Net Banking,Refunded,Online
67858,Credit Card,Successful,POS
67859,UPI,Refunded,Online
67860,UPI,Successful,POS
67861,UPI,Refunded,POS
67862,UPI,Successful,Online
67863,Net Banking,Successful,POS
67864,Debit Card,Successful,Online
67865,Debit Card,Failed,Online
67866,Credit Card,Refunded,Online
67867,Credit Card,Failed,Online
67868,UPI,Failed,Online
67869,Net Banking,Refunded,Online
67870,Credit Card,Refunded,Online
67871,Credit Card,Successful,Online
67872,Wallet,Refunded,Online
67873,Credit Card,Refunded,POS
67874,Net Banking,Failed,Online
67875,Net Banking,Successful,Online
67876,UPI,Successful,Online
67877,UPI,Successful,POS
67878,Wallet,Refunded,Online
67879,Credit Card,Successful,Online
67880,UPI,Refunded,Online
67881,Credit Card,Successful,POS
67882,Credit Card,Refunded,Online
67883,Debit Card,Successful,POS
67884,Wallet,Successful,Online
67885,Net Banking,Successful,POS
67886,Wallet,Successful,Online
67887,UPI,Failed,Online
67888,Debit Card,Successful,Online
67889,UPI,Failed,POS
67890,UPI,Failed,Online
67891,Debit Card,Refunded,Online
67892,Credit Card,Successful,Online
67893,Net Banking,Successful,POS
67894,UPI,Successful,Online
67895,Debit Card,Failed,POS
67896,UPI,Refunded,Online
67897,UPI,Successful,POS
67898,Credit Card,Refunded,Online
67899,Credit Card,Successful,Online
67900,Credit Card,Refunded,Online
67901,Wallet,Refunded,Online
67902,Debit Card,Successful,Online
67903,UPI,Failed,Online
67904,UPI,Successful,Online
67905,Credit Card,Successful,POS
67906,Credit Card,Successful,Online
67907,Credit Card,Successful,Online
67908,UPI,Successful,POS
67909,Debit Card,Successful,Online
67910,UPI,Successful,Online
67911,Credit Card,Failed,Online
67912,Credit Card,Successful,POS
67913,UPI,Successful,Online
67914,Net Banking,Successful,Online
67915,Credit Card,Successful,Online
67916,Credit Card,Successful,Online
67917,Credit Card,Successful,Online
67918,Net Banking,Refunded,Online
67919,Debit Card,Successful,Online
67920,Credit Card,Successful,Online
67921,UPI,Successful,POS
67922,UPI,Successful,POS
67923,UPI,Successful,Online
67924,Wallet,Successful,POS
67925,Credit Card,Successful,Online
67926,Net Banking,Successful,Online
67927,UPI,Failed,Online
67928,Credit Card,Failed,POS
67929,Wallet,Refunded,Online
67930,UPI,Failed,Online
67931,Credit Card,Successful,Online
67932,Net Banking,Successful,Online
67933,Wallet,Failed,Online
67934,Net Banking,Successful,POS
67935,Net Banking,Failed,Online
67936,Debit Card,Successful,Online
67937,UPI,Failed,POS
67938,Debit Card,Successful,Online
67939,Wallet,Refunded,Online
67940,Credit Card,Successful,Online
67941,UPI,Successful,Online
67942,Credit Card,Refunded,Online
67943,Debit Card,Successful,POS
67944,UPI,Refunded,POS
67945,Debit Card,Successful,Online
67946,Credit Card,Successful,Online
67947,Credit Card,Failed,Online
67948,UPI,Successful,Online
67949,UPI,Successful,Online
67950,Credit Card,Successful,Online
67951,Credit Card,Failed,Online
67952,UPI,Successful,POS
67953,UPI,Refunded,Online
67954,UPI,Successful,Online
67955,Credit Card,Successful,Online
67956,Wallet,Successful,POS
67957,Debit Card,Failed,Online
67958,Net Banking,Successful,Online
67959,Credit Card,Successful,Online
67960,Credit Card,Successful,POS
67961,UPI,Successful,Online
67962,Debit Card,Refunded,Online
67963,Credit Card,Successful,POS
67964,Debit Card,Successful,Online
67965,Credit Card,Successful,Online
67966,UPI,Successful,Online
67967,UPI,Failed,Online
67968,Debit Card,Successful,Online
67969,UPI,Successful,POS
67970,UPI,Failed,Online
67971,Net Banking,Successful,Online
67972,Debit Card,Failed,Online
67973,UPI,Successful,POS
67974,UPI,Successful,Online
67975,UPI,Successful,Online
67976,Credit Card,Successful,Online
67977,Debit Card,Successful,Online
67978,UPI,Successful,Online
67979,Net Banking,Successful,Online
67980,UPI,Successful,Online
67981,UPI,Successful,Online
67982,Wallet,Failed,Online
67983,UPI,Refunded,POS
67984,Net Banking,Successful,Online
67985,Debit Card,Successful,POS
67986,UPI,Failed,POS
67987,Credit Card,Successful,Online
67988,Credit Card,Successful,Online
67989,Net Banking,Successful,POS
67990,Credit Card,Refunded,POS
67991,Credit Card,Successful,POS
67992,UPI,Failed,Online
67993,Credit Card,Failed,Online
67994,UPI,Failed,Online
67995,UPI,Successful,Online
67996,Wallet,Failed,Online
67997,UPI,Failed,Online
67998,UPI,Refunded,Online
67999,Debit Card,Successful,Online
68000,Net Banking,Successful,Online
68001,UPI,Successful,Online
68002,UPI,Failed,Online
68003,UPI,Successful,POS
68004,UPI,Failed,Online
68005,Debit Card,Successful,Online
68006,Credit Card,Refunded,Online
68007,Debit Card,Failed,Online
68008,Credit Card,Failed,Online
68009,Debit Card,Failed,Online
68010,Credit Card,Successful,Online
68011,Net Banking,Refunded,Online
68012,Credit Card,Refunded,Online
68013,Debit Card,Refunded,Online
68014,Credit Card,Refunded,POS
68015,Credit Card,Successful,POS
68016,Net Banking,Failed,Online
68017,UPI,Refunded,Online
68018,Credit Card,Successful,POS
68019,Debit Card,Successful,Online
68020,Debit Card,Successful,Online
68021,Credit Card,Successful,Online
68022,Credit Card,Successful,POS
68023,UPI,Successful,Online
68024,Net Banking,Successful,POS
68025,UPI,Failed,Online
68026,Debit Card,Successful,Online
68027,UPI,Successful,Online
68028,UPI,Successful,Online
68029,UPI,Successful,Online
68030,Debit Card,Successful,Online
68031,UPI,Failed,Online
68032,UPI,Successful,Online
68033,UPI,Successful,POS
68034,UPI,Successful,Online
68035,UPI,Failed,Online
68036,UPI,Successful,POS
68037,Debit Card,Successful,Online
68038,Credit Card,Failed,Online
68039,Credit Card,Failed,Online
68040,Wallet,Successful,Online
68041,Credit Card,Successful,Online
68042,Net Banking,Successful,Online
68043,UPI,Failed,Online
68044,Credit Card,Successful,Online
68045,Credit Card,Successful,POS
68046,Credit Card,Failed,Online
68047,Credit Card,Failed,Online
68048,UPI,Successful,POS
68049,Debit Card,Successful,Online
68050,Credit Card,Successful,Online
68051,UPI,Failed,Online
68052,Credit Card,Refunded,Online
68053,Debit Card,Successful,POS
68054,UPI,Successful,Online
68055,UPI,Successful,POS
68056,Debit Card,Failed,Online
68057,Wallet,Refunded,Online
68058,UPI,Failed,Online
68059,Net Banking,Successful,Online
68060,UPI,Successful,Online
68061,Wallet,Successful,Online
68062,Credit Card,Failed,Online
68063,Net Banking,Refunded,Online
68064,Debit Card,Successful,Online
68065,UPI,Refunded,POS
68066,UPI,Successful,Online
68067,Credit Card,Refunded,Online
68068,UPI,Refunded,Online
68069,Credit Card,Successful,Online
68070,Wallet,Refunded,Online
68071,UPI,Successful,Online
68072,Credit Card,Successful,Online
68073,Credit Card,Failed,Online
68074,Credit Card,Successful,Online
68075,UPI,Failed,Online
68076,UPI,Successful,POS
68077,Net Banking,Refunded,Online
68078,Debit Card,Failed,Online
68079,Debit Card,Refunded,Online
68080,Debit Card,Successful,Online
68081,Credit Card,Refunded,Online
68082,Debit Card,Successful,POS
68083,Credit Card,Failed,Online
68084,UPI,Refunded,POS
68085,Credit Card,Failed,Online
68086,UPI,Failed,Online
68087,Credit Card,Successful,Online
68088,UPI,Successful,Online
68089,Credit Card,Refunded,POS
68090,UPI,Successful,Online
68091,Debit Card,Failed,Online
68092,Credit Card,Successful,Online
68093,Net Banking,Successful,POS
68094,UPI,Failed,Online
68095,Debit Card,Successful,Online
68096,Debit Card,Refunded,Online
68097,Wallet,Refunded,POS
68098,UPI,Failed,Online
68099,UPI,Failed,Online
68100,UPI,Refunded,Online
68101,UPI,Successful,Online
68102,Credit Card,Successful,POS
68103,Net Banking,Failed,Online
68104,UPI,Failed,Online
68105,UPI,Successful,Online
68106,UPI,Successful,POS
68107,UPI,Refunded,POS
68108,Net Banking,Failed,Online
68109,Net Banking,Failed,POS
68110,UPI,Refunded,Online
68111,UPI,Successful,Online
68112,Net Banking,Successful,Online
68113,UPI,Refunded,Online
68114,Credit Card,Successful,POS
68115,Net Banking,Failed,Online
68116,Credit Card,Successful,POS
68117,UPI,Successful,Online
68118,UPI,Refunded,Online
68119,Net Banking,Failed,Online
68120,UPI,Successful,Online
68121,Credit Card,Successful,POS
68122,Debit Card,Successful,Online
68123,Net Banking,Failed,POS
68124,Credit Card,Successful,Online
68125,UPI,Successful,Online
68126,Credit Card,Successful,Online
68127,UPI,Successful,Online
68128,UPI,Successful,Online
68129,Debit Card,Successful,Online
68130,UPI,Successful,Online
68131,UPI,Successful,Online
68132,UPI,Successful,Online
68133,Credit Card,Failed,Online
68134,Debit Card,Refunded,Online
68135,Debit Card,Successful,Online
68136,Debit Card,Successful,Online
68137,Credit Card,Successful,Online
68138,Debit Card,Successful,POS
68139,UPI,Refunded,POS
68140,Credit Card,Successful,Online
68141,Credit Card,Successful,Online
68142,UPI,Successful,Online
68143,UPI,Failed,Online
68144,Credit Card,Refunded,Online
68145,Credit Card,Failed,Online
68146,Credit Card,Successful,Online
68147,Debit Card,Successful,Online
68148,Credit Card,Successful,POS
68149,Net Banking,Successful,POS
68150,Credit Card,Refunded,Online
68151,Credit Card,Successful,Online
68152,UPI,Refunded,Online
68153,UPI,Refunded,Online
68154,Net Banking,Successful,POS
68155,UPI,Successful,POS
68156,UPI,Failed,Online
68157,Credit Card,Successful,Online
68158,UPI,Successful,Online
68159,Credit Card,Successful,POS
68160,UPI,Successful,Online
68161,Credit Card,Refunded,Online
68162,Debit Card,Successful,Online
68163,Debit Card,Failed,Online
68164,Credit Card,Successful,Online
68165,Credit Card,Successful,POS
68166,Debit Card,Failed,Online
68167,Debit Card,Failed,POS
68168,UPI,Successful,Online
68169,UPI,Failed,POS
68170,UPI,Successful,Online
68171,UPI,Refunded,Online
68172,UPI,Successful,Online
68173,UPI,Successful,Online
68174,Debit Card,Failed,POS
68175,Credit Card,Successful,POS
68176,UPI,Refunded,Online
68177,Credit Card,Successful,POS
68178,Debit Card,Failed,Online
68179,UPI,Successful,POS
68180,Credit Card,Successful,Online
68181,UPI,Failed,Online
68182,Credit Card,Failed,Online
68183,UPI,Refunded,Online
68184,Credit Card,Successful,Online
68185,Credit Card,Failed,Online
68186,Credit Card,Successful,Online
68187,Credit Card,Successful,Online
68188,Credit Card,Failed,Online
68189,UPI,Successful,Online
68190,Credit Card,Refunded,POS
68191,Net Banking,Failed,POS
68192,Debit Card,Failed,Online
68193,Wallet,Successful,Online
68194,UPI,Failed,Online
68195,UPI,Successful,Online
68196,Credit Card,Successful,Online
68197,UPI,Failed,Online
68198,UPI,Successful,Online
68199,Credit Card,Refunded,POS
68200,UPI,Successful,POS
68201,UPI,Successful,Online
68202,Wallet,Successful,POS
68203,UPI,Successful,Online
68204,UPI,Failed,Online
68205,UPI,Refunded,Online
68206,Debit Card,Successful,Online
68207,Debit Card,Successful,Online
68208,UPI,Successful,Online
68209,UPI,Successful,POS
68210,Debit Card,Refunded,Online
68211,UPI,Refunded,Online
68212,Wallet,Refunded,Online
68213,Credit Card,Successful,Online
68214,UPI,Successful,POS
68215,Net Banking,Failed,Online
68216,UPI,Successful,Online
68217,UPI,Successful,Online
68218,UPI,Failed,POS
68219,Debit Card,Successful,Online
68220,UPI,Successful,Online
68221,Credit Card,Refunded,POS
68222,UPI,Successful,POS
68223,Net Banking,Successful,Online
68224,UPI,Successful,Online
68225,UPI,Successful,Online
68226,Credit Card,Failed,Online
68227,Debit Card,Successful,Online
68228,Debit Card,Successful,Online
68229,UPI,Successful,Online
68230,Debit Card,Successful,Online
68231,Credit Card,Refunded,POS
68232,UPI,Refunded,Online
68233,Net Banking,Failed,Online
68234,Credit Card,Successful,Online
68235,Credit Card,Successful,Online
68236,Net Banking,Refunded,Online
68237,Credit Card,Failed,Online
68238,UPI,Successful,Online
68239,Net Banking,Successful,Online
68240,UPI,Successful,POS
68241,Credit Card,Refunded,Online
68242,UPI,Successful,Online
68243,UPI,Failed,POS
68244,Debit Card,Failed,Online
68245,Credit Card,Refunded,Online
68246,Credit Card,Successful,Online
68247,Net Banking,Failed,POS
68248,UPI,Successful,Online
68249,Credit Card,Failed,POS
68250,Debit Card,Successful,Online
68251,Debit Card,Failed,Online
68252,Credit Card,Successful,Online
68253,Credit Card,Successful,Online
68254,Credit Card,Successful,POS
68255,Credit Card,Successful,POS
68256,UPI,Refunded,Online
68257,Debit Card,Successful,Online
68258,UPI,Successful,Online
68259,Wallet,Refunded,Online
68260,Debit Card,Refunded,Online
68261,UPI,Successful,Online
68262,UPI,Successful,Online
68263,Debit Card,Successful,Online
68264,Debit Card,Successful,Online
68265,Wallet,Refunded,Online
68266,UPI,Successful,Online
68267,UPI,Refunded,Online
68268,Net Banking,Failed,Online
68269,UPI,Failed,Online
68270,Debit Card,Refunded,POS
68271,UPI,Successful,POS
68272,Debit Card,Failed,Online
68273,UPI,Successful,Online
68274,Debit Card,Successful,Online
68275,Credit Card,Successful,Online
68276,Wallet,Successful,Online
68277,UPI,Successful,Online
68278,UPI,Refunded,Online
68279,UPI,Refunded,POS
68280,Net Banking,Successful,Online
68281,Credit Card,Successful,Online
68282,Credit Card,Successful,POS
68283,UPI,Successful,Online
68284,Credit Card,Failed,Online
68285,Credit Card,Failed,POS
68286,UPI,Successful,Online
68287,Debit Card,Successful,Online
68288,UPI,Refunded,Online
68289,Credit Card,Failed,Online
68290,Net Banking,Successful,Online
68291,Net Banking,Successful,Online
68292,Debit Card,Successful,Online
68293,UPI,Refunded,Online
68294,Credit Card,Refunded,Online
68295,UPI,Failed,POS
68296,UPI,Successful,Online
68297,Credit Card,Refunded,Online
68298,Net Banking,Successful,Online
68299,UPI,Successful,POS
68300,UPI,Successful,POS
68301,Credit Card,Successful,Online
68302,UPI,Successful,Online
68303,Credit Card,Successful,Online
68304,UPI,Successful,Online
68305,UPI,Refunded,Online
68306,Credit Card,Successful,Online
68307,Net Banking,Successful,POS
68308,Debit Card,Successful,Online
68309,Debit Card,Successful,POS
68310,UPI,Refunded,Online
68311,Net Banking,Failed,Online
68312,UPI,Successful,POS
68313,Net Banking,Successful,Online
68314,Credit Card,Successful,Online
68315,UPI,Successful,POS
68316,UPI,Failed,POS
68317,Credit Card,Failed,Online
68318,UPI,Failed,Online
68319,Net Banking,Failed,Online
68320,UPI,Successful,Online
68321,UPI,Successful,POS
68322,UPI,Successful,Online
68323,UPI,Successful,POS
68324,Debit Card,Successful,Online
68325,Credit Card,Successful,Online
68326,Debit Card,Failed,Online
68327,UPI,Successful,Online
68328,Net Banking,Successful,Online
68329,UPI,Successful,Online
68330,Net Banking,Failed,POS
68331,UPI,Successful,Online
68332,Debit Card,Failed,Online
68333,Credit Card,Successful,Online
68334,UPI,Successful,Online
68335,UPI,Refunded,Online
68336,Credit Card,Successful,POS
68337,UPI,Refunded,Online
68338,Credit Card,Failed,Online
68339,Credit Card,Successful,Online
68340,Debit Card,Failed,Online
68341,Wallet,Failed,Online
68342,UPI,Successful,Online
68343,UPI,Failed,Online
68344,UPI,Successful,Online
68345,Debit Card,Successful,Online
68346,Net Banking,Refunded,Online
68347,Wallet,Failed,Online
68348,Wallet,Refunded,Online
68349,Net Banking,Successful,Online
68350,Wallet,Successful,Online
68351,UPI,Successful,Online
68352,Wallet,Refunded,Online
68353,Debit Card,Refunded,Online
68354,UPI,Successful,Online
68355,UPI,Successful,POS
68356,UPI,Failed,Online
68357,Debit Card,Successful,Online
68358,Credit Card,Successful,Online
68359,UPI,Failed,POS
68360,Debit Card,Successful,Online
68361,UPI,Successful,POS
68362,Net Banking,Successful,Online
68363,Debit Card,Failed,Online
68364,Wallet,Failed,POS
68365,UPI,Successful,Online
68366,Net Banking,Refunded,Online
68367,UPI,Successful,Online
68368,Credit Card,Failed,Online
68369,Credit Card,Refunded,Online
68370,Credit Card,Successful,Online
68371,Wallet,Failed,POS
68372,Credit Card,Failed,Online
68373,Net Banking,Successful,Online
68374,UPI,Successful,Online
68375,Credit Card,Failed,Online
68376,Credit Card,Successful,Online
68377,UPI,Successful,Online
68378,Wallet,Refunded,Online
68379,Debit Card,Successful,Online
68380,Credit Card,Failed,Online
68381,Debit Card,Failed,Online
68382,Credit Card,Successful,Online
68383,UPI,Refunded,POS
68384,Credit Card,Successful,Online
68385,Credit Card,Successful,POS
68386,Wallet,Successful,Online
68387,UPI,Failed,Online
68388,Credit Card,Successful,Online
68389,UPI,Successful,POS
68390,UPI,Failed,POS
68391,Credit Card,Successful,Online
68392,UPI,Successful,Online
68393,Debit Card,Successful,Online
68394,Credit Card,Successful,Online
68395,UPI,Successful,POS
68396,Credit Card,Successful,Online
68397,UPI,Successful,POS
68398,Net Banking,Successful,Online
68399,UPI,Successful,POS
68400,UPI,Successful,Online
68401,Credit Card,Successful,Online
68402,Wallet,Successful,Online
68403,Net Banking,Failed,Online
68404,UPI,Successful,Online
68405,UPI,Successful,Online
68406,Credit Card,Successful,Online
68407,Net Banking,Refunded,POS
68408,UPI,Successful,POS
68409,Credit Card,Successful,Online
68410,UPI,Successful,Online
68411,UPI,Failed,Online
68412,Credit Card,Successful,Online
68413,UPI,Successful,Online
68414,UPI,Failed,POS
68415,UPI,Failed,Online
68416,Credit Card,Successful,Online
68417,UPI,Failed,POS
68418,Credit Card,Failed,Online
68419,Net Banking,Successful,Online
68420,UPI,Successful,Online
68421,Credit Card,Refunded,Online
68422,Net Banking,Refunded,Online
68423,UPI,Successful,Online
68424,UPI,Failed,Online
68425,UPI,Successful,Online
68426,Credit Card,Failed,POS
68427,Credit Card,Successful,Online
68428,UPI,Failed,POS
68429,Net Banking,Refunded,Online
68430,Debit Card,Successful,Online
68431,UPI,Failed,POS
68432,Debit Card,Refunded,Online
68433,UPI,Refunded,POS
68434,Debit Card,Successful,Online
68435,UPI,Successful,Online
68436,Debit Card,Successful,Online
68437,UPI,Successful,Online
68438,Credit Card,Successful,Online
68439,UPI,Successful,POS
68440,Debit Card,Successful,Online
68441,UPI,Refunded,Online
68442,UPI,Successful,POS
68443,UPI,Successful,Online
68444,UPI,Successful,Online
68445,Debit Card,Successful,Online
68446,Wallet,Successful,Online
68447,Debit Card,Successful,Online
68448,Net Banking,Successful,Online
68449,UPI,Successful,POS
68450,UPI,Refunded,POS
68451,Credit Card,Failed,Online
68452,Wallet,Successful,Online
68453,Debit Card,Successful,POS
68454,UPI,Successful,Online
68455,UPI,Successful,Online
68456,UPI,Successful,POS
68457,UPI,Successful,Online
68458,Debit Card,Refunded,Online
68459,UPI,Failed,Online
68460,Net Banking,Failed,POS
68461,Wallet,Refunded,Online
68462,Net Banking,Successful,Online
68463,Net Banking,Failed,Online
68464,UPI,Successful,Online
68465,Wallet,Failed,Online
68466,UPI,Refunded,Online
68467,Net Banking,Failed,Online
68468,UPI,Refunded,Online
68469,Credit Card,Successful,POS
68470,UPI,Failed,Online
68471,UPI,Refunded,POS
68472,Wallet,Successful,Online
68473,Debit Card,Successful,POS
68474,Credit Card,Successful,Online
68475,Credit Card,Failed,POS
68476,Debit Card,Successful,POS
68477,UPI,Successful,POS
68478,Debit Card,Failed,Online
68479,Credit Card,Successful,POS
68480,Credit Card,Successful,Online
68481,Wallet,Successful,POS
68482,Credit Card,Failed,POS
68483,Credit Card,Successful,POS
68484,Net Banking,Successful,Online
68485,Net Banking,Successful,Online
68486,Wallet,Successful,Online
68487,Credit Card,Failed,Online
68488,UPI,Refunded,Online
68489,UPI,Refunded,Online
68490,UPI,Successful,Online
68491,Debit Card,Refunded,Online
68492,UPI,Failed,Online
68493,Credit Card,Successful,Online
68494,Net Banking,Successful,Online
68495,Wallet,Successful,Online
68496,UPI,Failed,Online
68497,UPI,Successful,Online
68498,Net Banking,Failed,Online
68499,Credit Card,Successful,POS
68500,Debit Card,Successful,Online
68501,Net Banking,Refunded,Online
68502,Credit Card,Successful,POS
68503,UPI,Refunded,Online
68504,Credit Card,Successful,POS
68505,Debit Card,Successful,POS
68506,UPI,Successful,Online
68507,Debit Card,Successful,Online
68508,Net Banking,Successful,Online
68509,UPI,Successful,Online
68510,Wallet,Successful,Online
68511,Credit Card,Failed,Online
68512,Net Banking,Successful,Online
68513,UPI,Successful,POS
68514,UPI,Failed,POS
68515,UPI,Failed,Online
68516,UPI,Successful,Online
68517,UPI,Successful,POS
68518,Net Banking,Successful,POS
68519,Credit Card,Failed,Online
68520,Wallet,Successful,Online
68521,Credit Card,Refunded,POS
68522,UPI,Refunded,Online
68523,Credit Card,Successful,Online
68524,Wallet,Successful,Online
68525,Credit Card,Successful,POS
68526,UPI,Refunded,Online
68527,Net Banking,Refunded,Online
68528,UPI,Failed,POS
68529,Debit Card,Successful,Online
68530,Credit Card,Failed,Online
68531,UPI,Failed,POS
68532,UPI,Successful,Online
68533,Net Banking,Failed,Online
68534,Net Banking,Failed,POS
68535,Credit Card,Failed,Online
68536,UPI,Failed,Online
68537,UPI,Successful,POS
68538,UPI,Successful,Online
68539,Credit Card,Refunded,Online
68540,UPI,Successful,POS
68541,UPI,Refunded,Online
68542,Credit Card,Successful,Online
68543,Debit Card,Failed,Online
68544,Net Banking,Refunded,Online
68545,Credit Card,Failed,Online
68546,Debit Card,Successful,Online
68547,UPI,Successful,Online
68548,Credit Card,Successful,Online
68549,Debit Card,Refunded,Online
68550,Debit Card,Successful,Online
68551,Credit Card,Successful,Online
68552,Credit Card,Successful,Online
68553,Net Banking,Successful,Online
68554,Credit Card,Refunded,POS
68555,Credit Card,Refunded,Online
68556,Debit Card,Successful,Online
68557,UPI,Successful,Online
68558,Credit Card,Refunded,Online
68559,Wallet,Refunded,Online
68560,UPI,Successful,Online
68561,UPI,Refunded,Online
68562,Credit Card,Refunded,Online
68563,UPI,Successful,POS
68564,Credit Card,Successful,POS
68565,UPI,Successful,POS
68566,Credit Card,Successful,Online
68567,Credit Card,Successful,Online
68568,Credit Card,Successful,POS
68569,Credit Card,Refunded,POS
68570,UPI,Successful,Online
68571,UPI,Failed,Online
68572,Credit Card,Successful,Online
68573,UPI,Refunded,Online
68574,Debit Card,Refunded,POS
68575,Debit Card,Failed,Online
68576,UPI,Refunded,Online
68577,UPI,Successful,Online
68578,UPI,Successful,Online
68579,Credit Card,Successful,Online
68580,UPI,Successful,POS
68581,UPI,Successful,Online
68582,UPI,Successful,POS
68583,Wallet,Successful,Online
68584,Debit Card,Successful,Online
68585,Net Banking,Successful,Online
68586,UPI,Successful,POS
68587,UPI,Successful,Online
68588,UPI,Successful,Online
68589,Wallet,Successful,Online
68590,UPI,Failed,POS
68591,Credit Card,Successful,Online
68592,Credit Card,Successful,Online
68593,Debit Card,Successful,Online
68594,UPI,Failed,Online
68595,Credit Card,Refunded,Online
68596,Wallet,Refunded,Online
68597,Credit Card,Successful,Online
68598,Credit Card,Successful,Online
68599,Credit Card,Failed,Online
68600,Debit Card,Successful,POS
68601,UPI,Failed,Online
68602,UPI,Failed,POS
68603,Debit Card,Refunded,Online
68604,Credit Card,Successful,POS
68605,Net Banking,Successful,Online
68606,Credit Card,Successful,Online
68607,Credit Card,Failed,POS
68608,UPI,Failed,Online
68609,Debit Card,Successful,Online
68610,Debit Card,Successful,Online
68611,Credit Card,Failed,Online
68612,UPI,Successful,Online
68613,Wallet,Refunded,Online
68614,UPI,Refunded,Online
68615,UPI,Successful,Online
68616,Wallet,Successful,POS
68617,Debit Card,Successful,Online
68618,Credit Card,Successful,Online
68619,Net Banking,Failed,POS
68620,UPI,Failed,Online
68621,UPI,Failed,Online
68622,Debit Card,Failed,Online
68623,UPI,Successful,POS
68624,Net Banking,Successful,Online
68625,Net Banking,Successful,Online
68626,UPI,Successful,Online
68627,Net Banking,Successful,Online
68628,UPI,Successful,POS
68629,Credit Card,Failed,Online
68630,Net Banking,Successful,Online
68631,Net Banking,Successful,Online
68632,UPI,Successful,POS
68633,UPI,Failed,POS
68634,UPI,Failed,Online
68635,Credit Card,Successful,Online
68636,Credit Card,Successful,POS
68637,UPI,Successful,Online
68638,Credit Card,Successful,Online
68639,Net Banking,Successful,Online
68640,Credit Card,Successful,Online
68641,UPI,Successful,POS
68642,Wallet,Refunded,Online
68643,UPI,Successful,Online
68644,Debit Card,Successful,POS
68645,UPI,Successful,POS
68646,Credit Card,Successful,POS
68647,Credit Card,Successful,POS
68648,Credit Card,Failed,Online
68649,Credit Card,Successful,Online
68650,UPI,Successful,Online
68651,Credit Card,Successful,Online
68652,Credit Card,Successful,Online
68653,UPI,Successful,Online
68654,Wallet,Successful,POS
68655,Net Banking,Successful,Online
68656,Net Banking,Successful,Online
68657,Debit Card,Refunded,Online
68658,UPI,Successful,Online
68659,Credit Card,Failed,POS
68660,Net Banking,Successful,Online
68661,UPI,Successful,Online
68662,Credit Card,Failed,Online
68663,Credit Card,Successful,Online
68664,UPI,Successful,POS
68665,UPI,Successful,Online
68666,Wallet,Successful,Online
68667,Debit Card,Successful,Online
68668,UPI,Successful,POS
68669,Credit Card,Successful,POS
68670,UPI,Successful,Online
68671,Credit Card,Successful,POS
68672,Net Banking,Failed,Online
68673,Credit Card,Failed,Online
68674,Debit Card,Successful,Online
68675,Credit Card,Successful,POS
68676,Credit Card,Failed,Online
68677,Debit Card,Successful,Online
68678,Debit Card,Successful,POS
68679,Debit Card,Successful,POS
68680,Wallet,Successful,Online
68681,Debit Card,Failed,Online
68682,Debit Card,Failed,Online
68683,Net Banking,Failed,Online
68684,UPI,Successful,Online
68685,Credit Card,Refunded,Online
68686,Credit Card,Failed,Online
68687,Credit Card,Successful,Online
68688,Net Banking,Failed,Online
68689,UPI,Failed,POS
68690,UPI,Refunded,POS
68691,Net Banking,Successful,Online
68692,UPI,Successful,POS
68693,UPI,Successful,Online
68694,UPI,Failed,Online
68695,Debit Card,Failed,POS
68696,Credit Card,Successful,POS
68697,Wallet,Refunded,Online
68698,UPI,Successful,Online
68699,Net Banking,Successful,Online
68700,UPI,Successful,POS
68701,UPI,Failed,POS
68702,Credit Card,Successful,Online
68703,UPI,Successful,Online
68704,Credit Card,Failed,Online
68705,UPI,Successful,POS
68706,UPI,Refunded,POS
68707,Net Banking,Successful,POS
68708,Credit Card,Successful,Online
68709,Wallet,Refunded,Online
68710,Net Banking,Successful,Online
68711,UPI,Failed,Online
68712,Credit Card,Successful,Online
68713,Credit Card,Successful,Online
68714,Debit Card,Successful,Online
68715,Net Banking,Failed,Online
68716,Credit Card,Successful,POS
68717,UPI,Successful,POS
68718,Credit Card,Refunded,Online
68719,Net Banking,Refunded,Online
68720,Debit Card,Failed,Online
68721,Net Banking,Successful,POS
68722,Debit Card,Successful,POS
68723,UPI,Refunded,POS
68724,Wallet,Successful,Online
68725,Net Banking,Failed,Online
68726,UPI,Failed,Online
68727,UPI,Failed,Online
68728,Credit Card,Successful,Online
68729,Debit Card,Failed,POS
68730,Credit Card,Successful,Online
68731,UPI,Successful,POS
68732,Credit Card,Successful,Online
68733,UPI,Failed,Online
68734,UPI,Successful,POS
68735,Credit Card,Successful,Online
68736,Net Banking,Failed,Online
68737,Credit Card,Successful,Online
68738,Debit Card,Successful,Online
68739,Debit Card,Successful,Online
68740,Credit Card,Refunded,Online
68741,UPI,Successful,Online
68742,UPI,Successful,Online
68743,UPI,Failed,Online
68744,Net Banking,Failed,Online
68745,Net Banking,Failed,Online
68746,Credit Card,Successful,Online
68747,Net Banking,Failed,Online
68748,Net Banking,Successful,Online
68749,Net Banking,Refunded,Online
68750,UPI,Successful,Online
68751,Debit Card,Refunded,Online
68752,Credit Card,Failed,Online
68753,Debit Card,Successful,Online
68754,UPI,Refunded,Online
68755,Debit Card,Successful,Online
68756,Credit Card,Successful,POS
68757,Net Banking,Successful,Online
68758,Debit Card,Refunded,Online
68759,UPI,Refunded,Online
68760,UPI,Successful,Online
68761,Debit Card,Refunded,Online
68762,Credit Card,Successful,Online
68763,Credit Card,Refunded,POS
68764,Debit Card,Refunded,Online
68765,Net Banking,Successful,POS
68766,UPI,Failed,POS
68767,Credit Card,Refunded,POS
68768,Net Banking,Successful,Online
68769,Net Banking,Successful,Online
68770,UPI,Successful,POS
68771,UPI,Successful,Online
68772,UPI,Failed,Online
68773,Wallet,Failed,Online
68774,Credit Card,Successful,Online
68775,Credit Card,Refunded,Online
68776,UPI,Successful,Online
68777,UPI,Refunded,Online
68778,Debit Card,Successful,POS
68779,Credit Card,Successful,POS
68780,Credit Card,Failed,POS
68781,UPI,Successful,Online
68782,UPI,Successful,Online
68783,Debit Card,Failed,Online
68784,UPI,Successful,Online
68785,Net Banking,Failed,Online
68786,UPI,Successful,Online
68787,UPI,Refunded,Online
68788,Credit Card,Successful,POS
68789,Wallet,Successful,Online
68790,UPI,Successful,Online
68791,Debit Card,Successful,Online
68792,Credit Card,Successful,Online
68793,UPI,Successful,Online
68794,UPI,Refunded,Online
68795,Net Banking,Successful,Online
68796,UPI,Successful,POS
68797,Debit Card,Successful,POS
68798,Wallet,Successful,POS
68799,UPI,Successful,Online
68800,Credit Card,Failed,POS
68801,UPI,Failed,Online
68802,UPI,Successful,Online
68803,UPI,Successful,POS
68804,Credit Card,Successful,Online
68805,Debit Card,Failed,Online
68806,Debit Card,Successful,Online
68807,Net Banking,Successful,POS
68808,UPI,Successful,Online
68809,UPI,Successful,POS
68810,UPI,Successful,Online
68811,UPI,Successful,Online
68812,UPI,Successful,Online
68813,Credit Card,Successful,Online
68814,Net Banking,Failed,Online
68815,Wallet,Successful,Online
68816,UPI,Successful,Online
68817,Net Banking,Failed,Online
68818,Net Banking,Successful,Online
68819,Credit Card,Refunded,Online
68820,UPI,Failed,Online
68821,Wallet,Successful,Online
68822,Debit Card,Successful,POS
68823,Wallet,Failed,Online
68824,Credit Card,Successful,Online
68825,Credit Card,Successful,Online
68826,UPI,Refunded,Online
68827,Wallet,Refunded,POS
68828,UPI,Refunded,Online
68829,UPI,Successful,Online
68830,Credit Card,Successful,Online
68831,UPI,Successful,Online
68832,UPI,Refunded,Online
68833,Credit Card,Successful,Online
68834,UPI,Refunded,Online
68835,Credit Card,Failed,Online
68836,UPI,Failed,Online
68837,Credit Card,Successful,Online
68838,UPI,Successful,Online
68839,UPI,Refunded,Online
68840,Debit Card,Failed,Online
68841,UPI,Successful,Online
68842,UPI,Successful,Online
68843,Credit Card,Failed,Online
68844,UPI,Failed,Online
68845,UPI,Refunded,Online
68846,Credit Card,Successful,POS
68847,Debit Card,Failed,POS
68848,Debit Card,Failed,Online
68849,Credit Card,Refunded,Online
68850,Credit Card,Successful,POS
68851,Debit Card,Successful,Online
68852,UPI,Successful,POS
68853,UPI,Successful,Online
68854,Debit Card,Successful,Online
68855,Credit Card,Successful,Online
68856,Debit Card,Successful,Online
68857,UPI,Refunded,Online
68858,UPI,Refunded,Online
68859,Net Banking,Refunded,Online
68860,Credit Card,Successful,Online
68861,Credit Card,Refunded,Online
68862,UPI,Refunded,Online
68863,UPI,Successful,Online
68864,UPI,Successful,Online
68865,Credit Card,Refunded,Online
68866,Wallet,Successful,Online
68867,Net Banking,Refunded,Online
68868,Credit Card,Successful,Online
68869,Net Banking,Successful,POS
68870,Credit Card,Successful,Online
68871,UPI,Failed,Online
68872,UPI,Successful,POS
68873,Debit Card,Successful,Online
68874,UPI,Refunded,Online
68875,Credit Card,Successful,Online
68876,Net Banking,Successful,Online
68877,UPI,Successful,Online
68878,UPI,Refunded,Online
68879,UPI,Successful,Online
68880,Credit Card,Refunded,Online
68881,UPI,Failed,Online
68882,Credit Card,Successful,Online
68883,UPI,Successful,Online
68884,Credit Card,Successful,Online
68885,UPI,Failed,Online
68886,Wallet,Successful,Online
68887,Credit Card,Failed,Online
68888,Debit Card,Failed,POS
68889,Debit Card,Refunded,Online
68890,Credit Card,Successful,Online
68891,UPI,Successful,POS
68892,Credit Card,Refunded,Online
68893,Debit Card,Refunded,Online
68894,Credit Card,Refunded,Online
68895,UPI,Successful,Online
68896,UPI,Successful,POS
68897,UPI,Refunded,POS
68898,UPI,Failed,Online
68899,Net Banking,Successful,Online
68900,UPI,Successful,POS
68901,Credit Card,Successful,POS
68902,Debit Card,Successful,Online
68903,Debit Card,Successful,Online
68904,Credit Card,Successful,Online
68905,UPI,Failed,Online
68906,UPI,Failed,Online
68907,Credit Card,Failed,Online
68908,UPI,Successful,Online
68909,UPI,Successful,POS
68910,UPI,Refunded,Online
68911,Net Banking,Successful,Online
68912,UPI,Failed,Online
68913,Credit Card,Failed,Online
68914,Wallet,Failed,Online
68915,Debit Card,Successful,POS
68916,UPI,Successful,Online
68917,UPI,Refunded,Online
68918,Wallet,Successful,Online
68919,UPI,Successful,Online
68920,Debit Card,Successful,Online
68921,Net Banking,Successful,Online
68922,UPI,Failed,Online
68923,Debit Card,Failed,POS
68924,Wallet,Refunded,POS
68925,Credit Card,Successful,POS
68926,Credit Card,Successful,Online
68927,Net Banking,Failed,Online
68928,Credit Card,Refunded,POS
68929,Debit Card,Refunded,Online
68930,Credit Card,Successful,Online
68931,UPI,Successful,Online
68932,UPI,Successful,POS
68933,UPI,Refunded,Online
68934,UPI,Successful,Online
68935,UPI,Failed,POS
68936,Credit Card,Successful,Online
68937,UPI,Successful,Online
68938,Net Banking,Successful,Online
68939,Debit Card,Successful,POS
68940,Credit Card,Successful,Online
68941,Credit Card,Refunded,Online
68942,UPI,Refunded,POS
68943,Credit Card,Successful,Online
68944,Credit Card,Failed,POS
68945,Debit Card,Refunded,POS
68946,UPI,Refunded,Online
68947,Debit Card,Failed,Online
68948,Debit Card,Successful,POS
68949,Credit Card,Successful,Online
68950,UPI,Successful,Online
68951,Credit Card,Successful,Online
68952,Credit Card,Failed,POS
68953,Credit Card,Successful,POS
68954,Credit Card,Failed,Online
68955,UPI,Failed,POS
68956,UPI,Successful,Online
68957,UPI,Successful,Online
68958,UPI,Successful,Online
68959,UPI,Successful,Online
68960,UPI,Failed,Online
68961,UPI,Successful,POS
68962,Debit Card,Failed,POS
68963,Debit Card,Successful,Online
68964,UPI,Failed,Online
68965,UPI,Successful,Online
68966,Net Banking,Refunded,POS
68967,Credit Card,Successful,Online
68968,UPI,Successful,Online
68969,Debit Card,Refunded,Online
68970,UPI,Successful,POS
68971,Credit Card,Successful,POS
68972,Wallet,Successful,Online
68973,UPI,Failed,Online
68974,Net Banking,Failed,POS
68975,UPI,Refunded,Online
68976,Credit Card,Successful,POS
68977,Credit Card,Successful,Online
68978,Debit Card,Successful,Online
68979,UPI,Successful,Online
68980,Credit Card,Successful,Online
68981,Debit Card,Successful,Online
68982,Credit Card,Successful,Online
68983,UPI,Failed,Online
68984,UPI,Refunded,Online
68985,Debit Card,Successful,Online
68986,Net Banking,Refunded,POS
68987,Credit Card,Failed,Online
68988,Credit Card,Refunded,POS
68989,UPI,Successful,Online
68990,Credit Card,Refunded,Online
68991,UPI,Successful,Online
68992,Debit Card,Successful,Online
68993,Wallet,Failed,Online
68994,Debit Card,Successful,POS
68995,UPI,Refunded,Online
68996,Credit Card,Successful,Online
68997,UPI,Refunded,Online
68998,UPI,Successful,Online
68999,UPI,Refunded,Online
69000,UPI,Successful,Online
69001,Debit Card,Successful,Online
69002,Credit Card,Successful,Online
69003,Net Banking,Successful,Online
69004,UPI,Refunded,Online
69005,UPI,Successful,Online
69006,UPI,Successful,Online
69007,UPI,Successful,POS
69008,Wallet,Refunded,POS
69009,Credit Card,Successful,Online
69010,Wallet,Refunded,POS
69011,Credit Card,Successful,POS
69012,UPI,Successful,Online
69013,UPI,Successful,Online
69014,Net Banking,Failed,Online
69015,UPI,Failed,POS
69016,Wallet,Refunded,Online
69017,Credit Card,Refunded,POS
69018,UPI,Successful,Online
69019,Credit Card,Successful,Online
69020,UPI,Successful,POS
69021,UPI,Failed,Online
69022,Net Banking,Successful,Online
69023,Credit Card,Successful,POS
69024,Credit Card,Failed,Online
69025,UPI,Refunded,Online
69026,UPI,Successful,Online
69027,UPI,Successful,Online
69028,Credit Card,Successful,Online
69029,Debit Card,Successful,Online
69030,Credit Card,Refunded,POS
69031,Debit Card,Successful,POS
69032,UPI,Refunded,Online
69033,UPI,Failed,Online
69034,UPI,Refunded,Online
69035,Debit Card,Successful,Online
69036,Debit Card,Successful,Online
69037,UPI,Successful,Online
69038,UPI,Failed,Online
69039,Debit Card,Successful,POS
69040,Net Banking,Successful,Online
69041,Debit Card,Successful,POS
69042,UPI,Failed,Online
69043,Credit Card,Refunded,Online
69044,Debit Card,Refunded,Online
69045,UPI,Successful,POS
69046,Credit Card,Successful,Online
69047,UPI,Failed,Online
69048,UPI,Successful,Online
69049,Wallet,Successful,Online
69050,Net Banking,Successful,POS
69051,Credit Card,Successful,Online
69052,UPI,Failed,POS
69053,Debit Card,Failed,Online
69054,UPI,Refunded,POS
69055,UPI,Successful,Online
69056,Credit Card,Successful,Online
69057,Credit Card,Successful,POS
69058,UPI,Successful,Online
69059,Credit Card,Successful,Online
69060,UPI,Successful,Online
69061,Net Banking,Successful,Online
69062,Net Banking,Successful,Online
69063,Debit Card,Failed,Online
69064,Credit Card,Failed,POS
69065,UPI,Refunded,Online
69066,Debit Card,Refunded,POS
69067,Net Banking,Refunded,Online
69068,UPI,Refunded,POS
69069,Credit Card,Successful,Online
69070,UPI,Successful,Online
69071,UPI,Successful,Online
69072,Credit Card,Successful,Online
69073,Wallet,Successful,POS
69074,UPI,Successful,Online
69075,Credit Card,Successful,Online
69076,Wallet,Failed,Online
69077,Credit Card,Successful,Online
69078,Net Banking,Successful,Online
69079,UPI,Successful,POS
69080,Wallet,Failed,Online
69081,UPI,Successful,Online
69082,Wallet,Successful,Online
69083,UPI,Successful,Online
69084,Credit Card,Failed,Online
69085,UPI,Failed,Online
69086,Credit Card,Refunded,Online
69087,UPI,Successful,Online
69088,Wallet,Successful,Online
69089,UPI,Failed,Online
69090,Debit Card,Refunded,POS
69091,UPI,Refunded,Online
69092,Net Banking,Successful,POS
69093,Credit Card,Successful,Online
69094,Wallet,Successful,Online
69095,Credit Card,Successful,Online
69096,UPI,Successful,Online
69097,UPI,Successful,Online
69098,Debit Card,Successful,Online
69099,Debit Card,Failed,Online
69100,Debit Card,Successful,Online
69101,UPI,Successful,POS
69102,Credit Card,Successful,Online
69103,Net Banking,Successful,POS
69104,UPI,Successful,POS
69105,UPI,Successful,Online
69106,Debit Card,Successful,Online
69107,UPI,Successful,Online
69108,Debit Card,Refunded,Online
69109,Credit Card,Successful,POS
69110,Wallet,Successful,Online
69111,Net Banking,Refunded,POS
69112,Debit Card,Successful,Online
69113,UPI,Successful,POS
69114,UPI,Refunded,Online
69115,Net Banking,Refunded,Online
69116,Credit Card,Refunded,POS
69117,Debit Card,Refunded,Online
69118,Credit Card,Successful,Online
69119,UPI,Refunded,Online
69120,UPI,Successful,Online
69121,UPI,Successful,POS
69122,Debit Card,Successful,Online
69123,Debit Card,Successful,POS
69124,UPI,Successful,POS
69125,Credit Card,Successful,POS
69126,Net Banking,Successful,POS
69127,Debit Card,Failed,Online
69128,Credit Card,Successful,Online
69129,UPI,Successful,Online
69130,Net Banking,Successful,POS
69131,Credit Card,Refunded,Online
69132,Net Banking,Failed,Online
69133,Debit Card,Successful,POS
69134,Debit Card,Successful,Online
69135,Wallet,Successful,POS
69136,Debit Card,Successful,Online
69137,UPI,Successful,Online
69138,UPI,Successful,Online
69139,UPI,Refunded,Online
69140,UPI,Successful,Online
69141,UPI,Refunded,Online
69142,Credit Card,Refunded,POS
69143,UPI,Successful,Online
69144,Credit Card,Successful,Online
69145,Net Banking,Successful,Online
69146,Debit Card,Successful,Online
69147,Wallet,Refunded,Online
69148,UPI,Successful,Online
69149,Credit Card,Successful,Online
69150,UPI,Failed,Online
69151,Credit Card,Successful,Online
69152,Credit Card,Successful,Online
69153,UPI,Successful,Online
69154,UPI,Successful,Online
69155,Debit Card,Failed,POS
69156,Debit Card,Failed,Online
69157,Credit Card,Successful,Online
69158,UPI,Refunded,Online
69159,Credit Card,Failed,Online
69160,UPI,Successful,Online
69161,Wallet,Refunded,Online
69162,Net Banking,Successful,POS
69163,UPI,Successful,Online
69164,UPI,Successful,POS
69165,Credit Card,Successful,POS
69166,UPI,Successful,Online
69167,Net Banking,Successful,POS
69168,Debit Card,Successful,Online
69169,UPI,Failed,POS
69170,UPI,Refunded,Online
69171,Debit Card,Successful,Online
69172,Credit Card,Failed,Online
69173,Credit Card,Successful,Online
69174,UPI,Successful,Online
69175,UPI,Failed,POS
69176,Debit Card,Successful,Online
69177,Credit Card,Refunded,POS
69178,UPI,Successful,POS
69179,UPI,Successful,POS
69180,Credit Card,Refunded,POS
69181,Debit Card,Successful,POS
69182,UPI,Failed,Online
69183,Debit Card,Successful,Online
69184,UPI,Successful,Online
69185,UPI,Successful,Online
69186,Debit Card,Successful,Online
69187,Debit Card,Failed,Online
69188,UPI,Successful,Online
69189,UPI,Successful,POS
69190,UPI,Successful,POS
69191,Net Banking,Successful,Online
69192,UPI,Failed,POS
69193,UPI,Successful,POS
69194,UPI,Successful,Online
69195,Credit Card,Successful,Online
69196,Debit Card,Refunded,Online
69197,UPI,Successful,Online
69198,Credit Card,Successful,Online
69199,UPI,Failed,Online
69200,Credit Card,Failed,Online
69201,UPI,Failed,Online
69202,UPI,Refunded,Online
69203,UPI,Successful,Online
69204,Debit Card,Successful,Online
69205,Debit Card,Refunded,Online
69206,Credit Card,Successful,POS
69207,UPI,Successful,POS
69208,UPI,Failed,Online
69209,Credit Card,Successful,POS
69210,Net Banking,Successful,Online
69211,Wallet,Successful,Online
69212,Credit Card,Refunded,Online
69213,UPI,Successful,Online
69214,Debit Card,Failed,Online
69215,UPI,Refunded,Online
69216,Credit Card,Refunded,Online
69217,UPI,Failed,Online
69218,UPI,Successful,Online
69219,UPI,Successful,Online
69220,Credit Card,Refunded,Online
69221,Credit Card,Successful,Online
69222,Debit Card,Successful,Online
69223,Debit Card,Successful,Online
69224,Wallet,Successful,Online
69225,UPI,Failed,POS
69226,Credit Card,Successful,POS
69227,Credit Card,Successful,Online
69228,Debit Card,Successful,Online
69229,UPI,Successful,Online
69230,UPI,Refunded,Online
69231,UPI,Successful,Online
69232,Wallet,Successful,POS
69233,Net Banking,Failed,Online
69234,Credit Card,Successful,Online
69235,Net Banking,Successful,Online
69236,UPI,Successful,POS
69237,UPI,Refunded,Online
69238,Debit Card,Successful,Online
69239,UPI,Refunded,Online
69240,UPI,Successful,Online
69241,Net Banking,Successful,Online
69242,Credit Card,Successful,Online
69243,Wallet,Failed,Online
69244,UPI,Failed,Online
69245,UPI,Successful,POS
69246,UPI,Successful,Online
69247,Net Banking,Failed,Online
69248,UPI,Failed,POS
69249,UPI,Successful,Online
69250,UPI,Successful,Online
69251,Debit Card,Refunded,Online
69252,UPI,Successful,Online
69253,UPI,Failed,Online
69254,Credit Card,Failed,Online
69255,Credit Card,Failed,Online
69256,UPI,Failed,POS
69257,UPI,Refunded,Online
69258,Net Banking,Successful,Online
69259,UPI,Successful,Online
69260,UPI,Successful,Online
69261,UPI,Failed,Online
69262,Wallet,Successful,Online
69263,UPI,Refunded,Online
69264,Debit Card,Successful,Online
69265,Net Banking,Successful,Online
69266,UPI,Successful,Online
69267,UPI,Successful,Online
69268,Debit Card,Successful,POS
69269,Debit Card,Failed,POS
69270,Debit Card,Successful,Online
69271,Net Banking,Successful,Online
69272,UPI,Successful,Online
69273,Debit Card,Successful,Online
69274,UPI,Successful,Online
69275,Credit Card,Successful,POS
69276,Credit Card,Refunded,Online
69277,UPI,Successful,Online
69278,UPI,Successful,Online
69279,UPI,Successful,Online
69280,Credit Card,Failed,Online
69281,Net Banking,Successful,Online
69282,Credit Card,Successful,Online
69283,Debit Card,Successful,Online
69284,UPI,Successful,Online
69285,UPI,Failed,Online
69286,UPI,Successful,Online
69287,UPI,Failed,Online
69288,Credit Card,Refunded,Online
69289,Net Banking,Failed,POS
69290,Credit Card,Refunded,Online
69291,Credit Card,Refunded,Online
69292,UPI,Successful,Online
69293,UPI,Successful,Online
69294,UPI,Failed,Online
69295,Debit Card,Successful,Online
69296,Credit Card,Refunded,Online
69297,UPI,Refunded,Online
69298,Credit Card,Successful,Online
69299,Credit Card,Successful,Online
69300,UPI,Failed,Online
69301,Credit Card,Successful,Online
69302,Debit Card,Successful,Online
69303,UPI,Refunded,POS
69304,Debit Card,Successful,Online
69305,UPI,Successful,POS
69306,Debit Card,Failed,Online
69307,Net Banking,Successful,Online
69308,Credit Card,Failed,POS
69309,UPI,Successful,POS
69310,Credit Card,Successful,Online
69311,UPI,Successful,POS
69312,UPI,Failed,POS
69313,Debit Card,Successful,Online
69314,UPI,Successful,POS
69315,UPI,Successful,POS
69316,Debit Card,Successful,Online
69317,Debit Card,Successful,POS
69318,UPI,Successful,Online
69319,Debit Card,Successful,Online
69320,Net Banking,Refunded,POS
69321,UPI,Refunded,POS
69322,Credit Card,Successful,POS
69323,Debit Card,Successful,Online
69324,Debit Card,Successful,POS
69325,UPI,Refunded,Online
69326,UPI,Failed,POS
69327,Debit Card,Successful,Online
69328,Wallet,Successful,Online
69329,Debit Card,Successful,Online
69330,Wallet,Successful,Online
69331,Credit Card,Refunded,Online
69332,Net Banking,Failed,POS
69333,Debit Card,Successful,Online
69334,Net Banking,Successful,Online
69335,UPI,Failed,Online
69336,Debit Card,Failed,POS
69337,UPI,Failed,Online
69338,UPI,Failed,Online
69339,Credit Card,Failed,Online
69340,UPI,Successful,Online
69341,UPI,Failed,Online
69342,Wallet,Failed,Online
69343,Debit Card,Refunded,Online
69344,Net Banking,Successful,Online
69345,Wallet,Successful,Online
69346,Credit Card,Successful,POS
69347,UPI,Successful,POS
69348,UPI,Failed,Online
69349,Credit Card,Successful,POS
69350,Credit Card,Successful,Online
69351,Credit Card,Successful,Online
69352,Credit Card,Successful,Online
69353,UPI,Successful,Online
69354,Credit Card,Failed,Online
69355,UPI,Failed,Online
69356,Net Banking,Successful,POS
69357,UPI,Successful,POS
69358,Credit Card,Successful,POS
69359,UPI,Successful,Online
69360,Debit Card,Successful,POS
69361,UPI,Successful,Online
69362,UPI,Successful,POS
69363,Credit Card,Successful,Online
69364,Net Banking,Successful,Online
69365,Net Banking,Successful,Online
69366,UPI,Refunded,Online
69367,Debit Card,Successful,Online
69368,UPI,Refunded,Online
69369,UPI,Successful,Online
69370,Credit Card,Successful,POS
69371,UPI,Successful,POS
69372,Debit Card,Refunded,Online
69373,Net Banking,Successful,Online
69374,UPI,Refunded,POS
69375,UPI,Refunded,Online
69376,Credit Card,Failed,Online
69377,Credit Card,Refunded,Online
69378,Net Banking,Successful,Online
69379,Net Banking,Successful,Online
69380,Credit Card,Successful,POS
69381,UPI,Successful,POS
69382,Debit Card,Failed,Online
69383,UPI,Successful,Online
69384,Wallet,Successful,Online
69385,UPI,Failed,Online
69386,Credit Card,Refunded,POS
69387,UPI,Successful,Online
69388,Credit Card,Successful,Online
69389,Credit Card,Successful,POS
69390,Debit Card,Successful,Online
69391,Debit Card,Failed,Online
69392,Credit Card,Successful,Online
69393,UPI,Successful,Online
69394,Net Banking,Refunded,Online
69395,Debit Card,Successful,Online
69396,UPI,Successful,Online
69397,Net Banking,Successful,POS
69398,Wallet,Refunded,Online
69399,Credit Card,Successful,Online
69400,UPI,Failed,Online
69401,Credit Card,Successful,Online
69402,UPI,Failed,Online
69403,Debit Card,Successful,Online
69404,Credit Card,Refunded,Online
69405,Net Banking,Successful,Online
69406,Credit Card,Successful,Online
69407,UPI,Failed,Online
69408,Debit Card,Successful,Online
69409,UPI,Successful,Online
69410,UPI,Successful,Online
69411,Credit Card,Refunded,POS
69412,UPI,Successful,Online
69413,Wallet,Successful,Online
69414,Credit Card,Successful,Online
69415,Debit Card,Successful,Online
69416,UPI,Successful,POS
69417,Debit Card,Successful,POS
69418,Credit Card,Successful,Online
69419,Credit Card,Successful,Online
69420,Wallet,Failed,Online
69421,Credit Card,Failed,Online
69422,Debit Card,Successful,POS
69423,UPI,Successful,Online
69424,UPI,Refunded,Online
69425,Net Banking,Successful,Online
69426,Debit Card,Successful,Online
69427,Credit Card,Successful,POS
69428,Net Banking,Successful,Online
69429,Credit Card,Failed,Online
69430,Credit Card,Successful,Online
69431,Credit Card,Failed,Online
69432,Credit Card,Successful,Online
69433,UPI,Successful,Online
69434,Credit Card,Successful,POS
69435,Wallet,Successful,Online
69436,UPI,Successful,Online
69437,UPI,Failed,POS
69438,UPI,Refunded,Online
69439,UPI,Refunded,POS
69440,Credit Card,Successful,Online
69441,UPI,Successful,Online
69442,Credit Card,Successful,Online
69443,Credit Card,Failed,Online
69444,Debit Card,Refunded,POS
69445,Wallet,Successful,Online
69446,Credit Card,Successful,POS
69447,UPI,Successful,Online
69448,UPI,Refunded,POS
69449,Debit Card,Failed,Online
69450,Debit Card,Successful,POS
69451,UPI,Successful,Online
69452,UPI,Successful,Online
69453,Debit Card,Successful,POS
69454,Credit Card,Refunded,Online
69455,Credit Card,Failed,Online
69456,UPI,Successful,POS
69457,Credit Card,Successful,Online
69458,Debit Card,Successful,POS
69459,Net Banking,Successful,POS
69460,Debit Card,Successful,Online
69461,Credit Card,Refunded,Online
69462,Debit Card,Successful,Online
69463,Credit Card,Successful,POS
69464,UPI,Successful,Online
69465,Net Banking,Successful,POS
69466,Credit Card,Successful,Online
69467,Credit Card,Successful,Online
69468,Wallet,Successful,Online
69469,Wallet,Refunded,POS
69470,Credit Card,Successful,Online
69471,UPI,Refunded,Online
69472,Credit Card,Refunded,POS
69473,Net Banking,Successful,Online
69474,UPI,Failed,POS
69475,Wallet,Refunded,POS
69476,UPI,Successful,Online
69477,Credit Card,Successful,Online
69478,Credit Card,Successful,Online
69479,UPI,Successful,POS
69480,Wallet,Successful,Online
69481,Credit Card,Successful,POS
69482,UPI,Refunded,Online
69483,Credit Card,Successful,Online
69484,Debit Card,Successful,Online
69485,UPI,Successful,Online
69486,Net Banking,Successful,Online
69487,UPI,Refunded,POS
69488,UPI,Refunded,Online
69489,UPI,Successful,POS
69490,UPI,Refunded,Online
69491,UPI,Refunded,Online
69492,Wallet,Successful,Online
69493,UPI,Successful,Online
69494,UPI,Successful,POS
69495,UPI,Failed,Online
69496,Credit Card,Successful,POS
69497,Debit Card,Successful,POS
69498,Debit Card,Refunded,Online
69499,UPI,Successful,POS
69500,Debit Card,Successful,Online
69501,Credit Card,Failed,Online
69502,Credit Card,Successful,POS
69503,UPI,Successful,POS
69504,Debit Card,Refunded,POS
69505,UPI,Successful,Online
69506,UPI,Successful,POS
69507,UPI,Refunded,Online
69508,Credit Card,Successful,Online
69509,UPI,Successful,Online
69510,Credit Card,Failed,Online
69511,Net Banking,Refunded,Online
69512,Credit Card,Failed,POS
69513,Credit Card,Failed,POS
69514,Debit Card,Successful,Online
69515,Debit Card,Refunded,Online
69516,UPI,Successful,Online
69517,Credit Card,Failed,Online
69518,Debit Card,Successful,Online
69519,UPI,Successful,Online
69520,UPI,Successful,Online
69521,UPI,Successful,Online
69522,Wallet,Refunded,POS
69523,UPI,Successful,Online
69524,UPI,Failed,Online
69525,Credit Card,Successful,Online
69526,Net Banking,Refunded,Online
69527,UPI,Successful,Online
69528,Debit Card,Successful,Online
69529,Debit Card,Successful,Online
69530,Credit Card,Successful,Online
69531,Net Banking,Failed,POS
69532,UPI,Refunded,POS
69533,Net Banking,Successful,Online
69534,Net Banking,Successful,Online
69535,Net Banking,Failed,Online
69536,Debit Card,Successful,POS
69537,Net Banking,Failed,POS
69538,UPI,Successful,POS
69539,UPI,Failed,Online
69540,UPI,Successful,Online
69541,UPI,Refunded,Online
69542,Debit Card,Successful,Online
69543,UPI,Successful,Online
69544,UPI,Successful,Online
69545,Debit Card,Successful,Online
69546,Net Banking,Failed,Online
69547,Debit Card,Failed,Online
69548,Net Banking,Successful,Online
69549,Credit Card,Failed,Online
69550,Net Banking,Refunded,POS
69551,Credit Card,Failed,Online
69552,Wallet,Refunded,Online
69553,UPI,Refunded,POS
69554,Debit Card,Refunded,POS
69555,Credit Card,Successful,Online
69556,Credit Card,Successful,POS
69557,Debit Card,Failed,Online
69558,Net Banking,Successful,POS
69559,Net Banking,Successful,Online
69560,UPI,Successful,Online
69561,UPI,Failed,Online
69562,UPI,Refunded,Online
69563,UPI,Successful,POS
69564,UPI,Successful,POS
69565,Debit Card,Successful,POS
69566,Credit Card,Successful,Online
69567,Debit Card,Successful,Online
69568,Credit Card,Successful,POS
69569,Credit Card,Successful,Online
69570,UPI,Successful,POS
69571,Debit Card,Successful,Online
69572,Debit Card,Successful,Online
69573,UPI,Failed,Online
69574,UPI,Successful,Online
69575,UPI,Successful,POS
69576,Debit Card,Successful,Online
69577,Debit Card,Failed,Online
69578,Credit Card,Successful,Online
69579,UPI,Successful,Online
69580,UPI,Successful,Online
69581,UPI,Successful,Online
69582,UPI,Refunded,Online
69583,UPI,Successful,POS
69584,UPI,Successful,Online
69585,Credit Card,Successful,Online
69586,UPI,Successful,POS
69587,Credit Card,Refunded,Online
69588,Credit Card,Successful,Online
69589,Debit Card,Successful,Online
69590,Credit Card,Successful,POS
69591,UPI,Successful,POS
69592,Debit Card,Failed,Online
69593,Net Banking,Successful,Online
69594,UPI,Refunded,POS
69595,UPI,Refunded,POS
69596,Net Banking,Failed,POS
69597,Net Banking,Refunded,Online
69598,UPI,Successful,Online
69599,UPI,Successful,Online
69600,Debit Card,Successful,Online
69601,UPI,Failed,Online
69602,Net Banking,Failed,Online
69603,UPI,Successful,POS
69604,Net Banking,Successful,POS
69605,UPI,Failed,Online
69606,UPI,Successful,Online
69607,Wallet,Failed,Online
69608,UPI,Successful,Online
69609,UPI,Successful,POS
69610,Net Banking,Refunded,Online
69611,UPI,Successful,POS
69612,UPI,Successful,POS
69613,UPI,Refunded,Online
69614,Credit Card,Refunded,Online
69615,Debit Card,Successful,Online
69616,Net Banking,Refunded,Online
69617,Credit Card,Successful,Online
69618,Credit Card,Successful,POS
69619,UPI,Successful,Online
69620,Net Banking,Successful,POS
69621,Debit Card,Refunded,POS
69622,Net Banking,Failed,Online
69623,Wallet,Successful,POS
69624,UPI,Successful,Online
69625,Credit Card,Refunded,POS
69626,Credit Card,Successful,Online
69627,UPI,Successful,Online
69628,UPI,Refunded,Online
69629,Net Banking,Failed,Online
69630,Credit Card,Successful,POS
69631,Credit Card,Successful,Online
69632,Credit Card,Successful,Online
69633,Debit Card,Failed,Online
69634,UPI,Failed,Online
69635,Credit Card,Successful,Online
69636,Credit Card,Failed,Online
69637,Net Banking,Failed,Online
69638,Credit Card,Successful,POS
69639,Wallet,Successful,Online
69640,UPI,Successful,Online
69641,Wallet,Successful,Online
69642,Net Banking,Refunded,Online
69643,Credit Card,Refunded,Online
69644,UPI,Successful,Online
69645,UPI,Successful,Online
69646,Debit Card,Failed,Online
69647,Credit Card,Successful,Online
69648,Credit Card,Successful,Online
69649,Credit Card,Failed,Online
69650,Debit Card,Successful,POS
69651,UPI,Failed,Online
69652,UPI,Failed,POS
69653,UPI,Successful,Online
69654,UPI,Failed,Online
69655,Credit Card,Refunded,Online
69656,Debit Card,Successful,POS
69657,UPI,Failed,Online
69658,UPI,Successful,Online
69659,Credit Card,Successful,Online
69660,Wallet,Refunded,Online
69661,UPI,Refunded,Online
69662,Wallet,Failed,Online
69663,UPI,Successful,Online
69664,UPI,Successful,POS
69665,Debit Card,Failed,Online
69666,Credit Card,Successful,Online
69667,Debit Card,Refunded,Online
69668,Net Banking,Successful,Online
69669,UPI,Refunded,POS
69670,Debit Card,Failed,POS
69671,Credit Card,Successful,Online
69672,Net Banking,Failed,POS
69673,Credit Card,Refunded,Online
69674,UPI,Successful,Online
69675,Credit Card,Refunded,Online
69676,Wallet,Failed,POS
69677,UPI,Successful,Online
69678,UPI,Failed,Online
69679,UPI,Successful,Online
69680,Debit Card,Successful,Online
69681,UPI,Successful,Online
69682,UPI,Refunded,POS
69683,Credit Card,Failed,Online
69684,UPI,Successful,POS
69685,UPI,Successful,Online
69686,Credit Card,Successful,Online
69687,UPI,Refunded,Online
69688,UPI,Successful,Online
69689,UPI,Successful,Online
69690,UPI,Failed,Online
69691,Debit Card,Failed,POS
69692,Credit Card,Successful,Online
69693,Credit Card,Successful,POS
69694,UPI,Successful,Online
69695,UPI,Successful,POS
69696,Net Banking,Successful,Online
69697,UPI,Successful,Online
69698,UPI,Failed,POS
69699,Net Banking,Successful,POS
69700,Debit Card,Refunded,POS
69701,Debit Card,Failed,Online
69702,Debit Card,Successful,Online
69703,UPI,Successful,POS
69704,Wallet,Refunded,Online
69705,Net Banking,Successful,Online
69706,UPI,Successful,Online
69707,Debit Card,Successful,Online
69708,Credit Card,Successful,Online
69709,Debit Card,Refunded,Online
69710,UPI,Refunded,Online
69711,Credit Card,Successful,Online
69712,UPI,Successful,Online
69713,Credit Card,Failed,Online
69714,UPI,Failed,Online
69715,Credit Card,Successful,Online
69716,Debit Card,Refunded,Online
69717,Net Banking,Successful,Online
69718,UPI,Successful,Online
69719,Net Banking,Successful,Online
69720,Credit Card,Failed,Online
69721,Net Banking,Successful,Online
69722,Credit Card,Successful,Online
69723,Net Banking,Failed,Online
69724,Debit Card,Failed,Online
69725,Credit Card,Failed,Online
69726,UPI,Successful,Online
69727,Wallet,Refunded,Online
69728,Debit Card,Successful,Online
69729,Credit Card,Refunded,POS
69730,UPI,Successful,Online
69731,Debit Card,Failed,Online
69732,Wallet,Successful,Online
69733,UPI,Successful,Online
69734,Net Banking,Successful,POS
69735,UPI,Refunded,POS
69736,Wallet,Refunded,Online
69737,Debit Card,Failed,POS
69738,UPI,Refunded,Online
69739,UPI,Successful,Online
69740,Credit Card,Successful,POS
69741,Credit Card,Successful,POS
69742,Net Banking,Refunded,Online
69743,Debit Card,Refunded,Online
69744,Credit Card,Successful,POS
69745,Net Banking,Successful,Online
69746,Credit Card,Successful,Online
69747,Net Banking,Refunded,Online
69748,Net Banking,Failed,Online
69749,Net Banking,Refunded,Online
69750,UPI,Refunded,Online
69751,Credit Card,Successful,Online
69752,Credit Card,Refunded,Online
69753,Credit Card,Failed,POS
69754,Credit Card,Failed,Online
69755,Net Banking,Failed,Online
69756,UPI,Successful,POS
69757,Credit Card,Failed,POS
69758,UPI,Successful,Online
69759,UPI,Successful,Online
69760,Debit Card,Refunded,Online
69761,UPI,Refunded,Online
69762,UPI,Refunded,POS
69763,Credit Card,Failed,Online
69764,UPI,Failed,POS
69765,UPI,Failed,POS
69766,Net Banking,Successful,POS
69767,Net Banking,Successful,Online
69768,UPI,Successful,Online
69769,UPI,Successful,POS
69770,Net Banking,Successful,POS
69771,UPI,Refunded,Online
69772,Credit Card,Refunded,Online
69773,Credit Card,Successful,POS
69774,Debit Card,Refunded,Online
69775,Wallet,Successful,Online
69776,UPI,Successful,Online
69777,Credit Card,Successful,POS
69778,Debit Card,Refunded,Online
69779,Wallet,Successful,Online
69780,Net Banking,Successful,Online
69781,Debit Card,Successful,Online
69782,Net Banking,Successful,Online
69783,UPI,Successful,POS
69784,UPI,Successful,Online
69785,UPI,Successful,Online
69786,UPI,Failed,POS
69787,Credit Card,Successful,POS
69788,Net Banking,Refunded,Online
69789,Credit Card,Failed,POS
69790,Debit Card,Successful,Online
69791,UPI,Successful,Online
69792,Debit Card,Successful,Online
69793,Credit Card,Failed,Online
69794,Debit Card,Refunded,Online
69795,UPI,Failed,Online
69796,Credit Card,Failed,Online
69797,Credit Card,Successful,POS
69798,Credit Card,Successful,Online
69799,UPI,Refunded,Online
69800,Credit Card,Refunded,Online
69801,UPI,Failed,POS
69802,Debit Card,Failed,POS
69803,Debit Card,Successful,Online
69804,Net Banking,Failed,Online
69805,Credit Card,Successful,Online
69806,UPI,Successful,Online
69807,Debit Card,Successful,POS
69808,Credit Card,Successful,Online
69809,UPI,Refunded,Online
69810,Debit Card,Refunded,Online
69811,UPI,Successful,Online
69812,UPI,Failed,Online
69813,Debit Card,Failed,Online
69814,Debit Card,Failed,Online
69815,Debit Card,Refunded,POS
69816,UPI,Successful,Online
69817,Net Banking,Failed,POS
69818,Debit Card,Successful,Online
69819,Net Banking,Refunded,POS
69820,Debit Card,Successful,Online
69821,Credit Card,Successful,Online
69822,UPI,Successful,Online
69823,Debit Card,Successful,Online
69824,Debit Card,Successful,Online
69825,UPI,Successful,POS
69826,Debit Card,Successful,Online
69827,Credit Card,Failed,Online
69828,Credit Card,Successful,Online
69829,UPI,Successful,Online
69830,UPI,Refunded,Online
69831,UPI,Successful,Online
69832,Debit Card,Successful,Online
69833,UPI,Successful,Online
69834,UPI,Successful,Online
69835,Wallet,Successful,Online
69836,UPI,Refunded,Online
69837,Debit Card,Refunded,Online
69838,Net Banking,Failed,POS
69839,Credit Card,Successful,Online
69840,Debit Card,Successful,Online
69841,Wallet,Successful,Online
69842,Net Banking,Successful,POS
69843,Credit Card,Failed,Online
69844,UPI,Refunded,POS
69845,Credit Card,Successful,Online
69846,Net Banking,Failed,POS
69847,Net Banking,Successful,POS
69848,Net Banking,Successful,Online
69849,Credit Card,Successful,Online
69850,Credit Card,Successful,Online
69851,UPI,Successful,Online
69852,UPI,Successful,Online
69853,Debit Card,Successful,Online
69854,UPI,Failed,POS
69855,UPI,Successful,Online
69856,Net Banking,Successful,Online
69857,UPI,Refunded,POS
69858,Net Banking,Successful,Online
69859,UPI,Successful,Online
69860,Net Banking,Failed,Online
69861,Credit Card,Successful,Online
69862,UPI,Failed,Online
69863,Debit Card,Failed,POS
69864,Net Banking,Refunded,Online
69865,Credit Card,Failed,Online
69866,Debit Card,Failed,POS
69867,Wallet,Refunded,POS
69868,UPI,Successful,POS
69869,Net Banking,Failed,POS
69870,UPI,Successful,Online
69871,Credit Card,Failed,Online
69872,UPI,Successful,Online
69873,Credit Card,Successful,Online
69874,UPI,Successful,Online
69875,UPI,Successful,Online
69876,Credit Card,Successful,Online
69877,Credit Card,Successful,POS
69878,Credit Card,Successful,Online
69879,Credit Card,Failed,Online
69880,UPI,Failed,Online
69881,Wallet,Successful,POS
69882,Credit Card,Successful,Online
69883,UPI,Failed,Online
69884,Credit Card,Failed,Online
69885,Debit Card,Successful,Online
69886,UPI,Successful,Online
69887,UPI,Successful,POS
69888,Net Banking,Failed,Online
69889,Credit Card,Successful,Online
69890,Credit Card,Successful,Online
69891,Net Banking,Successful,Online
69892,UPI,Refunded,Online
69893,Credit Card,Refunded,Online
69894,UPI,Refunded,Online
69895,UPI,Refunded,POS
69896,UPI,Failed,Online
69897,Credit Card,Successful,Online
69898,UPI,Successful,Online
69899,Credit Card,Failed,POS
69900,Wallet,Refunded,Online
69901,Debit Card,Successful,Online
69902,UPI,Successful,POS
69903,UPI,Refunded,POS
69904,Credit Card,Successful,Online
69905,Credit Card,Failed,Online
69906,Wallet,Successful,Online
69907,Wallet,Failed,Online
69908,Credit Card,Failed,Online
69909,UPI,Successful,POS
69910,Net Banking,Refunded,POS
69911,Debit Card,Refunded,Online
69912,Credit Card,Successful,Online
69913,UPI,Failed,Online
69914,Credit Card,Successful,Online
69915,Net Banking,Successful,Online
69916,UPI,Successful,Online
69917,Debit Card,Successful,Online
69918,UPI,Successful,Online
69919,Net Banking,Failed,POS
69920,Credit Card,Refunded,Online
69921,UPI,Successful,Online
69922,UPI,Successful,POS
69923,Credit Card,Successful,Online
69924,UPI,Successful,Online
69925,Credit Card,Failed,Online
69926,UPI,Successful,POS
69927,UPI,Successful,Online
69928,Credit Card,Successful,POS
69929,Credit Card,Successful,Online
69930,Credit Card,Successful,Online
69931,Credit Card,Failed,Online
69932,Credit Card,Successful,Online
69933,Credit Card,Successful,Online
69934,UPI,Successful,Online
69935,UPI,Successful,POS
69936,UPI,Successful,Online
69937,Debit Card,Successful,Online
69938,Credit Card,Successful,Online
69939,Credit Card,Successful,POS
69940,Debit Card,Successful,POS
69941,UPI,Failed,Online
69942,Credit Card,Successful,Online
69943,UPI,Successful,Online
69944,Debit Card,Successful,Online
69945,Debit Card,Refunded,Online
69946,Debit Card,Failed,POS
69947,Net Banking,Successful,POS
69948,Debit Card,Failed,Online
69949,Net Banking,Failed,Online
69950,UPI,Successful,Online
69951,UPI,Failed,Online
69952,Wallet,Successful,Online
69953,Net Banking,Failed,Online
69954,Credit Card,Refunded,Online
69955,UPI,Failed,Online
69956,Net Banking,Successful,Online
69957,UPI,Successful,Online
69958,UPI,Refunded,POS
69959,Credit Card,Successful,Online
69960,UPI,Refunded,Online
69961,UPI,Successful,Online
69962,Debit Card,Successful,POS
69963,UPI,Successful,Online
69964,Net Banking,Refunded,Online
69965,Wallet,Successful,Online
69966,Debit Card,Successful,Online
69967,Wallet,Successful,Online
69968,Credit Card,Failed,POS
69969,Credit Card,Successful,Online
69970,Net Banking,Successful,Online
69971,Credit Card,Successful,Online
69972,Credit Card,Failed,POS
69973,Credit Card,Refunded,Online
69974,Debit Card,Successful,Online
69975,Debit Card,Successful,Online
69976,Debit Card,Successful,POS
69977,Debit Card,Refunded,POS
69978,Debit Card,Successful,Online
69979,Credit Card,Refunded,POS
69980,UPI,Successful,Online
69981,Debit Card,Successful,POS
69982,UPI,Refunded,Online
69983,Wallet,Failed,Online
69984,Net Banking,Refunded,POS
69985,Debit Card,Successful,Online
69986,Wallet,Successful,Online
69987,Credit Card,Successful,Online
69988,UPI,Successful,Online
69989,Credit Card,Successful,Online
69990,UPI,Failed,Online
69991,UPI,Failed,Online
69992,Credit Card,Successful,Online
69993,Debit Card,Successful,POS
69994,Credit Card,Failed,Online
69995,Credit Card,Successful,POS
69996,UPI,Successful,Online
69997,Credit Card,Refunded,Online
69998,UPI,Successful,Online
69999,UPI,Successful,POS
70000,Debit Card,Successful,Online
