Customer_ID,Customer_Name,Gender,Age,City,State,Loyalty_Status
1001,Customer_1001,Female,57,Pune,Maharashtra,Regular
1002,Customer_1002,Female,30,Hyderabad,Telangana,Regular
1003,Customer_1003,Male,49,Jaipur,Rajasthan,Silver
1004,Customer_1004,Male,54,Chennai,Tamil Nadu,Regular
1005,Customer_1005,Male,32,Pune,Maharashtra,Regular
1006,Customer_1006,Female,29,Lucknow,Uttar Pradesh,Regular
1007,Customer_1007,Female,32,Bengaluru,Karnataka,Regular
1008,Customer_1008,Female,51,Pune,Maharashtra,Platinum
1009,Customer_1009,Male,23,Jaipur,Rajasthan,Regular
1010,Customer_1010,Male,34,Chennai,Tamil Nadu,Platinum
1011,Customer_1011,Male,65,Hyderabad,Telangana,Regular
1012,Customer_1012,Male,37,Jaipur,Rajasthan,Silver
1013,Customer_1013,Female,26,Jaipur,Rajasthan,Regular
1014,Customer_1014,Female,22,Bengaluru,Karnataka,Gold
1015,Customer_1015,Male,40,Kolkata,West Bengal,Gold
1016,Customer_1016,Female,50,Chennai,Tamil Nadu,Regular
1017,Customer_1017,Male,55,Mumbai,Maharashtra,Gold
1018,Customer_1018,Female,31,Jaipur,Rajasthan,Regular
1019,Customer_1019,Male,34,Kolkata,West Bengal,Silver
1020,Customer_1020,Male,36,Mumbai,Maharashtra,Platinum
1021,Customer_1021,Male,50,Chennai,Tamil Nadu,Gold
1022,Customer_1022,Male,18,Delhi,Delhi,Platinum
1023,Customer_1023,Male,30,Lucknow,Uttar Pradesh,Regular
1024,Customer_1024,Female,63,Kolkata,West Bengal,Regular
1025,Customer_1025,Female,44,Ahmedabad,Gujarat,Regular
1026,Customer_1026,Female,23,Delhi,Delhi,Regular
1027,Customer_1027,Male,23,Lucknow,Uttar Pradesh,Gold
1028,Customer_1028,Female,50,Bengaluru,Karnataka,Regular
1029,Customer_1029,Male,47,Pune,Maharashtra,Silver
1030,Customer_1030,Male,63,Hyderabad,Telangana,Regular
1031,Customer_1031,Female,52,Ahmedabad,Gujarat,Regular
1032,Customer_1032,Female,40,Bengaluru,Karnataka,Silver
1033,Customer_1033,Male,27,Chennai,Tamil Nadu,Regular
1034,Customer_1034,Male,36,Bengaluru,Karnataka,Gold
1035,Customer_1035,Other,45,Pune,Maharashtra,Regular
1036,Customer_1036,Male,40,Chennai,Tamil Nadu,Gold
1037,Customer_1037,Male,21,Ahmedabad,Gujarat,Regular
1038,Customer_1038,Male,37,Pune,Maharashtra,Regular
1039,Customer_1039,Male,36,Mumbai,Maharashtra,Silver
1040,Customer_1040,Male,59,Hyderabad,Telangana,Gold
1041,Customer_1041,Male,44,Ahmedabad,Gujarat,Regular
1042,Customer_1042,Female,51,Mumbai,Maharashtra,Regular
1043,Customer_1043,Male,21,Lucknow,Uttar Pradesh,Regular
1044,Customer_1044,Female,55,Ahmedabad,Gujarat,Regular
1045,Customer_1045,Other,24,Lucknow,Uttar Pradesh,Gold
1046,Customer_1046,Female,65,Chennai,Tamil Nadu,Gold
1047,Customer_1047,Male,24,Mumbai,Maharashtra,Regular
1048,Customer_1048,Male,43,Hyderabad,Telangana,Regular
1049,Customer_1049,Female,43,Pune,Maharashtra,Gold
1050,Customer_1050,Female,36,Jaipur,Rajasthan,Regular
1051,Customer_1051,Male,26,Bengaluru,Karnataka,Silver
1052,Customer_1052,Female,37,Delhi,Delhi,Regular
1053,Customer_1053,Male,59,Hyderabad,Telangana,Silver
1054,Customer_1054,Male,62,Mumbai,Maharashtra,Regular
1055,Customer_1055,Male,33,Jaipur,Rajasthan,Gold
1056,Customer_1056,Male,34,Hyderabad,Telangana,Regular
1057,Customer_1057,Male,39,Mumbai,Maharashtra,Regular
1058,Customer_1058,Female,30,Kolkata,West Bengal,Gold
1059,Customer_1059,Female,29,Kolkata,West Bengal,Regular
1060,Customer_1060,Male,27,Lucknow,Uttar Pradesh,Regular
1061,Customer_1061,Male,18,Hyderabad,Telangana,Regular
1062,Customer_1062,Male,49,Kolkata,West Bengal,Regular
1063,Customer_1063,Male,47,Mumbai,Maharashtra,Gold
1064,Customer_1064,Female,25,Lucknow,Uttar Pradesh,Silver
1065,Customer_1065,Female,38,Mumbai,Maharashtra,Regular
1066,Customer_1066,Female,39,Lucknow,Uttar Pradesh,Silver
1067,Customer_1067,Female,35,Hyderabad,Telangana,Regular
1068,Customer_1068,Male,19,Jaipur,Rajasthan,Gold
1069,Customer_1069,Male,65,Pune,Maharashtra,Regular
1070,Customer_1070,Male,61,Ahmedabad,Gujarat,Silver
1071,Customer_1071,Male,26,Jaipur,Rajasthan,Regular
1072,Customer_1072,Female,20,Chennai,Tamil Nadu,Regular
1073,Customer_1073,Male,43,Mumbai,Maharashtra,Regular
1074,Customer_1074,Male,38,Chennai,Tamil Nadu,Regular
1075,Customer_1075,Female,47,Jaipur,Rajasthan,Silver
1076,Customer_1076,Female,45,Lucknow,Uttar Pradesh,Regular
1077,Customer_1077,Female,53,Ahmedabad,Gujarat,Platinum
1078,Customer_1078,Male,43,Ahmedabad,Gujarat,Regular
1079,Customer_1079,Male,51,Delhi,Delhi,Silver
1080,Customer_1080,Male,25,Ahmedabad,Gujarat,Platinum
1081,Customer_1081,Male,27,Pune,Maharashtra,Silver
1082,Customer_1082,Male,65,Ahmedabad,Gujarat,Gold
1083,Customer_1083,Male,60,Jaipur,Rajasthan,Gold
1084,Customer_1084,Female,31,Delhi,Delhi,Regular
1085,Customer_1085,Male,57,Jaipur,Rajasthan,Silver
1086,Customer_1086,Female,32,Jaipur,Rajasthan,Regular
1087,Customer_1087,Female,34,Bengaluru,Karnataka,Regular
1088,Customer_1088,Male,35,Delhi,Delhi,Regular
1089,Customer_1089,Female,49,Jaipur,Rajasthan,Silver
1090,Customer_1090,Male,55,Bengaluru,Karnataka,Regular
1091,Customer_1091,Male,40,Bengaluru,Karnataka,Regular
1092,Customer_1092,Female,63,Delhi,Delhi,Regular
1093,Customer_1093,Male,40,Chennai,Tamil Nadu,Platinum
1094,Customer_1094,Other,52,Lucknow,Uttar Pradesh,Regular
1095,Customer_1095,Male,56,Pune,Maharashtra,Regular
1096,Customer_1096,Female,32,Lucknow,Uttar Pradesh,Regular
1097,Customer_1097,Male,41,Ahmedabad,Gujarat,Platinum
1098,Customer_1098,Male,45,Pune,Maharashtra,Platinum
1099,Customer_1099,Male,33,Ahmedabad,Gujarat,Silver
1100,Customer_1100,Female,33,Jaipur,Rajasthan,Gold
1101,Customer_1101,Female,57,Mumbai,Maharashtra,Regular
1102,Customer_1102,Female,56,Delhi,Delhi,Platinum
1103,Customer_1103,Male,23,Pune,Maharashtra,Regular
1104,Customer_1104,Female,19,Pune,Maharashtra,Regular
1105,Customer_1105,Female,30,Jaipur,Rajasthan,Regular
1106,Customer_1106,Female,61,Chennai,Tamil Nadu,Silver
1107,Customer_1107,Male,64,Bengaluru,Karnataka,Gold
1108,Customer_1108,Female,26,Jaipur,Rajasthan,Regular
1109,Customer_1109,Female,51,Kolkata,West Bengal,Platinum
1110,Customer_1110,Male,34,Bengaluru,Karnataka,Regular
1111,Customer_1111,Female,44,Delhi,Delhi,Regular
1112,Customer_1112,Female,46,Bengaluru,Karnataka,Regular
1113,Customer_1113,Male,54,Chennai,Tamil Nadu,Silver
1114,Customer_1114,Male,60,Bengaluru,Karnataka,Gold
1115,Customer_1115,Male,39,Delhi,Delhi,Regular
1116,Customer_1116,Female,41,Chennai,Tamil Nadu,Silver
1117,Customer_1117,Female,24,Lucknow,Uttar Pradesh,Regular
1118,Customer_1118,Male,51,Pune,Maharashtra,Silver
1119,Customer_1119,Female,65,Pune,Maharashtra,Platinum
1120,Customer_1120,Female,29,Ahmedabad,Gujarat,Regular
1121,Customer_1121,Male,40,Lucknow,Uttar Pradesh,Gold
1122,Customer_1122,Female,32,Lucknow,Uttar Pradesh,Silver
1123,Customer_1123,Other,50,Bengaluru,Karnataka,Regular
1124,Customer_1124,Female,30,Pune,Maharashtra,Platinum
1125,Customer_1125,Female,40,Delhi,Delhi,Regular
1126,Customer_1126,Other,55,Hyderabad,Telangana,Regular
1127,Customer_1127,Female,49,Hyderabad,Telangana,Regular
1128,Customer_1128,Male,62,Chennai,Tamil Nadu,Regular
1129,Customer_1129,Female,52,Pune,Maharashtra,Gold
1130,Customer_1130,Female,18,Pune,Maharashtra,Silver
1131,Customer_1131,Female,64,Hyderabad,Telangana,Gold
1132,Customer_1132,Male,62,Pune,Maharashtra,Regular
1133,Customer_1133,Female,22,Bengaluru,Karnataka,Regular
1134,Customer_1134,Male,30,Kolkata,West Bengal,Regular
1135,Customer_1135,Female,22,Mumbai,Maharashtra,Regular
1136,Customer_1136,Male,49,Lucknow,Uttar Pradesh,Platinum
1137,Customer_1137,Male,38,Ahmedabad,Gujarat,Silver
1138,Customer_1138,Male,41,Chennai,Tamil Nadu,Regular
1139,Customer_1139,Male,35,Kolkata,West Bengal,Gold
1140,Customer_1140,Female,38,Hyderabad,Telangana,Gold
1141,Customer_1141,Female,27,Lucknow,Uttar Pradesh,Regular
1142,Customer_1142,Female,41,Pune,Maharashtra,Gold
1143,Customer_1143,Male,57,Ahmedabad,Gujarat,Regular
1144,Customer_1144,Male,64,Pune,Maharashtra,Regular
1145,Customer_1145,Female,38,Delhi,Delhi,Regular
1146,Customer_1146,Female,42,Delhi,Delhi,Regular
1147,Customer_1147,Male,40,Ahmedabad,Gujarat,Regular
1148,Customer_1148,Male,39,Ahmedabad,Gujarat,Regular
1149,Customer_1149,Male,21,Hyderabad,Telangana,Regular
1150,Customer_1150,Female,51,Ahmedabad,Gujarat,Silver
1151,Customer_1151,Female,23,Bengaluru,Karnataka,Platinum
1152,Customer_1152,Male,45,Pune,Maharashtra,Gold
1153,Customer_1153,Male,48,Kolkata,West Bengal,Regular
1154,Customer_1154,Female,52,Jaipur,Rajasthan,Regular
1155,Customer_1155,Male,56,Ahmedabad,Gujarat,Regular
1156,Customer_1156,Male,59,Chennai,Tamil Nadu,Regular
1157,Customer_1157,Female,40,Delhi,Delhi,Silver
1158,Customer_1158,Male,23,Bengaluru,Karnataka,Silver
1159,Customer_1159,Male,33,Lucknow,Uttar Pradesh,Silver
1160,Customer_1160,Female,19,Jaipur,Rajasthan,Silver
1161,Customer_1161,Female,41,Kolkata,West Bengal,Regular
1162,Customer_1162,Female,34,Jaipur,Rajasthan,Regular
1163,Customer_1163,Female,62,Ahmedabad,Gujarat,Silver
1164,Customer_1164,Female,18,Hyderabad,Telangana,Regular
1165,Customer_1165,Female,23,Delhi,Delhi,Regular
1166,Customer_1166,Male,22,Delhi,Delhi,Regular
1167,Customer_1167,Female,62,Lucknow,Uttar Pradesh,Regular
1168,Customer_1168,Other,46,Hyderabad,Telangana,Regular
1169,Customer_1169,Male,29,Pune,Maharashtra,Gold
1170,Customer_1170,Male,56,Mumbai,Maharashtra,Gold
1171,Customer_1171,Male,64,Bengaluru,Karnataka,Regular
1172,Customer_1172,Male,20,Delhi,Delhi,Regular
1173,Customer_1173,Male,65,Chennai,Tamil Nadu,Silver
1174,Customer_1174,Female,18,Delhi,Delhi,Regular
1175,Customer_1175,Female,44,Jaipur,Rajasthan,Regular
1176,Customer_1176,Male,65,Delhi,Delhi,Regular
1177,Customer_1177,Male,41,Delhi,Delhi,Regular
1178,Customer_1178,Male,61,Mumbai,Maharashtra,Gold
1179,Customer_1179,Female,36,Mumbai,Maharashtra,Gold
1180,Customer_1180,Male,25,Kolkata,West Bengal,Regular
1181,Customer_1181,Male,61,Pune,Maharashtra,Regular
1182,Customer_1182,Male,64,Chennai,Tamil Nadu,Regular
1183,Customer_1183,Male,19,Delhi,Delhi,Regular
1184,Customer_1184,Male,47,Delhi,Delhi,Platinum
1185,Customer_1185,Female,47,Bengaluru,Karnataka,Silver
1186,Customer_1186,Female,56,Mumbai,Maharashtra,Regular
1187,Customer_1187,Female,62,Chennai,Tamil Nadu,Silver
1188,Customer_1188,Male,49,Lucknow,Uttar Pradesh,Gold
1189,Customer_1189,Female,18,Kolkata,West Bengal,Gold
1190,Customer_1190,Female,55,Pune,Maharashtra,Regular
1191,Customer_1191,Male,30,Hyderabad,Telangana,Regular
1192,Customer_1192,Female,28,Pune,Maharashtra,Silver
1193,Customer_1193,Male,27,Jaipur,Rajasthan,Regular
1194,Customer_1194,Female,65,Delhi,Delhi,Platinum
1195,Customer_1195,Male,43,Kolkata,West Bengal,Silver
1196,Customer_1196,Other,37,Jaipur,Rajasthan,Platinum
1197,Customer_1197,Male,34,Chennai,Tamil Nadu,Regular
1198,Customer_1198,Female,34,Hyderabad,Telangana,Gold
1199,Customer_1199,Female,21,Mumbai,Maharashtra,Regular
1200,Customer_1200,Female,22,Kolkata,West Bengal,Platinum
1201,Customer_1201,Male,40,Kolkata,West Bengal,Regular
1202,Customer_1202,Male,63,Delhi,Delhi,Regular
1203,Customer_1203,Female,27,Ahmedabad,Gujarat,Gold
1204,Customer_1204,Male,63,Kolkata,West Bengal,Regular
1205,Customer_1205,Male,45,Bengaluru,Karnataka,Regular
1206,Customer_1206,Female,50,Hyderabad,Telangana,Platinum
1207,Customer_1207,Female,60,Hyderabad,Telangana,Regular
1208,Customer_1208,Male,43,Bengaluru,Karnataka,Silver
1209,Customer_1209,Male,65,Lucknow,Uttar Pradesh,Regular
1210,Customer_1210,Male,46,Bengaluru,Karnataka,Gold
1211,Customer_1211,Female,44,Bengaluru,Karnataka,Silver
1212,Customer_1212,Female,35,Hyderabad,Telangana,Regular
1213,Customer_1213,Female,57,Pune,Maharashtra,Regular
1214,Customer_1214,Female,27,Hyderabad,Telangana,Silver
1215,Customer_1215,Male,59,Ahmedabad,Gujarat,Regular
1216,Customer_1216,Male,22,Delhi,Delhi,Regular
1217,Customer_1217,Male,27,Jaipur,Rajasthan,Silver
1218,Customer_1218,Male,38,Pune,Maharashtra,Regular
1219,Customer_1219,Female,41,Mumbai,Maharashtra,Regular
1220,Customer_1220,Female,55,Jaipur,Rajasthan,Silver
1221,Customer_1221,Male,20,Delhi,Delhi,Regular
1222,Customer_1222,Male,57,Ahmedabad,Gujarat,Regular
1223,Customer_1223,Female,48,Ahmedabad,Gujarat,Regular
1224,Customer_1224,Female,58,Mumbai,Maharashtra,Silver
1225,Customer_1225,Male,54,Pune,Maharashtra,Silver
1226,Customer_1226,Female,19,Lucknow,Uttar Pradesh,Silver
1227,Customer_1227,Female,19,Bengaluru,Karnataka,Regular
1228,Customer_1228,Male,56,Pune,Maharashtra,Regular
1229,Customer_1229,Female,59,Lucknow,Uttar Pradesh,Regular
1230,Customer_1230,Male,61,Ahmedabad,Gujarat,Regular
1231,Customer_1231,Female,51,Hyderabad,Telangana,Platinum
1232,Customer_1232,Other,59,Delhi,Delhi,Regular
1233,Customer_1233,Female,37,Mumbai,Maharashtra,Regular
1234,Customer_1234,Female,50,Delhi,Delhi,Regular
1235,Customer_1235,Male,21,Chennai,Tamil Nadu,Silver
1236,Customer_1236,Female,62,Chennai,Tamil Nadu,Silver
1237,Customer_1237,Female,61,Pune,Maharashtra,Silver
1238,Customer_1238,Female,28,Ahmedabad,Gujarat,Gold
1239,Customer_1239,Female,59,Ahmedabad,Gujarat,Regular
1240,Customer_1240,Female,64,Bengaluru,Karnataka,Regular
1241,Customer_1241,Female,22,Bengaluru,Karnataka,Regular
1242,Customer_1242,Male,42,Bengaluru,Karnataka,Silver
1243,Customer_1243,Female,54,Hyderabad,Telangana,Silver
1244,Customer_1244,Female,51,Jaipur,Rajasthan,Regular
1245,Customer_1245,Female,26,Kolkata,West Bengal,Silver
1246,Customer_1246,Female,23,Jaipur,Rajasthan,Silver
1247,Customer_1247,Male,35,Delhi,Delhi,Gold
1248,Customer_1248,Male,31,Jaipur,Rajasthan,Silver
1249,Customer_1249,Female,36,Hyderabad,Telangana,Gold
1250,Customer_1250,Female,31,Delhi,Delhi,Regular
1251,Customer_1251,Male,57,Jaipur,Rajasthan,Silver
1252,Customer_1252,Female,34,Hyderabad,Telangana,Gold
1253,Customer_1253,Male,52,Kolkata,West Bengal,Regular
1254,Customer_1254,Female,46,Jaipur,Rajasthan,Gold
1255,Customer_1255,Male,59,Hyderabad,Telangana,Silver
1256,Customer_1256,Male,34,Bengaluru,Karnataka,Regular
1257,Customer_1257,Male,60,Ahmedabad,Gujarat,Silver
1258,Customer_1258,Male,25,Bengaluru,Karnataka,Regular
1259,Customer_1259,Male,18,Ahmedabad,Gujarat,Platinum
1260,Customer_1260,Male,62,Mumbai,Maharashtra,Gold
1261,Customer_1261,Male,53,Mumbai,Maharashtra,Regular
1262,Customer_1262,Female,24,Mumbai,Maharashtra,Regular
1263,Customer_1263,Female,63,Kolkata,West Bengal,Silver
1264,Customer_1264,Male,22,Bengaluru,Karnataka,Regular
1265,Customer_1265,Other,41,Ahmedabad,Gujarat,Regular
1266,Customer_1266,Male,45,Hyderabad,Telangana,Regular
1267,Customer_1267,Female,60,Delhi,Delhi,Regular
1268,Customer_1268,Female,34,Hyderabad,Telangana,Regular
1269,Customer_1269,Male,54,Delhi,Delhi,Gold
1270,Customer_1270,Male,37,Chennai,Tamil Nadu,Gold
1271,Customer_1271,Male,20,Hyderabad,Telangana,Silver
1272,Customer_1272,Male,54,Jaipur,Rajasthan,Gold
1273,Customer_1273,Female,43,Jaipur,Rajasthan,Regular
1274,Customer_1274,Male,32,Pune,Maharashtra,Regular
1275,Customer_1275,Male,65,Bengaluru,Karnataka,Regular
1276,Customer_1276,Male,25,Delhi,Delhi,Silver
1277,Customer_1277,Male,30,Delhi,Delhi,Platinum
1278,Customer_1278,Female,65,Bengaluru,Karnataka,Silver
1279,Customer_1279,Male,20,Kolkata,West Bengal,Gold
1280,Customer_1280,Female,18,Pune,Maharashtra,Silver
1281,Customer_1281,Male,26,Kolkata,West Bengal,Regular
1282,Customer_1282,Male,48,Kolkata,West Bengal,Regular
1283,Customer_1283,Female,58,Kolkata,West Bengal,Regular
1284,Customer_1284,Male,43,Bengaluru,Karnataka,Regular
1285,Customer_1285,Female,34,Kolkata,West Bengal,Silver
1286,Customer_1286,Female,51,Jaipur,Rajasthan,Regular
1287,Customer_1287,Male,26,Mumbai,Maharashtra,Silver
1288,Customer_1288,Male,30,Chennai,Tamil Nadu,Silver
1289,Customer_1289,Male,22,Delhi,Delhi,Regular
1290,Customer_1290,Male,58,Delhi,Delhi,Regular
1291,Customer_1291,Male,30,Chennai,Tamil Nadu,Regular
1292,Customer_1292,Male,18,Bengaluru,Karnataka,Regular
1293,Customer_1293,Male,42,Hyderabad,Telangana,Gold
1294,Customer_1294,Female,64,Bengaluru,Karnataka,Regular
1295,Customer_1295,Female,21,Delhi,Delhi,Silver
1296,Customer_1296,Female,53,Delhi,Delhi,Gold
1297,Customer_1297,Male,27,Chennai,Tamil Nadu,Gold
1298,Customer_1298,Male,45,Kolkata,West Bengal,Gold
1299,Customer_1299,Female,23,Bengaluru,Karnataka,Regular
1300,Customer_1300,Female,44,Ahmedabad,Gujarat,Regular
1301,Customer_1301,Female,29,Chennai,Tamil Nadu,Regular
1302,Customer_1302,Male,65,Jaipur,Rajasthan,Regular
1303,Customer_1303,Female,20,Delhi,Delhi,Gold
1304,Customer_1304,Female,63,Chennai,Tamil Nadu,Silver
1305,Customer_1305,Male,50,Bengaluru,Karnataka,Regular
1306,Customer_1306,Male,27,Delhi,Delhi,Regular
1307,Customer_1307,Male,48,Hyderabad,Telangana,Regular
1308,Customer_1308,Male,32,Chennai,Tamil Nadu,Silver
1309,Customer_1309,Male,24,Pune,Maharashtra,Silver
1310,Customer_1310,Female,53,Delhi,Delhi,Gold
1311,Customer_1311,Female,31,Bengaluru,Karnataka,Platinum
1312,Customer_1312,Male,65,Mumbai,Maharashtra,Regular
1313,Customer_1313,Male,31,Ahmedabad,Gujarat,Regular
1314,Customer_1314,Male,20,Lucknow,Uttar Pradesh,Regular
1315,Customer_1315,Female,63,Kolkata,West Bengal,Regular
1316,Customer_1316,Male,20,Lucknow,Uttar Pradesh,Gold
1317,Customer_1317,Other,39,Bengaluru,Karnataka,Silver
1318,Customer_1318,Male,36,Jaipur,Rajasthan,Silver
1319,Customer_1319,Male,52,Jaipur,Rajasthan,Regular
1320,Customer_1320,Female,29,Mumbai,Maharashtra,Regular
1321,Customer_1321,Female,22,Kolkata,West Bengal,Regular
1322,Customer_1322,Male,27,Pune,Maharashtra,Regular
1323,Customer_1323,Male,58,Mumbai,Maharashtra,Silver
1324,Customer_1324,Other,50,Lucknow,Uttar Pradesh,Regular
1325,Customer_1325,Male,30,Mumbai,Maharashtra,Silver
1326,Customer_1326,Female,52,Lucknow,Uttar Pradesh,Gold
1327,Customer_1327,Male,49,Delhi,Delhi,Regular
1328,Customer_1328,Female,28,Jaipur,Rajasthan,Silver
1329,Customer_1329,Female,65,Delhi,Delhi,Regular
1330,Customer_1330,Male,55,Ahmedabad,Gujarat,Silver
1331,Customer_1331,Female,41,Kolkata,West Bengal,Silver
1332,Customer_1332,Male,52,Pune,Maharashtra,Platinum
1333,Customer_1333,Male,36,Lucknow,Uttar Pradesh,Regular
1334,Customer_1334,Female,23,Pune,Maharashtra,Regular
1335,Customer_1335,Male,57,Lucknow,Uttar Pradesh,Regular
1336,Customer_1336,Female,62,Bengaluru,Karnataka,Regular
1337,Customer_1337,Male,61,Mumbai,Maharashtra,Silver
1338,Customer_1338,Male,59,Ahmedabad,Gujarat,Gold
1339,Customer_1339,Male,52,Jaipur,Rajasthan,Regular
1340,Customer_1340,Male,21,Lucknow,Uttar Pradesh,Regular
1341,Customer_1341,Male,50,Pune,Maharashtra,Regular
1342,Customer_1342,Female,30,Ahmedabad,Gujarat,Regular
1343,Customer_1343,Female,53,Hyderabad,Telangana,Regular
1344,Customer_1344,Female,60,Hyderabad,Telangana,Regular
1345,Customer_1345,Male,36,Delhi,Delhi,Silver
1346,Customer_1346,Male,60,Jaipur,Rajasthan,Regular
1347,Customer_1347,Male,29,Bengaluru,Karnataka,Regular
1348,Customer_1348,Male,28,Pune,Maharashtra,Gold
1349,Customer_1349,Male,23,Mumbai,Maharashtra,Regular
1350,Customer_1350,Male,29,Mumbai,Maharashtra,Silver
1351,Customer_1351,Male,44,Pune,Maharashtra,Silver
1352,Customer_1352,Female,58,Kolkata,West Bengal,Silver
1353,Customer_1353,Male,42,Bengaluru,Karnataka,Regular
1354,Customer_1354,Male,59,Ahmedabad,Gujarat,Regular
1355,Customer_1355,Male,20,Lucknow,Uttar Pradesh,Gold
1356,Customer_1356,Male,20,Kolkata,West Bengal,Silver
1357,Customer_1357,Female,37,Lucknow,Uttar Pradesh,Regular
1358,Customer_1358,Male,45,Lucknow,Uttar Pradesh,Regular
1359,Customer_1359,Male,40,Kolkata,West Bengal,Regular
1360,Customer_1360,Male,65,Delhi,Delhi,Regular
1361,Customer_1361,Male,20,Hyderabad,Telangana,Silver
1362,Customer_1362,Male,59,Lucknow,Uttar Pradesh,Regular
1363,Customer_1363,Female,41,Kolkata,West Bengal,Regular
1364,Customer_1364,Female,60,Kolkata,West Bengal,Silver
1365,Customer_1365,Female,57,Chennai,Tamil Nadu,Regular
1366,Customer_1366,Male,23,Delhi,Delhi,Silver
1367,Customer_1367,Female,37,Jaipur,Rajasthan,Silver
1368,Customer_1368,Female,28,Chennai,Tamil Nadu,Regular
1369,Customer_1369,Male,49,Chennai,Tamil Nadu,Silver
1370,Customer_1370,Female,44,Pune,Maharashtra,Silver
1371,Customer_1371,Male,38,Hyderabad,Telangana,Regular
1372,Customer_1372,Male,61,Kolkata,West Bengal,Regular
1373,Customer_1373,Female,65,Hyderabad,Telangana,Regular
1374,Customer_1374,Male,30,Bengaluru,Karnataka,Gold
1375,Customer_1375,Female,39,Pune,Maharashtra,Silver
1376,Customer_1376,Male,52,Jaipur,Rajasthan,Regular
1377,Customer_1377,Female,64,Hyderabad,Telangana,Silver
1378,Customer_1378,Female,39,Mumbai,Maharashtra,Regular
1379,Customer_1379,Female,45,Lucknow,Uttar Pradesh,Silver
1380,Customer_1380,Male,38,Bengaluru,Karnataka,Silver
1381,Customer_1381,Male,63,Delhi,Delhi,Regular
1382,Customer_1382,Male,35,Jaipur,Rajasthan,Gold
1383,Customer_1383,Male,48,Bengaluru,Karnataka,Silver
1384,Customer_1384,Male,63,Lucknow,Uttar Pradesh,Silver
1385,Customer_1385,Female,54,Pune,Maharashtra,Regular
1386,Customer_1386,Female,38,Lucknow,Uttar Pradesh,Gold
1387,Customer_1387,Other,31,Chennai,Tamil Nadu,Platinum
1388,Customer_1388,Male,42,Lucknow,Uttar Pradesh,Regular
1389,Customer_1389,Male,44,Chennai,Tamil Nadu,Regular
1390,Customer_1390,Male,57,Pune,Maharashtra,Regular
1391,Customer_1391,Female,40,Ahmedabad,Gujarat,Silver
1392,Customer_1392,Female,48,Chennai,Tamil Nadu,Silver
1393,Customer_1393,Female,64,Delhi,Delhi,Regular
1394,Customer_1394,Female,46,Lucknow,Uttar Pradesh,Gold
1395,Customer_1395,Female,64,Lucknow,Uttar Pradesh,Regular
1396,Customer_1396,Male,47,Delhi,Delhi,Gold
1397,Customer_1397,Male,43,Mumbai,Maharashtra,Regular
1398,Customer_1398,Female,37,Kolkata,West Bengal,Regular
1399,Customer_1399,Male,55,Ahmedabad,Gujarat,Regular
1400,Customer_1400,Male,36,Jaipur,Rajasthan,Regular
1401,Customer_1401,Female,44,Chennai,Tamil Nadu,Silver
1402,Customer_1402,Other,42,Delhi,Delhi,Silver
1403,Customer_1403,Female,57,Pune,Maharashtra,Regular
1404,Customer_1404,Female,55,Chennai,Tamil Nadu,Regular
1405,Customer_1405,Female,40,Kolkata,West Bengal,Regular
1406,Customer_1406,Male,46,Pune,Maharashtra,Silver
1407,Customer_1407,Male,32,Bengaluru,Karnataka,Silver
1408,Customer_1408,Female,20,Lucknow,Uttar Pradesh,Regular
1409,Customer_1409,Female,27,Bengaluru,Karnataka,Silver
1410,Customer_1410,Male,32,Chennai,Tamil Nadu,Regular
1411,Customer_1411,Female,33,Kolkata,West Bengal,Gold
1412,Customer_1412,Male,34,Ahmedabad,Gujarat,Gold
1413,Customer_1413,Male,36,Chennai,Tamil Nadu,Silver
1414,Customer_1414,Female,28,Delhi,Delhi,Gold
1415,Customer_1415,Male,65,Hyderabad,Telangana,Gold
1416,Customer_1416,Male,22,Chennai,Tamil Nadu,Gold
1417,Customer_1417,Male,22,Lucknow,Uttar Pradesh,Silver
1418,Customer_1418,Female,31,Lucknow,Uttar Pradesh,Regular
1419,Customer_1419,Male,43,Chennai,Tamil Nadu,Regular
1420,Customer_1420,Female,25,Pune,Maharashtra,Regular
1421,Customer_1421,Female,22,Hyderabad,Telangana,Silver
1422,Customer_1422,Male,24,Delhi,Delhi,Regular
1423,Customer_1423,Other,33,Chennai,Tamil Nadu,Regular
1424,Customer_1424,Male,31,Pune,Maharashtra,Regular
1425,Customer_1425,Female,54,Lucknow,Uttar Pradesh,Regular
1426,Customer_1426,Female,58,Lucknow,Uttar Pradesh,Silver
1427,Customer_1427,Female,21,Kolkata,West Bengal,Gold
1428,Customer_1428,Male,53,Chennai,Tamil Nadu,Silver
1429,Customer_1429,Male,65,Hyderabad,Telangana,Silver
1430,Customer_1430,Male,34,Mumbai,Maharashtra,Silver
1431,Customer_1431,Male,64,Hyderabad,Telangana,Regular
1432,Customer_1432,Female,53,Lucknow,Uttar Pradesh,Regular
1433,Customer_1433,Male,23,Lucknow,Uttar Pradesh,Gold
1434,Customer_1434,Female,33,Bengaluru,Karnataka,Regular
1435,Customer_1435,Male,46,Lucknow,Uttar Pradesh,Regular
1436,Customer_1436,Male,53,Delhi,Delhi,Silver
1437,Customer_1437,Female,55,Jaipur,Rajasthan,Regular
1438,Customer_1438,Male,54,Chennai,Tamil Nadu,Regular
1439,Customer_1439,Female,65,Hyderabad,Telangana,Regular
1440,Customer_1440,Female,65,Jaipur,Rajasthan,Regular
1441,Customer_1441,Female,27,Pune,Maharashtra,Regular
1442,Customer_1442,Male,58,Mumbai,Maharashtra,Regular
1443,Customer_1443,Female,53,Delhi,Delhi,Silver
1444,Customer_1444,Female,46,Hyderabad,Telangana,Gold
1445,Customer_1445,Female,31,Jaipur,Rajasthan,Regular
1446,Customer_1446,Male,21,Mumbai,Maharashtra,Gold
1447,Customer_1447,Female,61,Bengaluru,Karnataka,Regular
1448,Customer_1448,Female,59,Delhi,Delhi,Regular
1449,Customer_1449,Female,53,Delhi,Delhi,Regular
1450,Customer_1450,Male,62,Bengaluru,Karnataka,Silver
1451,Customer_1451,Male,30,Chennai,Tamil Nadu,Regular
1452,Customer_1452,Female,63,Bengaluru,Karnataka,Silver
1453,Customer_1453,Male,35,Delhi,Delhi,Silver
1454,Customer_1454,Female,50,Delhi,Delhi,Regular
1455,Customer_1455,Male,38,Jaipur,Rajasthan,Silver
1456,Customer_1456,Female,33,Lucknow,Uttar Pradesh,Platinum
1457,Customer_1457,Male,32,Mumbai,Maharashtra,Regular
1458,Customer_1458,Male,22,Bengaluru,Karnataka,Regular
1459,Customer_1459,Female,23,Mumbai,Maharashtra,Silver
1460,Customer_1460,Female,55,Bengaluru,Karnataka,Silver
1461,Customer_1461,Female,20,Pune,Maharashtra,Regular
1462,Customer_1462,Male,65,Delhi,Delhi,Regular
1463,Customer_1463,Female,29,Lucknow,Uttar Pradesh,Regular
1464,Customer_1464,Female,53,Jaipur,Rajasthan,Regular
1465,Customer_1465,Female,50,Lucknow,Uttar Pradesh,Regular
1466,Customer_1466,Male,53,Lucknow,Uttar Pradesh,Gold
1467,Customer_1467,Female,50,Lucknow,Uttar Pradesh,Silver
1468,Customer_1468,Female,48,Mumbai,Maharashtra,Regular
1469,Customer_1469,Other,38,Bengaluru,Karnataka,Silver
1470,Customer_1470,Male,44,Ahmedabad,Gujarat,Gold
1471,Customer_1471,Female,44,Pune,Maharashtra,Regular
1472,Customer_1472,Female,25,Hyderabad,Telangana,Regular
1473,Customer_1473,Male,54,Lucknow,Uttar Pradesh,Regular
1474,Customer_1474,Male,49,Chennai,Tamil Nadu,Gold
1475,Customer_1475,Male,43,Mumbai,Maharashtra,Regular
1476,Customer_1476,Male,19,Jaipur,Rajasthan,Platinum
1477,Customer_1477,Male,29,Hyderabad,Telangana,Regular
1478,Customer_1478,Female,39,Ahmedabad,Gujarat,Regular
1479,Customer_1479,Female,34,Chennai,Tamil Nadu,Regular
1480,Customer_1480,Female,24,Ahmedabad,Gujarat,Regular
1481,Customer_1481,Female,60,Hyderabad,Telangana,Gold
1482,Customer_1482,Male,21,Lucknow,Uttar Pradesh,Platinum
1483,Customer_1483,Male,54,Chennai,Tamil Nadu,Regular
1484,Customer_1484,Female,55,Ahmedabad,Gujarat,Platinum
1485,Customer_1485,Male,49,Jaipur,Rajasthan,Gold
1486,Customer_1486,Male,28,Bengaluru,Karnataka,Regular
1487,Customer_1487,Male,18,Delhi,Delhi,Silver
1488,Customer_1488,Male,42,Bengaluru,Karnataka,Regular
1489,Customer_1489,Female,59,Hyderabad,Telangana,Silver
1490,Customer_1490,Male,41,Mumbai,Maharashtra,Regular
1491,Customer_1491,Male,60,Delhi,Delhi,Silver
1492,Customer_1492,Male,34,Pune,Maharashtra,Regular
1493,Customer_1493,Female,25,Jaipur,Rajasthan,Gold
1494,Customer_1494,Male,62,Pune,Maharashtra,Gold
1495,Customer_1495,Female,44,Chennai,Tamil Nadu,Regular
1496,Customer_1496,Male,35,Delhi,Delhi,Regular
1497,Customer_1497,Male,44,Pune,Maharashtra,Regular
1498,Customer_1498,Male,39,Pune,Maharashtra,Silver
1499,Customer_1499,Male,33,Ahmedabad,Gujarat,Regular
1500,Customer_1500,Male,19,Bengaluru,Karnataka,Silver
1501,Customer_1501,Male,22,Ahmedabad,Gujarat,Regular
1502,Customer_1502,Female,35,Delhi,Delhi,Regular
1503,Customer_1503,Male,20,Delhi,Delhi,Regular
1504,Customer_1504,Female,44,Hyderabad,Telangana,Regular
1505,Customer_1505,Male,34,Ahmedabad,Gujarat,Gold
1506,Customer_1506,Male,33,Kolkata,West Bengal,Platinum
1507,Customer_1507,Male,23,Bengaluru,Karnataka,Regular
1508,Customer_1508,Female,24,Delhi,Delhi,Regular
1509,Customer_1509,Male,31,Hyderabad,Telangana,Regular
1510,Customer_1510,Male,55,Ahmedabad,Gujarat,Silver
1511,Customer_1511,Male,57,Bengaluru,Karnataka,Regular
1512,Customer_1512,Male,32,Ahmedabad,Gujarat,Silver
1513,Customer_1513,Male,64,Pune,Maharashtra,Platinum
1514,Customer_1514,Female,64,Hyderabad,Telangana,Regular
1515,Customer_1515,Male,65,Bengaluru,Karnataka,Silver
1516,Customer_1516,Male,50,Lucknow,Uttar Pradesh,Regular
1517,Customer_1517,Female,60,Chennai,Tamil Nadu,Regular
1518,Customer_1518,Male,44,Chennai,Tamil Nadu,Regular
1519,Customer_1519,Male,46,Bengaluru,Karnataka,Regular
1520,Customer_1520,Male,54,Ahmedabad,Gujarat,Regular
1521,Customer_1521,Female,22,Hyderabad,Telangana,Regular
1522,Customer_1522,Male,46,Chennai,Tamil Nadu,Regular
1523,Customer_1523,Male,49,Hyderabad,Telangana,Regular
1524,Customer_1524,Male,23,Chennai,Tamil Nadu,Silver
1525,Customer_1525,Female,19,Pune,Maharashtra,Gold
1526,Customer_1526,Male,23,Ahmedabad,Gujarat,Regular
1527,Customer_1527,Female,63,Pune,Maharashtra,Regular
1528,Customer_1528,Female,60,Chennai,Tamil Nadu,Regular
1529,Customer_1529,Female,21,Lucknow,Uttar Pradesh,Gold
1530,Customer_1530,Male,46,Lucknow,Uttar Pradesh,Silver
1531,Customer_1531,Male,42,Pune,Maharashtra,Regular
1532,Customer_1532,Male,26,Lucknow,Uttar Pradesh,Regular
1533,Customer_1533,Male,20,Chennai,Tamil Nadu,Regular
1534,Customer_1534,Male,43,Bengaluru,Karnataka,Regular
1535,Customer_1535,Female,65,Pune,Maharashtra,Platinum
1536,Customer_1536,Male,60,Mumbai,Maharashtra,Gold
1537,Customer_1537,Male,44,Ahmedabad,Gujarat,Regular
1538,Customer_1538,Female,53,Lucknow,Uttar Pradesh,Regular
1539,Customer_1539,Female,49,Lucknow,Uttar Pradesh,Regular
1540,Customer_1540,Male,18,Delhi,Delhi,Regular
1541,Customer_1541,Female,33,Kolkata,West Bengal,Gold
1542,Customer_1542,Male,65,Pune,Maharashtra,Regular
1543,Customer_1543,Female,28,Jaipur,Rajasthan,Regular
1544,Customer_1544,Female,43,Lucknow,Uttar Pradesh,Regular
1545,Customer_1545,Female,57,Ahmedabad,Gujarat,Gold
1546,Customer_1546,Female,18,Mumbai,Maharashtra,Silver
1547,Customer_1547,Male,43,Lucknow,Uttar Pradesh,Regular
1548,Customer_1548,Male,45,Mumbai,Maharashtra,Regular
1549,Customer_1549,Female,26,Chennai,Tamil Nadu,Regular
1550,Customer_1550,Male,61,Chennai,Tamil Nadu,Platinum
1551,Customer_1551,Female,39,Kolkata,West Bengal,Regular
1552,Customer_1552,Male,25,Bengaluru,Karnataka,Regular
1553,Customer_1553,Male,59,Jaipur,Rajasthan,Regular
1554,Customer_1554,Male,44,Delhi,Delhi,Gold
1555,Customer_1555,Male,56,Kolkata,West Bengal,Regular
1556,Customer_1556,Female,36,Hyderabad,Telangana,Regular
1557,Customer_1557,Female,42,Delhi,Delhi,Silver
1558,Customer_1558,Female,55,Pune,Maharashtra,Silver
1559,Customer_1559,Female,38,Ahmedabad,Gujarat,Silver
1560,Customer_1560,Female,41,Hyderabad,Telangana,Gold
1561,Customer_1561,Female,41,Hyderabad,Telangana,Regular
1562,Customer_1562,Male,36,Kolkata,West Bengal,Regular
1563,Customer_1563,Female,64,Bengaluru,Karnataka,Platinum
1564,Customer_1564,Male,19,Kolkata,West Bengal,Regular
1565,Customer_1565,Male,31,Pune,Maharashtra,Silver
1566,Customer_1566,Female,49,Lucknow,Uttar Pradesh,Silver
1567,Customer_1567,Male,59,Lucknow,Uttar Pradesh,Regular
1568,Customer_1568,Male,49,Bengaluru,Karnataka,Regular
1569,Customer_1569,Male,45,Pune,Maharashtra,Silver
1570,Customer_1570,Male,65,Bengaluru,Karnataka,Gold
1571,Customer_1571,Female,56,Mumbai,Maharashtra,Silver
1572,Customer_1572,Male,57,Lucknow,Uttar Pradesh,Regular
1573,Customer_1573,Male,59,Hyderabad,Telangana,Regular
1574,Customer_1574,Male,64,Jaipur,Rajasthan,Regular
1575,Customer_1575,Male,57,Ahmedabad,Gujarat,Regular
1576,Customer_1576,Female,30,Pune,Maharashtra,Regular
1577,Customer_1577,Male,29,Delhi,Delhi,Platinum
1578,Customer_1578,Male,25,Bengaluru,Karnataka,Gold
1579,Customer_1579,Female,32,Ahmedabad,Gujarat,Silver
1580,Customer_1580,Female,43,Delhi,Delhi,Regular
1581,Customer_1581,Female,29,Ahmedabad,Gujarat,Regular
1582,Customer_1582,Female,60,Jaipur,Rajasthan,Platinum
1583,Customer_1583,Male,63,Delhi,Delhi,Regular
1584,Customer_1584,Male,44,Kolkata,West Bengal,Regular
1585,Customer_1585,Male,35,Chennai,Tamil Nadu,Regular
1586,Customer_1586,Female,62,Kolkata,West Bengal,Gold
1587,Customer_1587,Male,53,Lucknow,Uttar Pradesh,Gold
1588,Customer_1588,Male,44,Chennai,Tamil Nadu,Regular
1589,Customer_1589,Male,26,Kolkata,West Bengal,Gold
1590,Customer_1590,Male,56,Chennai,Tamil Nadu,Regular
1591,Customer_1591,Male,18,Chennai,Tamil Nadu,Regular
1592,Customer_1592,Female,24,Hyderabad,Telangana,Gold
1593,Customer_1593,Male,43,Bengaluru,Karnataka,Gold
1594,Customer_1594,Female,24,Bengaluru,Karnataka,Silver
1595,Customer_1595,Female,24,Hyderabad,Telangana,Silver
1596,Customer_1596,Male,25,Ahmedabad,Gujarat,Gold
1597,Customer_1597,Male,33,Mumbai,Maharashtra,Gold
1598,Customer_1598,Male,20,Ahmedabad,Gujarat,Gold
1599,Customer_1599,Male,62,Delhi,Delhi,Silver
1600,Customer_1600,Female,27,Delhi,Delhi,Platinum
1601,Customer_1601,Male,24,Chennai,Tamil Nadu,Platinum
1602,Customer_1602,Male,38,Kolkata,West Bengal,Regular
1603,Customer_1603,Female,54,Kolkata,West Bengal,Gold
1604,Customer_1604,Female,48,Bengaluru,Karnataka,Regular
1605,Customer_1605,Female,40,Pune,Maharashtra,Regular
1606,Customer_1606,Female,44,Ahmedabad,Gujarat,Silver
1607,Customer_1607,Female,39,Lucknow,Uttar Pradesh,Regular
1608,Customer_1608,Male,56,Jaipur,Rajasthan,Regular
1609,Customer_1609,Female,44,Kolkata,West Bengal,Gold
1610,Customer_1610,Male,21,Jaipur,Rajasthan,Regular
1611,Customer_1611,Female,41,Chennai,Tamil Nadu,Regular
1612,Customer_1612,Female,40,Jaipur,Rajasthan,Platinum
1613,Customer_1613,Male,65,Lucknow,Uttar Pradesh,Regular
1614,Customer_1614,Female,36,Hyderabad,Telangana,Regular
1615,Customer_1615,Female,59,Lucknow,Uttar Pradesh,Regular
1616,Customer_1616,Male,20,Jaipur,Rajasthan,Regular
1617,Customer_1617,Female,44,Lucknow,Uttar Pradesh,Silver
1618,Customer_1618,Male,20,Mumbai,Maharashtra,Gold
1619,Customer_1619,Female,45,Chennai,Tamil Nadu,Regular
1620,Customer_1620,Male,34,Ahmedabad,Gujarat,Gold
1621,Customer_1621,Female,48,Hyderabad,Telangana,Regular
1622,Customer_1622,Female,27,Kolkata,West Bengal,Regular
1623,Customer_1623,Female,39,Delhi,Delhi,Silver
1624,Customer_1624,Female,47,Ahmedabad,Gujarat,Silver
1625,Customer_1625,Male,38,Delhi,Delhi,Silver
1626,Customer_1626,Female,53,Chennai,Tamil Nadu,Regular
1627,Customer_1627,Male,40,Hyderabad,Telangana,Regular
1628,Customer_1628,Female,55,Bengaluru,Karnataka,Regular
1629,Customer_1629,Male,29,Kolkata,West Bengal,Regular
1630,Customer_1630,Male,42,Mumbai,Maharashtra,Silver
1631,Customer_1631,Female,37,Bengaluru,Karnataka,Regular
1632,Customer_1632,Male,59,Chennai,Tamil Nadu,Silver
1633,Customer_1633,Male,24,Ahmedabad,Gujarat,Regular
1634,Customer_1634,Male,46,Mumbai,Maharashtra,Regular
1635,Customer_1635,Male,65,Lucknow,Uttar Pradesh,Regular
1636,Customer_1636,Male,46,Jaipur,Rajasthan,Regular
1637,Customer_1637,Male,30,Mumbai,Maharashtra,Gold
1638,Customer_1638,Male,20,Chennai,Tamil Nadu,Regular
1639,Customer_1639,Male,19,Pune,Maharashtra,Regular
1640,Customer_1640,Female,33,Jaipur,Rajasthan,Gold
1641,Customer_1641,Male,47,Delhi,Delhi,Silver
1642,Customer_1642,Female,55,Kolkata,West Bengal,Regular
1643,Customer_1643,Female,23,Delhi,Delhi,Regular
1644,Customer_1644,Male,62,Mumbai,Maharashtra,Silver
1645,Customer_1645,Female,24,Delhi,Delhi,Platinum
1646,Customer_1646,Female,22,Chennai,Tamil Nadu,Gold
1647,Customer_1647,Other,24,Lucknow,Uttar Pradesh,Regular
1648,Customer_1648,Female,51,Ahmedabad,Gujarat,Platinum
1649,Customer_1649,Male,49,Kolkata,West Bengal,Regular
1650,Customer_1650,Female,30,Delhi,Delhi,Regular
1651,Customer_1651,Female,47,Delhi,Delhi,Gold
1652,Customer_1652,Female,42,Mumbai,Maharashtra,Regular
1653,Customer_1653,Male,38,Ahmedabad,Gujarat,Regular
1654,Customer_1654,Female,38,Bengaluru,Karnataka,Regular
1655,Customer_1655,Female,45,Delhi,Delhi,Regular
1656,Customer_1656,Male,65,Chennai,Tamil Nadu,Silver
1657,Customer_1657,Male,37,Pune,Maharashtra,Silver
1658,Customer_1658,Male,51,Kolkata,West Bengal,Regular
1659,Customer_1659,Female,22,Delhi,Delhi,Regular
1660,Customer_1660,Female,35,Chennai,Tamil Nadu,Gold
1661,Customer_1661,Female,56,Chennai,Tamil Nadu,Gold
1662,Customer_1662,Male,60,Kolkata,West Bengal,Regular
1663,Customer_1663,Female,28,Bengaluru,Karnataka,Platinum
1664,Customer_1664,Male,34,Chennai,Tamil Nadu,Silver
1665,Customer_1665,Male,65,Pune,Maharashtra,Regular
1666,Customer_1666,Female,62,Chennai,Tamil Nadu,Regular
1667,Customer_1667,Other,39,Chennai,Tamil Nadu,Regular
1668,Customer_1668,Female,54,Chennai,Tamil Nadu,Silver
1669,Customer_1669,Female,37,Lucknow,Uttar Pradesh,Regular
1670,Customer_1670,Male,65,Lucknow,Uttar Pradesh,Regular
1671,Customer_1671,Male,65,Bengaluru,Karnataka,Regular
1672,Customer_1672,Female,65,Delhi,Delhi,Gold
1673,Customer_1673,Female,63,Chennai,Tamil Nadu,Regular
1674,Customer_1674,Male,23,Ahmedabad,Gujarat,Gold
1675,Customer_1675,Male,51,Delhi,Delhi,Platinum
1676,Customer_1676,Male,31,Bengaluru,Karnataka,Regular
1677,Customer_1677,Female,65,Hyderabad,Telangana,Regular
1678,Customer_1678,Male,40,Delhi,Delhi,Regular
1679,Customer_1679,Male,37,Delhi,Delhi,Gold
1680,Customer_1680,Male,30,Jaipur,Rajasthan,Regular
1681,Customer_1681,Male,64,Mumbai,Maharashtra,Regular
1682,Customer_1682,Female,61,Jaipur,Rajasthan,Regular
1683,Customer_1683,Male,58,Pune,Maharashtra,Regular
1684,Customer_1684,Female,49,Lucknow,Uttar Pradesh,Platinum
1685,Customer_1685,Female,43,Lucknow,Uttar Pradesh,Silver
1686,Customer_1686,Female,31,Mumbai,Maharashtra,Gold
1687,Customer_1687,Male,53,Kolkata,West Bengal,Regular
1688,Customer_1688,Female,25,Kolkata,West Bengal,Regular
1689,Customer_1689,Female,57,Bengaluru,Karnataka,Platinum
1690,Customer_1690,Other,39,Mumbai,Maharashtra,Regular
1691,Customer_1691,Female,39,Delhi,Delhi,Platinum
1692,Customer_1692,Male,33,Kolkata,West Bengal,Regular
1693,Customer_1693,Male,44,Chennai,Tamil Nadu,Regular
1694,Customer_1694,Male,27,Ahmedabad,Gujarat,Silver
1695,Customer_1695,Female,42,Delhi,Delhi,Platinum
1696,Customer_1696,Male,48,Pune,Maharashtra,Platinum
1697,Customer_1697,Male,38,Chennai,Tamil Nadu,Regular
1698,Customer_1698,Male,44,Chennai,Tamil Nadu,Regular
1699,Customer_1699,Male,34,Mumbai,Maharashtra,Silver
1700,Customer_1700,Male,50,Bengaluru,Karnataka,Silver
1701,Customer_1701,Male,48,Pune,Maharashtra,Silver
1702,Customer_1702,Male,59,Kolkata,West Bengal,Regular
1703,Customer_1703,Male,43,Mumbai,Maharashtra,Platinum
1704,Customer_1704,Male,38,Kolkata,West Bengal,Silver
1705,Customer_1705,Male,53,Mumbai,Maharashtra,Gold
1706,Customer_1706,Female,18,Mumbai,Maharashtra,Regular
1707,Customer_1707,Female,21,Mumbai,Maharashtra,Regular
1708,Customer_1708,Male,21,Bengaluru,Karnataka,Platinum
1709,Customer_1709,Male,43,Mumbai,Maharashtra,Silver
1710,Customer_1710,Female,21,Hyderabad,Telangana,Gold
1711,Customer_1711,Female,26,Ahmedabad,Gujarat,Platinum
1712,Customer_1712,Female,47,Kolkata,West Bengal,Silver
1713,Customer_1713,Female,62,Delhi,Delhi,Regular
1714,Customer_1714,Male,21,Jaipur,Rajasthan,Regular
1715,Customer_1715,Male,22,Pune,Maharashtra,Regular
1716,Customer_1716,Male,62,Lucknow,Uttar Pradesh,Regular
1717,Customer_1717,Female,40,Bengaluru,Karnataka,Regular
1718,Customer_1718,Female,33,Delhi,Delhi,Regular
1719,Customer_1719,Female,39,Chennai,Tamil Nadu,Regular
1720,Customer_1720,Male,54,Hyderabad,Telangana,Regular
1721,Customer_1721,Female,25,Lucknow,Uttar Pradesh,Regular
1722,Customer_1722,Male,65,Jaipur,Rajasthan,Regular
1723,Customer_1723,Male,50,Delhi,Delhi,Regular
1724,Customer_1724,Male,55,Lucknow,Uttar Pradesh,Silver
1725,Customer_1725,Female,60,Delhi,Delhi,Regular
1726,Customer_1726,Male,33,Hyderabad,Telangana,Regular
1727,Customer_1727,Female,22,Jaipur,Rajasthan,Silver
1728,Customer_1728,Male,33,Chennai,Tamil Nadu,Gold
1729,Customer_1729,Female,24,Mumbai,Maharashtra,Regular
1730,Customer_1730,Male,18,Kolkata,West Bengal,Silver
1731,Customer_1731,Male,26,Chennai,Tamil Nadu,Platinum
1732,Customer_1732,Female,35,Mumbai,Maharashtra,Gold
1733,Customer_1733,Female,62,Bengaluru,Karnataka,Regular
1734,Customer_1734,Female,64,Ahmedabad,Gujarat,Silver
1735,Customer_1735,Female,20,Pune,Maharashtra,Regular
1736,Customer_1736,Female,41,Pune,Maharashtra,Silver
1737,Customer_1737,Male,45,Kolkata,West Bengal,Platinum
1738,Customer_1738,Female,27,Jaipur,Rajasthan,Regular
1739,Customer_1739,Male,26,Hyderabad,Telangana,Gold
1740,Customer_1740,Male,30,Jaipur,Rajasthan,Regular
1741,Customer_1741,Male,65,Hyderabad,Telangana,Platinum
1742,Customer_1742,Female,52,Jaipur,Rajasthan,Silver
1743,Customer_1743,Female,40,Ahmedabad,Gujarat,Regular
1744,Customer_1744,Male,64,Bengaluru,Karnataka,Silver
1745,Customer_1745,Female,34,Bengaluru,Karnataka,Regular
1746,Customer_1746,Female,63,Mumbai,Maharashtra,Regular
1747,Customer_1747,Male,24,Lucknow,Uttar Pradesh,Gold
1748,Customer_1748,Male,33,Bengaluru,Karnataka,Regular
1749,Customer_1749,Female,57,Bengaluru,Karnataka,Gold
1750,Customer_1750,Male,53,Chennai,Tamil Nadu,Regular
1751,Customer_1751,Female,37,Chennai,Tamil Nadu,Regular
1752,Customer_1752,Male,41,Mumbai,Maharashtra,Platinum
1753,Customer_1753,Male,64,Lucknow,Uttar Pradesh,Regular
1754,Customer_1754,Female,22,Kolkata,West Bengal,Silver
1755,Customer_1755,Female,62,Chennai,Tamil Nadu,Silver
1756,Customer_1756,Female,23,Kolkata,West Bengal,Silver
1757,Customer_1757,Female,45,Delhi,Delhi,Gold
1758,Customer_1758,Female,22,Chennai,Tamil Nadu,Silver
1759,Customer_1759,Female,56,Ahmedabad,Gujarat,Regular
1760,Customer_1760,Male,55,Lucknow,Uttar Pradesh,Gold
1761,Customer_1761,Female,19,Mumbai,Maharashtra,Regular
1762,Customer_1762,Male,60,Delhi,Delhi,Regular
1763,Customer_1763,Female,56,Lucknow,Uttar Pradesh,Platinum
1764,Customer_1764,Male,38,Ahmedabad,Gujarat,Silver
1765,Customer_1765,Female,57,Lucknow,Uttar Pradesh,Gold
1766,Customer_1766,Male,54,Ahmedabad,Gujarat,Silver
1767,Customer_1767,Female,35,Ahmedabad,Gujarat,Gold
1768,Customer_1768,Female,65,Kolkata,West Bengal,Platinum
1769,Customer_1769,Male,63,Jaipur,Rajasthan,Regular
1770,Customer_1770,Female,29,Delhi,Delhi,Regular
1771,Customer_1771,Male,34,Lucknow,Uttar Pradesh,Regular
1772,Customer_1772,Female,54,Hyderabad,Telangana,Silver
1773,Customer_1773,Female,63,Delhi,Delhi,Regular
1774,Customer_1774,Male,55,Jaipur,Rajasthan,Regular
1775,Customer_1775,Female,32,Delhi,Delhi,Regular
1776,Customer_1776,Male,24,Bengaluru,Karnataka,Platinum
1777,Customer_1777,Male,31,Hyderabad,Telangana,Silver
1778,Customer_1778,Female,18,Jaipur,Rajasthan,Regular
1779,Customer_1779,Male,55,Kolkata,West Bengal,Regular
1780,Customer_1780,Other,20,Lucknow,Uttar Pradesh,Regular
1781,Customer_1781,Female,54,Pune,Maharashtra,Regular
1782,Customer_1782,Male,61,Jaipur,Rajasthan,Regular
1783,Customer_1783,Female,48,Mumbai,Maharashtra,Gold
1784,Customer_1784,Male,60,Lucknow,Uttar Pradesh,Platinum
1785,Customer_1785,Male,30,Jaipur,Rajasthan,Regular
1786,Customer_1786,Male,65,Bengaluru,Karnataka,Regular
1787,Customer_1787,Male,35,Pune,Maharashtra,Regular
1788,Customer_1788,Male,34,Bengaluru,Karnataka,Regular
1789,Customer_1789,Male,34,Pune,Maharashtra,Regular
1790,Customer_1790,Female,28,Mumbai,Maharashtra,Regular
1791,Customer_1791,Female,37,Lucknow,Uttar Pradesh,Regular
1792,Customer_1792,Female,27,Kolkata,West Bengal,Gold
1793,Customer_1793,Female,46,Bengaluru,Karnataka,Silver
1794,Customer_1794,Female,65,Bengaluru,Karnataka,Silver
1795,Customer_1795,Male,51,Ahmedabad,Gujarat,Regular
1796,Customer_1796,Female,34,Pune,Maharashtra,Gold
1797,Customer_1797,Other,59,Chennai,Tamil Nadu,Platinum
1798,Customer_1798,Male,30,Lucknow,Uttar Pradesh,Regular
1799,Customer_1799,Female,61,Pune,Maharashtra,Regular
1800,Customer_1800,Female,64,Ahmedabad,Gujarat,Regular
1801,Customer_1801,Female,56,Delhi,Delhi,Regular
1802,Customer_1802,Female,44,Pune,Maharashtra,Regular
1803,Customer_1803,Male,43,Kolkata,West Bengal,Silver
1804,Customer_1804,Male,45,Lucknow,Uttar Pradesh,Regular
1805,Customer_1805,Male,30,Ahmedabad,Gujarat,Regular
1806,Customer_1806,Female,29,Delhi,Delhi,Regular
1807,Customer_1807,Male,61,Hyderabad,Telangana,Platinum
1808,Customer_1808,Female,45,Ahmedabad,Gujarat,Regular
1809,Customer_1809,Male,19,Hyderabad,Telangana,Silver
1810,Customer_1810,Male,54,Lucknow,Uttar Pradesh,Regular
1811,Customer_1811,Male,51,Bengaluru,Karnataka,Regular
1812,Customer_1812,Female,40,Ahmedabad,Gujarat,Silver
1813,Customer_1813,Male,62,Mumbai,Maharashtra,Regular
1814,Customer_1814,Male,46,Hyderabad,Telangana,Regular
1815,Customer_1815,Male,52,Kolkata,West Bengal,Regular
1816,Customer_1816,Male,28,Mumbai,Maharashtra,Silver
1817,Customer_1817,Male,65,Jaipur,Rajasthan,Silver
1818,Customer_1818,Female,50,Jaipur,Rajasthan,Regular
1819,Customer_1819,Male,28,Delhi,Delhi,Silver
1820,Customer_1820,Male,26,Bengaluru,Karnataka,Regular
1821,Customer_1821,Female,31,Lucknow,Uttar Pradesh,Silver
1822,Customer_1822,Other,26,Ahmedabad,Gujarat,Regular
1823,Customer_1823,Female,56,Chennai,Tamil Nadu,Silver
1824,Customer_1824,Male,65,Kolkata,West Bengal,Platinum
1825,Customer_1825,Female,20,Hyderabad,Telangana,Platinum
1826,Customer_1826,Female,46,Lucknow,Uttar Pradesh,Regular
1827,Customer_1827,Female,36,Mumbai,Maharashtra,Gold
1828,Customer_1828,Male,53,Jaipur,Rajasthan,Regular
1829,Customer_1829,Female,49,Kolkata,West Bengal,Platinum
1830,Customer_1830,Female,24,Chennai,Tamil Nadu,Regular
1831,Customer_1831,Male,45,Ahmedabad,Gujarat,Regular
1832,Customer_1832,Male,61,Delhi,Delhi,Regular
1833,Customer_1833,Female,35,Chennai,Tamil Nadu,Regular
1834,Customer_1834,Female,22,Kolkata,West Bengal,Silver
1835,Customer_1835,Male,40,Chennai,Tamil Nadu,Platinum
1836,Customer_1836,Female,39,Kolkata,West Bengal,Silver
1837,Customer_1837,Male,43,Kolkata,West Bengal,Silver
1838,Customer_1838,Male,59,Pune,Maharashtra,Silver
1839,Customer_1839,Female,29,Hyderabad,Telangana,Regular
1840,Customer_1840,Male,57,Jaipur,Rajasthan,Regular
1841,Customer_1841,Male,36,Pune,Maharashtra,Regular
1842,Customer_1842,Female,64,Ahmedabad,Gujarat,Regular
1843,Customer_1843,Male,18,Pune,Maharashtra,Regular
1844,Customer_1844,Male,20,Bengaluru,Karnataka,Regular
1845,Customer_1845,Female,44,Bengaluru,Karnataka,Regular
1846,Customer_1846,Female,35,Jaipur,Rajasthan,Regular
1847,Customer_1847,Female,47,Chennai,Tamil Nadu,Gold
1848,Customer_1848,Female,19,Hyderabad,Telangana,Regular
1849,Customer_1849,Male,22,Jaipur,Rajasthan,Regular
1850,Customer_1850,Female,46,Kolkata,West Bengal,Silver
1851,Customer_1851,Male,50,Mumbai,Maharashtra,Regular
1852,Customer_1852,Female,59,Hyderabad,Telangana,Regular
1853,Customer_1853,Male,37,Hyderabad,Telangana,Regular
1854,Customer_1854,Female,47,Kolkata,West Bengal,Regular
1855,Customer_1855,Male,59,Kolkata,West Bengal,Regular
1856,Customer_1856,Male,22,Delhi,Delhi,Regular
1857,Customer_1857,Female,38,Jaipur,Rajasthan,Silver
1858,Customer_1858,Female,32,Kolkata,West Bengal,Silver
1859,Customer_1859,Female,37,Bengaluru,Karnataka,Regular
1860,Customer_1860,Male,25,Ahmedabad,Gujarat,Regular
1861,Customer_1861,Female,48,Mumbai,Maharashtra,Regular
1862,Customer_1862,Female,29,Jaipur,Rajasthan,Gold
1863,Customer_1863,Female,38,Lucknow,Uttar Pradesh,Regular
1864,Customer_1864,Female,47,Bengaluru,Karnataka,Silver
1865,Customer_1865,Female,44,Chennai,Tamil Nadu,Silver
1866,Customer_1866,Female,61,Kolkata,West Bengal,Regular
1867,Customer_1867,Female,43,Lucknow,Uttar Pradesh,Regular
1868,Customer_1868,Female,50,Kolkata,West Bengal,Regular
1869,Customer_1869,Female,43,Hyderabad,Telangana,Regular
1870,Customer_1870,Female,43,Bengaluru,Karnataka,Regular
1871,Customer_1871,Female,53,Hyderabad,Telangana,Regular
1872,Customer_1872,Female,57,Delhi,Delhi,Regular
1873,Customer_1873,Female,18,Hyderabad,Telangana,Regular
1874,Customer_1874,Male,32,Delhi,Delhi,Gold
1875,Customer_1875,Male,18,Delhi,Delhi,Regular
1876,Customer_1876,Female,28,Lucknow,Uttar Pradesh,Platinum
1877,Customer_1877,Female,19,Kolkata,West Bengal,Platinum
1878,Customer_1878,Female,18,Chennai,Tamil Nadu,Platinum
1879,Customer_1879,Female,48,Hyderabad,Telangana,Gold
1880,Customer_1880,Female,61,Bengaluru,Karnataka,Regular
1881,Customer_1881,Female,33,Delhi,Delhi,Regular
1882,Customer_1882,Female,39,Kolkata,West Bengal,Silver
1883,Customer_1883,Female,59,Mumbai,Maharashtra,Silver
1884,Customer_1884,Male,35,Jaipur,Rajasthan,Gold
1885,Customer_1885,Male,64,Lucknow,Uttar Pradesh,Platinum
1886,Customer_1886,Male,34,Chennai,Tamil Nadu,Regular
1887,Customer_1887,Male,47,Pune,Maharashtra,Regular
1888,Customer_1888,Male,27,Lucknow,Uttar Pradesh,Regular
1889,Customer_1889,Male,52,Mumbai,Maharashtra,Regular
1890,Customer_1890,Male,38,Jaipur,Rajasthan,Regular
1891,Customer_1891,Male,33,Mumbai,Maharashtra,Silver
1892,Customer_1892,Male,23,Hyderabad,Telangana,Gold
1893,Customer_1893,Female,20,Delhi,Delhi,Regular
1894,Customer_1894,Female,58,Chennai,Tamil Nadu,Gold
1895,Customer_1895,Female,60,Ahmedabad,Gujarat,Silver
1896,Customer_1896,Male,38,Delhi,Delhi,Gold
1897,Customer_1897,Male,30,Ahmedabad,Gujarat,Regular
1898,Customer_1898,Male,35,Jaipur,Rajasthan,Gold
1899,Customer_1899,Female,41,Kolkata,West Bengal,Silver
1900,Customer_1900,Male,44,Pune,Maharashtra,Regular
1901,Customer_1901,Female,21,Bengaluru,Karnataka,Regular
1902,Customer_1902,Male,39,Delhi,Delhi,Gold
1903,Customer_1903,Female,41,Chennai,Tamil Nadu,Regular
1904,Customer_1904,Male,57,Mumbai,Maharashtra,Regular
1905,Customer_1905,Male,62,Chennai,Tamil Nadu,Regular
1906,Customer_1906,Female,27,Jaipur,Rajasthan,Silver
1907,Customer_1907,Male,19,Ahmedabad,Gujarat,Gold
1908,Customer_1908,Male,57,Mumbai,Maharashtra,Regular
1909,Customer_1909,Female,23,Bengaluru,Karnataka,Regular
1910,Customer_1910,Female,65,Bengaluru,Karnataka,Platinum
1911,Customer_1911,Female,35,Delhi,Delhi,Gold
1912,Customer_1912,Male,34,Jaipur,Rajasthan,Gold
1913,Customer_1913,Male,55,Kolkata,West Bengal,Regular
1914,Customer_1914,Male,62,Jaipur,Rajasthan,Regular
1915,Customer_1915,Male,40,Ahmedabad,Gujarat,Regular
1916,Customer_1916,Female,63,Chennai,Tamil Nadu,Silver
1917,Customer_1917,Female,47,Bengaluru,Karnataka,Regular
1918,Customer_1918,Male,38,Chennai,Tamil Nadu,Regular
1919,Customer_1919,Female,27,Chennai,Tamil Nadu,Regular
1920,Customer_1920,Male,60,Chennai,Tamil Nadu,Regular
1921,Customer_1921,Female,30,Bengaluru,Karnataka,Gold
1922,Customer_1922,Male,29,Lucknow,Uttar Pradesh,Regular
1923,Customer_1923,Male,26,Hyderabad,Telangana,Silver
1924,Customer_1924,Male,21,Ahmedabad,Gujarat,Platinum
1925,Customer_1925,Female,56,Lucknow,Uttar Pradesh,Regular
1926,Customer_1926,Female,41,Ahmedabad,Gujarat,Silver
1927,Customer_1927,Male,51,Mumbai,Maharashtra,Platinum
1928,Customer_1928,Male,56,Jaipur,Rajasthan,Platinum
1929,Customer_1929,Male,58,Jaipur,Rajasthan,Regular
1930,Customer_1930,Male,22,Pune,Maharashtra,Regular
1931,Customer_1931,Female,32,Jaipur,Rajasthan,Regular
1932,Customer_1932,Male,21,Bengaluru,Karnataka,Silver
1933,Customer_1933,Male,56,Kolkata,West Bengal,Silver
1934,Customer_1934,Female,25,Delhi,Delhi,Silver
1935,Customer_1935,Male,62,Pune,Maharashtra,Regular
1936,Customer_1936,Female,41,Delhi,Delhi,Regular
1937,Customer_1937,Female,45,Ahmedabad,Gujarat,Silver
1938,Customer_1938,Male,60,Delhi,Delhi,Regular
1939,Customer_1939,Female,44,Delhi,Delhi,Silver
1940,Customer_1940,Female,18,Pune,Maharashtra,Regular
1941,Customer_1941,Male,51,Mumbai,Maharashtra,Regular
1942,Customer_1942,Male,34,Chennai,Tamil Nadu,Regular
1943,Customer_1943,Male,54,Jaipur,Rajasthan,Regular
1944,Customer_1944,Female,55,Jaipur,Rajasthan,Regular
1945,Customer_1945,Female,43,Bengaluru,Karnataka,Regular
1946,Customer_1946,Female,41,Pune,Maharashtra,Regular
1947,Customer_1947,Other,56,Bengaluru,Karnataka,Regular
1948,Customer_1948,Female,38,Kolkata,West Bengal,Regular
1949,Customer_1949,Female,47,Kolkata,West Bengal,Silver
1950,Customer_1950,Male,64,Bengaluru,Karnataka,Regular
1951,Customer_1951,Female,65,Pune,Maharashtra,Silver
1952,Customer_1952,Male,30,Bengaluru,Karnataka,Silver
1953,Customer_1953,Female,54,Jaipur,Rajasthan,Silver
1954,Customer_1954,Male,20,Lucknow,Uttar Pradesh,Platinum
1955,Customer_1955,Male,49,Hyderabad,Telangana,Regular
1956,Customer_1956,Male,52,Delhi,Delhi,Silver
1957,Customer_1957,Male,36,Hyderabad,Telangana,Platinum
1958,Customer_1958,Female,31,Pune,Maharashtra,Gold
1959,Customer_1959,Male,65,Hyderabad,Telangana,Regular
1960,Customer_1960,Female,39,Kolkata,West Bengal,Regular
1961,Customer_1961,Male,34,Ahmedabad,Gujarat,Regular
1962,Customer_1962,Female,21,Delhi,Delhi,Silver
1963,Customer_1963,Male,62,Chennai,Tamil Nadu,Silver
1964,Customer_1964,Male,57,Pune,Maharashtra,Regular
1965,Customer_1965,Female,36,Delhi,Delhi,Regular
1966,Customer_1966,Male,54,Hyderabad,Telangana,Silver
1967,Customer_1967,Male,19,Kolkata,West Bengal,Regular
1968,Customer_1968,Male,32,Mumbai,Maharashtra,Gold
1969,Customer_1969,Male,19,Lucknow,Uttar Pradesh,Gold
1970,Customer_1970,Female,28,Chennai,Tamil Nadu,Regular
1971,Customer_1971,Male,62,Lucknow,Uttar Pradesh,Silver
1972,Customer_1972,Female,40,Delhi,Delhi,Regular
1973,Customer_1973,Female,27,Kolkata,West Bengal,Silver
1974,Customer_1974,Male,20,Kolkata,West Bengal,Platinum
1975,Customer_1975,Female,22,Hyderabad,Telangana,Gold
1976,Customer_1976,Female,20,Jaipur,Rajasthan,Regular
1977,Customer_1977,Female,55,Hyderabad,Telangana,Regular
1978,Customer_1978,Female,30,Jaipur,Rajasthan,Regular
1979,Customer_1979,Female,59,Jaipur,Rajasthan,Regular
1980,Customer_1980,Male,36,Chennai,Tamil Nadu,Regular
1981,Customer_1981,Male,57,Hyderabad,Telangana,Regular
1982,Customer_1982,Male,52,Mumbai,Maharashtra,Regular
1983,Customer_1983,Male,41,Bengaluru,Karnataka,Regular
1984,Customer_1984,Male,41,Bengaluru,Karnataka,Regular
1985,Customer_1985,Male,34,Hyderabad,Telangana,Platinum
1986,Customer_1986,Male,57,Hyderabad,Telangana,Silver
1987,Customer_1987,Male,27,Lucknow,Uttar Pradesh,Regular
1988,Customer_1988,Female,19,Chennai,Tamil Nadu,Regular
1989,Customer_1989,Female,61,Hyderabad,Telangana,Regular
1990,Customer_1990,Female,40,Lucknow,Uttar Pradesh,Regular
1991,Customer_1991,Male,23,Jaipur,Rajasthan,Regular
1992,Customer_1992,Female,19,Kolkata,West Bengal,Gold
1993,Customer_1993,Female,38,Kolkata,West Bengal,Silver
1994,Customer_1994,Male,52,Jaipur,Rajasthan,Silver
1995,Customer_1995,Male,46,Pune,Maharashtra,Regular
1996,Customer_1996,Female,24,Lucknow,Uttar Pradesh,Gold
1997,Customer_1997,Male,46,Lucknow,Uttar Pradesh,Platinum
1998,Customer_1998,Male,54,Jaipur,Rajasthan,Regular
1999,Customer_1999,Male,40,Mumbai,Maharashtra,Regular
2000,Customer_2000,Male,50,Ahmedabad,Gujarat,Regular
2001,Customer_2001,Female,25,Delhi,Delhi,Regular
2002,Customer_2002,Female,29,Jaipur,Rajasthan,Silver
2003,Customer_2003,Male,63,Hyderabad,Telangana,Regular
2004,Customer_2004,Male,65,Hyderabad,Telangana,Regular
2005,Customer_2005,Female,27,Chennai,Tamil Nadu,Regular
2006,Customer_2006,Female,32,Jaipur,Rajasthan,Regular
2007,Customer_2007,Male,41,Chennai,Tamil Nadu,Gold
2008,Customer_2008,Female,43,Jaipur,Rajasthan,Silver
2009,Customer_2009,Male,64,Lucknow,Uttar Pradesh,Silver
2010,Customer_2010,Male,59,Delhi,Delhi,Regular
2011,Customer_2011,Female,56,Lucknow,Uttar Pradesh,Silver
2012,Customer_2012,Male,20,Ahmedabad,Gujarat,Regular
2013,Customer_2013,Female,19,Kolkata,West Bengal,Silver
2014,Customer_2014,Female,23,Bengaluru,Karnataka,Regular
2015,Customer_2015,Female,38,Jaipur,Rajasthan,Regular
2016,Customer_2016,Male,26,Ahmedabad,Gujarat,Regular
2017,Customer_2017,Male,27,Kolkata,West Bengal,Regular
2018,Customer_2018,Male,53,Pune,Maharashtra,Platinum
2019,Customer_2019,Male,20,Delhi,Delhi,Regular
2020,Customer_2020,Female,58,Chennai,Tamil Nadu,Regular
2021,Customer_2021,Female,41,Chennai,Tamil Nadu,Regular
2022,Customer_2022,Female,39,Lucknow,Uttar Pradesh,Gold
2023,Customer_2023,Female,31,Hyderabad,Telangana,Regular
2024,Customer_2024,Female,59,Kolkata,West Bengal,Silver
2025,Customer_2025,Male,62,Pune,Maharashtra,Gold
2026,Customer_2026,Male,61,Ahmedabad,Gujarat,Regular
2027,Customer_2027,Female,44,Delhi,Delhi,Regular
2028,Customer_2028,Male,50,Kolkata,West Bengal,Regular
2029,Customer_2029,Male,39,Pune,Maharashtra,Gold
2030,Customer_2030,Female,46,Bengaluru,Karnataka,Regular
2031,Customer_2031,Female,36,Jaipur,Rajasthan,Regular
2032,Customer_2032,Male,36,Chennai,Tamil Nadu,Silver
2033,Customer_2033,Female,23,Ahmedabad,Gujarat,Silver
2034,Customer_2034,Female,62,Chennai,Tamil Nadu,Regular
2035,Customer_2035,Male,36,Ahmedabad,Gujarat,Regular
2036,Customer_2036,Male,30,Lucknow,Uttar Pradesh,Regular
2037,Customer_2037,Male,43,Hyderabad,Telangana,Regular
2038,Customer_2038,Female,39,Ahmedabad,Gujarat,Regular
2039,Customer_2039,Female,38,Chennai,Tamil Nadu,Gold
2040,Customer_2040,Female,53,Lucknow,Uttar Pradesh,Regular
2041,Customer_2041,Female,19,Ahmedabad,Gujarat,Gold
2042,Customer_2042,Male,64,Bengaluru,Karnataka,Silver
2043,Customer_2043,Male,61,Hyderabad,Telangana,Regular
2044,Customer_2044,Female,47,Ahmedabad,Gujarat,Silver
2045,Customer_2045,Male,44,Lucknow,Uttar Pradesh,Regular
2046,Customer_2046,Male,24,Kolkata,West Bengal,Platinum
2047,Customer_2047,Male,37,Mumbai,Maharashtra,Gold
2048,Customer_2048,Male,48,Pune,Maharashtra,Regular
2049,Customer_2049,Male,40,Mumbai,Maharashtra,Regular
2050,Customer_2050,Male,30,Mumbai,Maharashtra,Regular
2051,Customer_2051,Male,34,Delhi,Delhi,Regular
2052,Customer_2052,Male,21,Bengaluru,Karnataka,Regular
2053,Customer_2053,Female,31,Kolkata,West Bengal,Regular
2054,Customer_2054,Female,37,Jaipur,Rajasthan,Silver
2055,Customer_2055,Male,30,Ahmedabad,Gujarat,Regular
2056,Customer_2056,Female,20,Pune,Maharashtra,Gold
2057,Customer_2057,Male,43,Hyderabad,Telangana,Gold
2058,Customer_2058,Male,43,Kolkata,West Bengal,Regular
2059,Customer_2059,Female,35,Chennai,Tamil Nadu,Gold
2060,Customer_2060,Female,49,Jaipur,Rajasthan,Regular
2061,Customer_2061,Female,31,Delhi,Delhi,Regular
2062,Customer_2062,Male,64,Delhi,Delhi,Silver
2063,Customer_2063,Male,20,Kolkata,West Bengal,Regular
2064,Customer_2064,Female,18,Lucknow,Uttar Pradesh,Silver
2065,Customer_2065,Male,43,Mumbai,Maharashtra,Gold
2066,Customer_2066,Male,41,Chennai,Tamil Nadu,Platinum
2067,Customer_2067,Female,52,Delhi,Delhi,Silver
2068,Customer_2068,Female,31,Pune,Maharashtra,Silver
2069,Customer_2069,Female,20,Delhi,Delhi,Regular
2070,Customer_2070,Male,30,Hyderabad,Telangana,Regular
2071,Customer_2071,Female,64,Ahmedabad,Gujarat,Silver
2072,Customer_2072,Male,31,Delhi,Delhi,Regular
2073,Customer_2073,Male,38,Hyderabad,Telangana,Regular
2074,Customer_2074,Female,43,Kolkata,West Bengal,Regular
2075,Customer_2075,Male,20,Kolkata,West Bengal,Silver
2076,Customer_2076,Male,57,Jaipur,Rajasthan,Regular
2077,Customer_2077,Female,21,Delhi,Delhi,Silver
2078,Customer_2078,Male,53,Pune,Maharashtra,Regular
2079,Customer_2079,Male,60,Delhi,Delhi,Regular
2080,Customer_2080,Male,18,Pune,Maharashtra,Regular
2081,Customer_2081,Male,57,Bengaluru,Karnataka,Regular
2082,Customer_2082,Male,64,Jaipur,Rajasthan,Gold
2083,Customer_2083,Female,50,Bengaluru,Karnataka,Regular
2084,Customer_2084,Female,24,Delhi,Delhi,Regular
2085,Customer_2085,Male,28,Jaipur,Rajasthan,Regular
2086,Customer_2086,Female,44,Bengaluru,Karnataka,Regular
2087,Customer_2087,Male,31,Mumbai,Maharashtra,Regular
2088,Customer_2088,Male,39,Delhi,Delhi,Regular
2089,Customer_2089,Female,33,Bengaluru,Karnataka,Platinum
2090,Customer_2090,Male,63,Mumbai,Maharashtra,Silver
2091,Customer_2091,Other,29,Mumbai,Maharashtra,Regular
2092,Customer_2092,Male,63,Kolkata,West Bengal,Regular
2093,Customer_2093,Female,27,Delhi,Delhi,Regular
2094,Customer_2094,Male,41,Mumbai,Maharashtra,Regular
2095,Customer_2095,Male,63,Kolkata,West Bengal,Silver
2096,Customer_2096,Male,35,Bengaluru,Karnataka,Gold
2097,Customer_2097,Female,39,Hyderabad,Telangana,Regular
2098,Customer_2098,Female,26,Delhi,Delhi,Gold
2099,Customer_2099,Female,34,Jaipur,Rajasthan,Regular
2100,Customer_2100,Male,55,Pune,Maharashtra,Regular
2101,Customer_2101,Male,57,Pune,Maharashtra,Regular
2102,Customer_2102,Male,30,Bengaluru,Karnataka,Regular
2103,Customer_2103,Female,54,Lucknow,Uttar Pradesh,Gold
2104,Customer_2104,Female,23,Lucknow,Uttar Pradesh,Regular
2105,Customer_2105,Male,38,Bengaluru,Karnataka,Regular
2106,Customer_2106,Female,53,Mumbai,Maharashtra,Platinum
2107,Customer_2107,Male,24,Delhi,Delhi,Gold
2108,Customer_2108,Female,53,Pune,Maharashtra,Silver
2109,Customer_2109,Female,42,Pune,Maharashtra,Platinum
2110,Customer_2110,Male,28,Mumbai,Maharashtra,Regular
2111,Customer_2111,Male,61,Pune,Maharashtra,Gold
2112,Customer_2112,Other,31,Jaipur,Rajasthan,Silver
2113,Customer_2113,Female,62,Delhi,Delhi,Gold
2114,Customer_2114,Female,46,Ahmedabad,Gujarat,Gold
2115,Customer_2115,Male,27,Pune,Maharashtra,Regular
2116,Customer_2116,Male,65,Bengaluru,Karnataka,Gold
2117,Customer_2117,Male,22,Jaipur,Rajasthan,Regular
2118,Customer_2118,Female,25,Pune,Maharashtra,Regular
2119,Customer_2119,Female,63,Jaipur,Rajasthan,Regular
2120,Customer_2120,Male,22,Kolkata,West Bengal,Platinum
2121,Customer_2121,Male,41,Ahmedabad,Gujarat,Regular
2122,Customer_2122,Male,57,Chennai,Tamil Nadu,Regular
2123,Customer_2123,Male,43,Bengaluru,Karnataka,Regular
2124,Customer_2124,Male,23,Bengaluru,Karnataka,Platinum
2125,Customer_2125,Male,33,Delhi,Delhi,Regular
2126,Customer_2126,Male,53,Jaipur,Rajasthan,Gold
2127,Customer_2127,Male,29,Mumbai,Maharashtra,Gold
2128,Customer_2128,Female,28,Bengaluru,Karnataka,Regular
2129,Customer_2129,Male,20,Jaipur,Rajasthan,Regular
2130,Customer_2130,Male,61,Jaipur,Rajasthan,Silver
2131,Customer_2131,Male,54,Hyderabad,Telangana,Gold
2132,Customer_2132,Male,23,Hyderabad,Telangana,Silver
2133,Customer_2133,Male,36,Chennai,Tamil Nadu,Regular
2134,Customer_2134,Male,35,Kolkata,West Bengal,Gold
2135,Customer_2135,Female,33,Chennai,Tamil Nadu,Regular
2136,Customer_2136,Female,40,Pune,Maharashtra,Silver
2137,Customer_2137,Female,60,Mumbai,Maharashtra,Gold
2138,Customer_2138,Female,54,Pune,Maharashtra,Regular
2139,Customer_2139,Female,26,Lucknow,Uttar Pradesh,Gold
2140,Customer_2140,Female,20,Pune,Maharashtra,Silver
2141,Customer_2141,Male,25,Delhi,Delhi,Gold
2142,Customer_2142,Male,55,Pune,Maharashtra,Regular
2143,Customer_2143,Female,21,Chennai,Tamil Nadu,Regular
2144,Customer_2144,Male,29,Bengaluru,Karnataka,Gold
2145,Customer_2145,Male,61,Bengaluru,Karnataka,Regular
2146,Customer_2146,Female,48,Hyderabad,Telangana,Regular
2147,Customer_2147,Female,42,Mumbai,Maharashtra,Platinum
2148,Customer_2148,Male,33,Mumbai,Maharashtra,Regular
2149,Customer_2149,Female,59,Delhi,Delhi,Platinum
2150,Customer_2150,Male,31,Chennai,Tamil Nadu,Regular
2151,Customer_2151,Female,30,Hyderabad,Telangana,Regular
2152,Customer_2152,Male,58,Lucknow,Uttar Pradesh,Silver
2153,Customer_2153,Male,24,Mumbai,Maharashtra,Silver
2154,Customer_2154,Female,29,Bengaluru,Karnataka,Silver
2155,Customer_2155,Male,54,Pune,Maharashtra,Regular
2156,Customer_2156,Female,21,Pune,Maharashtra,Gold
2157,Customer_2157,Male,19,Hyderabad,Telangana,Regular
2158,Customer_2158,Male,52,Chennai,Tamil Nadu,Regular
2159,Customer_2159,Female,61,Chennai,Tamil Nadu,Regular
2160,Customer_2160,Male,20,Kolkata,West Bengal,Silver
2161,Customer_2161,Male,21,Ahmedabad,Gujarat,Regular
2162,Customer_2162,Male,55,Mumbai,Maharashtra,Regular
2163,Customer_2163,Female,29,Chennai,Tamil Nadu,Regular
2164,Customer_2164,Female,36,Bengaluru,Karnataka,Regular
2165,Customer_2165,Other,27,Hyderabad,Telangana,Regular
2166,Customer_2166,Male,18,Lucknow,Uttar Pradesh,Silver
2167,Customer_2167,Male,34,Kolkata,West Bengal,Regular
2168,Customer_2168,Male,33,Jaipur,Rajasthan,Gold
2169,Customer_2169,Female,26,Delhi,Delhi,Silver
2170,Customer_2170,Male,26,Lucknow,Uttar Pradesh,Regular
2171,Customer_2171,Female,26,Jaipur,Rajasthan,Silver
2172,Customer_2172,Male,29,Pune,Maharashtra,Regular
2173,Customer_2173,Other,58,Delhi,Delhi,Gold
2174,Customer_2174,Female,32,Mumbai,Maharashtra,Platinum
2175,Customer_2175,Female,19,Bengaluru,Karnataka,Regular
2176,Customer_2176,Male,28,Delhi,Delhi,Silver
2177,Customer_2177,Male,28,Ahmedabad,Gujarat,Regular
2178,Customer_2178,Male,25,Jaipur,Rajasthan,Regular
2179,Customer_2179,Male,49,Mumbai,Maharashtra,Gold
2180,Customer_2180,Male,23,Ahmedabad,Gujarat,Regular
2181,Customer_2181,Male,37,Pune,Maharashtra,Regular
2182,Customer_2182,Male,56,Ahmedabad,Gujarat,Regular
2183,Customer_2183,Female,52,Kolkata,West Bengal,Silver
2184,Customer_2184,Female,25,Kolkata,West Bengal,Regular
2185,Customer_2185,Male,60,Hyderabad,Telangana,Gold
2186,Customer_2186,Female,51,Lucknow,Uttar Pradesh,Regular
2187,Customer_2187,Male,36,Lucknow,Uttar Pradesh,Regular
2188,Customer_2188,Male,24,Mumbai,Maharashtra,Silver
2189,Customer_2189,Male,48,Pune,Maharashtra,Regular
2190,Customer_2190,Female,35,Chennai,Tamil Nadu,Silver
2191,Customer_2191,Male,57,Kolkata,West Bengal,Regular
2192,Customer_2192,Male,31,Mumbai,Maharashtra,Regular
2193,Customer_2193,Female,56,Chennai,Tamil Nadu,Regular
2194,Customer_2194,Male,53,Lucknow,Uttar Pradesh,Gold
2195,Customer_2195,Female,34,Hyderabad,Telangana,Silver
2196,Customer_2196,Female,54,Ahmedabad,Gujarat,Gold
2197,Customer_2197,Other,61,Kolkata,West Bengal,Regular
2198,Customer_2198,Male,26,Mumbai,Maharashtra,Silver
2199,Customer_2199,Male,37,Delhi,Delhi,Regular
2200,Customer_2200,Male,62,Chennai,Tamil Nadu,Platinum
2201,Customer_2201,Male,45,Ahmedabad,Gujarat,Silver
2202,Customer_2202,Male,37,Kolkata,West Bengal,Silver
2203,Customer_2203,Male,58,Lucknow,Uttar Pradesh,Regular
2204,Customer_2204,Female,53,Pune,Maharashtra,Regular
2205,Customer_2205,Female,44,Chennai,Tamil Nadu,Regular
2206,Customer_2206,Male,25,Lucknow,Uttar Pradesh,Gold
2207,Customer_2207,Male,49,Kolkata,West Bengal,Regular
2208,Customer_2208,Male,18,Chennai,Tamil Nadu,Regular
2209,Customer_2209,Male,34,Ahmedabad,Gujarat,Regular
2210,Customer_2210,Female,26,Kolkata,West Bengal,Regular
2211,Customer_2211,Female,37,Jaipur,Rajasthan,Regular
2212,Customer_2212,Female,62,Mumbai,Maharashtra,Gold
2213,Customer_2213,Female,49,Ahmedabad,Gujarat,Silver
2214,Customer_2214,Female,19,Chennai,Tamil Nadu,Gold
2215,Customer_2215,Female,49,Pune,Maharashtra,Gold
2216,Customer_2216,Male,62,Lucknow,Uttar Pradesh,Regular
2217,Customer_2217,Female,26,Delhi,Delhi,Regular
2218,Customer_2218,Male,47,Lucknow,Uttar Pradesh,Regular
2219,Customer_2219,Male,37,Chennai,Tamil Nadu,Gold
2220,Customer_2220,Male,55,Lucknow,Uttar Pradesh,Regular
2221,Customer_2221,Male,18,Mumbai,Maharashtra,Regular
2222,Customer_2222,Female,22,Kolkata,West Bengal,Regular
2223,Customer_2223,Male,52,Delhi,Delhi,Regular
2224,Customer_2224,Male,53,Bengaluru,Karnataka,Regular
2225,Customer_2225,Male,18,Chennai,Tamil Nadu,Regular
2226,Customer_2226,Female,31,Hyderabad,Telangana,Gold
2227,Customer_2227,Male,26,Bengaluru,Karnataka,Gold
2228,Customer_2228,Female,47,Lucknow,Uttar Pradesh,Regular
2229,Customer_2229,Female,41,Chennai,Tamil Nadu,Regular
2230,Customer_2230,Female,21,Jaipur,Rajasthan,Gold
2231,Customer_2231,Female,31,Hyderabad,Telangana,Regular
2232,Customer_2232,Male,42,Delhi,Delhi,Gold
2233,Customer_2233,Male,21,Pune,Maharashtra,Regular
2234,Customer_2234,Female,42,Jaipur,Rajasthan,Silver
2235,Customer_2235,Male,27,Bengaluru,Karnataka,Silver
2236,Customer_2236,Male,52,Kolkata,West Bengal,Silver
2237,Customer_2237,Female,24,Mumbai,Maharashtra,Gold
2238,Customer_2238,Male,59,Pune,Maharashtra,Regular
2239,Customer_2239,Female,30,Jaipur,Rajasthan,Regular
2240,Customer_2240,Male,21,Kolkata,West Bengal,Regular
2241,Customer_2241,Female,60,Kolkata,West Bengal,Gold
2242,Customer_2242,Male,53,Chennai,Tamil Nadu,Regular
2243,Customer_2243,Female,31,Jaipur,Rajasthan,Gold
2244,Customer_2244,Male,35,Delhi,Delhi,Regular
2245,Customer_2245,Male,25,Lucknow,Uttar Pradesh,Regular
2246,Customer_2246,Female,49,Hyderabad,Telangana,Silver
2247,Customer_2247,Male,44,Hyderabad,Telangana,Regular
2248,Customer_2248,Male,59,Bengaluru,Karnataka,Regular
2249,Customer_2249,Female,54,Bengaluru,Karnataka,Regular
2250,Customer_2250,Female,40,Hyderabad,Telangana,Regular
2251,Customer_2251,Male,24,Delhi,Delhi,Silver
2252,Customer_2252,Female,29,Mumbai,Maharashtra,Silver
2253,Customer_2253,Male,42,Ahmedabad,Gujarat,Regular
2254,Customer_2254,Male,20,Lucknow,Uttar Pradesh,Regular
2255,Customer_2255,Female,43,Mumbai,Maharashtra,Regular
2256,Customer_2256,Female,21,Chennai,Tamil Nadu,Regular
2257,Customer_2257,Female,59,Ahmedabad,Gujarat,Platinum
2258,Customer_2258,Other,53,Ahmedabad,Gujarat,Gold
2259,Customer_2259,Male,32,Jaipur,Rajasthan,Regular
2260,Customer_2260,Male,49,Delhi,Delhi,Regular
2261,Customer_2261,Male,46,Delhi,Delhi,Platinum
2262,Customer_2262,Female,27,Ahmedabad,Gujarat,Regular
2263,Customer_2263,Female,38,Jaipur,Rajasthan,Regular
2264,Customer_2264,Male,33,Lucknow,Uttar Pradesh,Gold
2265,Customer_2265,Male,64,Ahmedabad,Gujarat,Regular
2266,Customer_2266,Male,36,Pune,Maharashtra,Regular
2267,Customer_2267,Female,46,Bengaluru,Karnataka,Platinum
2268,Customer_2268,Male,35,Bengaluru,Karnataka,Silver
2269,Customer_2269,Male,61,Mumbai,Maharashtra,Regular
2270,Customer_2270,Male,33,Chennai,Tamil Nadu,Regular
2271,Customer_2271,Female,18,Bengaluru,Karnataka,Regular
2272,Customer_2272,Female,65,Kolkata,West Bengal,Silver
2273,Customer_2273,Female,19,Mumbai,Maharashtra,Regular
2274,Customer_2274,Male,32,Bengaluru,Karnataka,Regular
2275,Customer_2275,Male,56,Chennai,Tamil Nadu,Platinum
2276,Customer_2276,Female,45,Delhi,Delhi,Regular
2277,Customer_2277,Female,18,Delhi,Delhi,Regular
2278,Customer_2278,Male,22,Lucknow,Uttar Pradesh,Regular
2279,Customer_2279,Male,59,Ahmedabad,Gujarat,Regular
2280,Customer_2280,Male,39,Pune,Maharashtra,Regular
2281,Customer_2281,Male,53,Delhi,Delhi,Gold
2282,Customer_2282,Female,63,Jaipur,Rajasthan,Gold
2283,Customer_2283,Male,30,Bengaluru,Karnataka,Regular
2284,Customer_2284,Male,18,Jaipur,Rajasthan,Regular
2285,Customer_2285,Male,33,Chennai,Tamil Nadu,Silver
2286,Customer_2286,Male,58,Delhi,Delhi,Regular
2287,Customer_2287,Male,39,Pune,Maharashtra,Regular
2288,Customer_2288,Male,49,Chennai,Tamil Nadu,Platinum
2289,Customer_2289,Male,33,Kolkata,West Bengal,Regular
2290,Customer_2290,Female,32,Kolkata,West Bengal,Regular
2291,Customer_2291,Female,63,Jaipur,Rajasthan,Regular
2292,Customer_2292,Male,59,Ahmedabad,Gujarat,Regular
2293,Customer_2293,Female,29,Mumbai,Maharashtra,Regular
2294,Customer_2294,Female,18,Ahmedabad,Gujarat,Regular
2295,Customer_2295,Female,34,Lucknow,Uttar Pradesh,Regular
2296,Customer_2296,Male,58,Ahmedabad,Gujarat,Silver
2297,Customer_2297,Male,45,Lucknow,Uttar Pradesh,Regular
2298,Customer_2298,Male,24,Lucknow,Uttar Pradesh,Regular
2299,Customer_2299,Male,26,Pune,Maharashtra,Silver
2300,Customer_2300,Male,39,Delhi,Delhi,Gold
2301,Customer_2301,Female,43,Pune,Maharashtra,Regular
2302,Customer_2302,Male,29,Lucknow,Uttar Pradesh,Regular
2303,Customer_2303,Male,24,Chennai,Tamil Nadu,Regular
2304,Customer_2304,Female,63,Kolkata,West Bengal,Silver
2305,Customer_2305,Male,64,Lucknow,Uttar Pradesh,Regular
2306,Customer_2306,Female,32,Pune,Maharashtra,Regular
2307,Customer_2307,Female,55,Chennai,Tamil Nadu,Regular
2308,Customer_2308,Female,38,Pune,Maharashtra,Regular
2309,Customer_2309,Other,31,Ahmedabad,Gujarat,Regular
2310,Customer_2310,Male,19,Bengaluru,Karnataka,Regular
2311,Customer_2311,Male,25,Jaipur,Rajasthan,Gold
2312,Customer_2312,Female,62,Mumbai,Maharashtra,Silver
2313,Customer_2313,Female,23,Pune,Maharashtra,Regular
2314,Customer_2314,Male,54,Mumbai,Maharashtra,Regular
2315,Customer_2315,Female,54,Hyderabad,Telangana,Regular
2316,Customer_2316,Male,50,Pune,Maharashtra,Regular
2317,Customer_2317,Female,58,Bengaluru,Karnataka,Gold
2318,Customer_2318,Male,23,Mumbai,Maharashtra,Platinum
2319,Customer_2319,Female,43,Lucknow,Uttar Pradesh,Regular
2320,Customer_2320,Female,56,Pune,Maharashtra,Regular
2321,Customer_2321,Male,58,Delhi,Delhi,Regular
2322,Customer_2322,Male,54,Jaipur,Rajasthan,Silver
2323,Customer_2323,Male,31,Bengaluru,Karnataka,Silver
2324,Customer_2324,Female,54,Mumbai,Maharashtra,Gold
2325,Customer_2325,Female,25,Bengaluru,Karnataka,Silver
2326,Customer_2326,Female,56,Chennai,Tamil Nadu,Regular
2327,Customer_2327,Female,30,Jaipur,Rajasthan,Silver
2328,Customer_2328,Female,30,Lucknow,Uttar Pradesh,Silver
2329,Customer_2329,Male,57,Pune,Maharashtra,Regular
2330,Customer_2330,Male,60,Pune,Maharashtra,Regular
2331,Customer_2331,Female,45,Pune,Maharashtra,Silver
2332,Customer_2332,Male,35,Jaipur,Rajasthan,Silver
2333,Customer_2333,Male,36,Delhi,Delhi,Silver
2334,Customer_2334,Male,55,Hyderabad,Telangana,Silver
2335,Customer_2335,Male,49,Kolkata,West Bengal,Silver
2336,Customer_2336,Female,39,Ahmedabad,Gujarat,Silver
2337,Customer_2337,Male,19,Mumbai,Maharashtra,Regular
2338,Customer_2338,Female,30,Delhi,Delhi,Silver
2339,Customer_2339,Male,40,Lucknow,Uttar Pradesh,Regular
2340,Customer_2340,Male,42,Mumbai,Maharashtra,Regular
2341,Customer_2341,Male,45,Pune,Maharashtra,Regular
2342,Customer_2342,Female,28,Bengaluru,Karnataka,Silver
2343,Customer_2343,Female,50,Lucknow,Uttar Pradesh,Silver
2344,Customer_2344,Female,41,Mumbai,Maharashtra,Platinum
2345,Customer_2345,Female,19,Pune,Maharashtra,Regular
2346,Customer_2346,Female,47,Mumbai,Maharashtra,Regular
2347,Customer_2347,Female,34,Bengaluru,Karnataka,Regular
2348,Customer_2348,Female,57,Pune,Maharashtra,Regular
2349,Customer_2349,Female,51,Hyderabad,Telangana,Gold
2350,Customer_2350,Male,55,Delhi,Delhi,Regular
2351,Customer_2351,Female,39,Chennai,Tamil Nadu,Silver
2352,Customer_2352,Female,22,Ahmedabad,Gujarat,Silver
2353,Customer_2353,Female,65,Jaipur,Rajasthan,Regular
2354,Customer_2354,Male,57,Ahmedabad,Gujarat,Gold
2355,Customer_2355,Female,33,Lucknow,Uttar Pradesh,Regular
2356,Customer_2356,Female,30,Ahmedabad,Gujarat,Regular
2357,Customer_2357,Male,43,Pune,Maharashtra,Gold
2358,Customer_2358,Female,48,Hyderabad,Telangana,Gold
2359,Customer_2359,Male,56,Chennai,Tamil Nadu,Regular
2360,Customer_2360,Male,65,Delhi,Delhi,Regular
2361,Customer_2361,Male,40,Delhi,Delhi,Regular
2362,Customer_2362,Male,65,Bengaluru,Karnataka,Regular
2363,Customer_2363,Female,29,Jaipur,Rajasthan,Platinum
2364,Customer_2364,Male,31,Mumbai,Maharashtra,Silver
2365,Customer_2365,Male,35,Hyderabad,Telangana,Regular
2366,Customer_2366,Male,44,Mumbai,Maharashtra,Gold
2367,Customer_2367,Male,45,Chennai,Tamil Nadu,Regular
2368,Customer_2368,Male,35,Ahmedabad,Gujarat,Regular
2369,Customer_2369,Female,33,Delhi,Delhi,Platinum
2370,Customer_2370,Male,33,Chennai,Tamil Nadu,Gold
2371,Customer_2371,Female,30,Ahmedabad,Gujarat,Gold
2372,Customer_2372,Female,46,Delhi,Delhi,Regular
2373,Customer_2373,Male,26,Ahmedabad,Gujarat,Gold
2374,Customer_2374,Female,43,Jaipur,Rajasthan,Regular
2375,Customer_2375,Male,45,Hyderabad,Telangana,Silver
2376,Customer_2376,Male,58,Lucknow,Uttar Pradesh,Platinum
2377,Customer_2377,Male,30,Chennai,Tamil Nadu,Regular
2378,Customer_2378,Male,53,Chennai,Tamil Nadu,Gold
2379,Customer_2379,Male,26,Kolkata,West Bengal,Regular
2380,Customer_2380,Female,64,Pune,Maharashtra,Regular
2381,Customer_2381,Male,31,Jaipur,Rajasthan,Silver
2382,Customer_2382,Female,29,Jaipur,Rajasthan,Regular
2383,Customer_2383,Male,49,Mumbai,Maharashtra,Silver
2384,Customer_2384,Female,55,Ahmedabad,Gujarat,Regular
2385,Customer_2385,Male,20,Pune,Maharashtra,Platinum
2386,Customer_2386,Male,33,Hyderabad,Telangana,Regular
2387,Customer_2387,Male,37,Hyderabad,Telangana,Regular
2388,Customer_2388,Male,49,Jaipur,Rajasthan,Regular
2389,Customer_2389,Male,40,Hyderabad,Telangana,Platinum
2390,Customer_2390,Female,34,Kolkata,West Bengal,Silver
2391,Customer_2391,Male,33,Chennai,Tamil Nadu,Silver
2392,Customer_2392,Female,55,Bengaluru,Karnataka,Regular
2393,Customer_2393,Female,25,Lucknow,Uttar Pradesh,Regular
2394,Customer_2394,Female,36,Mumbai,Maharashtra,Regular
2395,Customer_2395,Male,47,Ahmedabad,Gujarat,Silver
2396,Customer_2396,Male,51,Lucknow,Uttar Pradesh,Regular
2397,Customer_2397,Female,31,Ahmedabad,Gujarat,Platinum
2398,Customer_2398,Female,39,Delhi,Delhi,Gold
2399,Customer_2399,Male,61,Lucknow,Uttar Pradesh,Regular
2400,Customer_2400,Male,34,Bengaluru,Karnataka,Regular
2401,Customer_2401,Male,32,Jaipur,Rajasthan,Gold
2402,Customer_2402,Female,65,Kolkata,West Bengal,Regular
2403,Customer_2403,Female,49,Chennai,Tamil Nadu,Regular
2404,Customer_2404,Male,30,Chennai,Tamil Nadu,Regular
2405,Customer_2405,Female,38,Kolkata,West Bengal,Silver
2406,Customer_2406,Female,57,Pune,Maharashtra,Gold
2407,Customer_2407,Male,50,Delhi,Delhi,Regular
2408,Customer_2408,Female,44,Ahmedabad,Gujarat,Regular
2409,Customer_2409,Female,52,Bengaluru,Karnataka,Regular
2410,Customer_2410,Male,33,Hyderabad,Telangana,Silver
2411,Customer_2411,Female,45,Lucknow,Uttar Pradesh,Regular
2412,Customer_2412,Male,51,Delhi,Delhi,Regular
2413,Customer_2413,Male,64,Lucknow,Uttar Pradesh,Platinum
2414,Customer_2414,Male,18,Bengaluru,Karnataka,Platinum
2415,Customer_2415,Male,58,Mumbai,Maharashtra,Platinum
2416,Customer_2416,Male,65,Mumbai,Maharashtra,Gold
2417,Customer_2417,Male,48,Delhi,Delhi,Regular
2418,Customer_2418,Female,53,Jaipur,Rajasthan,Regular
2419,Customer_2419,Male,61,Bengaluru,Karnataka,Regular
2420,Customer_2420,Female,50,Bengaluru,Karnataka,Regular
2421,Customer_2421,Male,50,Kolkata,West Bengal,Platinum
2422,Customer_2422,Female,56,Jaipur,Rajasthan,Gold
2423,Customer_2423,Female,35,Ahmedabad,Gujarat,Silver
2424,Customer_2424,Male,40,Ahmedabad,Gujarat,Regular
2425,Customer_2425,Female,40,Hyderabad,Telangana,Gold
2426,Customer_2426,Male,32,Chennai,Tamil Nadu,Gold
2427,Customer_2427,Female,43,Mumbai,Maharashtra,Regular
2428,Customer_2428,Female,47,Ahmedabad,Gujarat,Gold
2429,Customer_2429,Female,42,Jaipur,Rajasthan,Regular
2430,Customer_2430,Female,62,Bengaluru,Karnataka,Regular
2431,Customer_2431,Male,33,Ahmedabad,Gujarat,Silver
2432,Customer_2432,Male,56,Bengaluru,Karnataka,Silver
2433,Customer_2433,Female,65,Ahmedabad,Gujarat,Regular
2434,Customer_2434,Male,62,Mumbai,Maharashtra,Regular
2435,Customer_2435,Male,31,Lucknow,Uttar Pradesh,Platinum
2436,Customer_2436,Male,34,Ahmedabad,Gujarat,Silver
2437,Customer_2437,Male,29,Jaipur,Rajasthan,Silver
2438,Customer_2438,Other,46,Ahmedabad,Gujarat,Regular
2439,Customer_2439,Male,49,Chennai,Tamil Nadu,Regular
2440,Customer_2440,Male,41,Mumbai,Maharashtra,Regular
2441,Customer_2441,Female,30,Jaipur,Rajasthan,Regular
2442,Customer_2442,Female,37,Kolkata,West Bengal,Regular
2443,Customer_2443,Male,32,Jaipur,Rajasthan,Regular
2444,Customer_2444,Male,21,Chennai,Tamil Nadu,Silver
2445,Customer_2445,Female,51,Lucknow,Uttar Pradesh,Regular
2446,Customer_2446,Female,45,Mumbai,Maharashtra,Gold
2447,Customer_2447,Male,19,Kolkata,West Bengal,Regular
2448,Customer_2448,Male,64,Chennai,Tamil Nadu,Regular
2449,Customer_2449,Male,47,Chennai,Tamil Nadu,Regular
2450,Customer_2450,Male,43,Delhi,Delhi,Regular
2451,Customer_2451,Male,64,Mumbai,Maharashtra,Regular
2452,Customer_2452,Female,43,Jaipur,Rajasthan,Platinum
2453,Customer_2453,Male,37,Bengaluru,Karnataka,Gold
2454,Customer_2454,Female,59,Lucknow,Uttar Pradesh,Regular
2455,Customer_2455,Male,45,Bengaluru,Karnataka,Regular
2456,Customer_2456,Female,37,Jaipur,Rajasthan,Silver
2457,Customer_2457,Female,28,Jaipur,Rajasthan,Silver
2458,Customer_2458,Male,27,Mumbai,Maharashtra,Regular
2459,Customer_2459,Male,40,Jaipur,Rajasthan,Silver
2460,Customer_2460,Male,54,Delhi,Delhi,Gold
2461,Customer_2461,Female,58,Kolkata,West Bengal,Silver
2462,Customer_2462,Female,36,Jaipur,Rajasthan,Gold
2463,Customer_2463,Male,62,Bengaluru,Karnataka,Gold
2464,Customer_2464,Male,35,Jaipur,Rajasthan,Platinum
2465,Customer_2465,Male,44,Delhi,Delhi,Regular
2466,Customer_2466,Female,23,Ahmedabad,Gujarat,Silver
2467,Customer_2467,Male,27,Ahmedabad,Gujarat,Gold
2468,Customer_2468,Male,19,Chennai,Tamil Nadu,Silver
2469,Customer_2469,Male,41,Lucknow,Uttar Pradesh,Platinum
2470,Customer_2470,Male,55,Hyderabad,Telangana,Regular
2471,Customer_2471,Female,45,Kolkata,West Bengal,Regular
2472,Customer_2472,Male,45,Pune,Maharashtra,Regular
2473,Customer_2473,Female,62,Chennai,Tamil Nadu,Regular
2474,Customer_2474,Male,56,Lucknow,Uttar Pradesh,Regular
2475,Customer_2475,Male,19,Ahmedabad,Gujarat,Silver
2476,Customer_2476,Female,63,Bengaluru,Karnataka,Regular
2477,Customer_2477,Other,22,Pune,Maharashtra,Silver
2478,Customer_2478,Female,28,Lucknow,Uttar Pradesh,Silver
2479,Customer_2479,Male,27,Lucknow,Uttar Pradesh,Regular
2480,Customer_2480,Male,60,Chennai,Tamil Nadu,Regular
2481,Customer_2481,Female,19,Pune,Maharashtra,Silver
2482,Customer_2482,Male,32,Mumbai,Maharashtra,Silver
2483,Customer_2483,Male,56,Hyderabad,Telangana,Gold
2484,Customer_2484,Female,58,Mumbai,Maharashtra,Gold
2485,Customer_2485,Female,54,Pune,Maharashtra,Platinum
2486,Customer_2486,Other,24,Mumbai,Maharashtra,Silver
2487,Customer_2487,Female,37,Delhi,Delhi,Gold
2488,Customer_2488,Female,51,Ahmedabad,Gujarat,Gold
2489,Customer_2489,Male,52,Delhi,Delhi,Gold
2490,Customer_2490,Male,51,Jaipur,Rajasthan,Regular
2491,Customer_2491,Female,39,Mumbai,Maharashtra,Platinum
2492,Customer_2492,Female,48,Jaipur,Rajasthan,Regular
2493,Customer_2493,Male,40,Bengaluru,Karnataka,Gold
2494,Customer_2494,Male,36,Kolkata,West Bengal,Regular
2495,Customer_2495,Male,21,Bengaluru,Karnataka,Regular
2496,Customer_2496,Female,41,Pune,Maharashtra,Regular
2497,Customer_2497,Male,37,Lucknow,Uttar Pradesh,Regular
2498,Customer_2498,Male,56,Ahmedabad,Gujarat,Regular
2499,Customer_2499,Male,45,Mumbai,Maharashtra,Gold
2500,Customer_2500,Female,56,Chennai,Tamil Nadu,Regular
2501,Customer_2501,Male,34,Kolkata,West Bengal,Regular
2502,Customer_2502,Female,36,Hyderabad,Telangana,Regular
2503,Customer_2503,Female,65,Hyderabad,Telangana,Silver
2504,Customer_2504,Male,52,Hyderabad,Telangana,Regular
2505,Customer_2505,Male,49,Mumbai,Maharashtra,Regular
2506,Customer_2506,Male,64,Hyderabad,Telangana,Regular
2507,Customer_2507,Male,63,Delhi,Delhi,Silver
2508,Customer_2508,Female,64,Kolkata,West Bengal,Regular
2509,Customer_2509,Male,63,Delhi,Delhi,Regular
2510,Customer_2510,Female,56,Lucknow,Uttar Pradesh,Regular
2511,Customer_2511,Male,52,Kolkata,West Bengal,Platinum
2512,Customer_2512,Male,47,Delhi,Delhi,Regular
2513,Customer_2513,Female,34,Kolkata,West Bengal,Silver
2514,Customer_2514,Male,59,Lucknow,Uttar Pradesh,Regular
2515,Customer_2515,Male,64,Jaipur,Rajasthan,Regular
2516,Customer_2516,Male,46,Mumbai,Maharashtra,Regular
2517,Customer_2517,Male,23,Mumbai,Maharashtra,Regular
2518,Customer_2518,Female,34,Hyderabad,Telangana,Regular
2519,Customer_2519,Male,34,Bengaluru,Karnataka,Regular
2520,Customer_2520,Female,31,Hyderabad,Telangana,Regular
2521,Customer_2521,Female,41,Pune,Maharashtra,Silver
2522,Customer_2522,Male,54,Delhi,Delhi,Platinum
2523,Customer_2523,Male,57,Kolkata,West Bengal,Regular
2524,Customer_2524,Male,56,Bengaluru,Karnataka,Silver
2525,Customer_2525,Female,49,Lucknow,Uttar Pradesh,Platinum
2526,Customer_2526,Male,53,Pune,Maharashtra,Gold
2527,Customer_2527,Female,54,Lucknow,Uttar Pradesh,Regular
2528,Customer_2528,Male,65,Mumbai,Maharashtra,Silver
2529,Customer_2529,Female,31,Mumbai,Maharashtra,Regular
2530,Customer_2530,Male,44,Hyderabad,Telangana,Regular
2531,Customer_2531,Female,36,Delhi,Delhi,Regular
2532,Customer_2532,Male,48,Bengaluru,Karnataka,Regular
2533,Customer_2533,Male,63,Ahmedabad,Gujarat,Regular
2534,Customer_2534,Male,26,Pune,Maharashtra,Regular
2535,Customer_2535,Male,55,Pune,Maharashtra,Silver
2536,Customer_2536,Other,34,Hyderabad,Telangana,Regular
2537,Customer_2537,Male,36,Mumbai,Maharashtra,Regular
2538,Customer_2538,Male,61,Hyderabad,Telangana,Regular
2539,Customer_2539,Female,21,Kolkata,West Bengal,Regular
2540,Customer_2540,Male,65,Bengaluru,Karnataka,Silver
2541,Customer_2541,Female,28,Delhi,Delhi,Platinum
2542,Customer_2542,Female,39,Jaipur,Rajasthan,Regular
2543,Customer_2543,Male,21,Chennai,Tamil Nadu,Regular
2544,Customer_2544,Female,34,Chennai,Tamil Nadu,Gold
2545,Customer_2545,Male,25,Hyderabad,Telangana,Regular
2546,Customer_2546,Male,63,Kolkata,West Bengal,Gold
2547,Customer_2547,Female,51,Bengaluru,Karnataka,Regular
2548,Customer_2548,Female,28,Ahmedabad,Gujarat,Regular
2549,Customer_2549,Male,48,Chennai,Tamil Nadu,Regular
2550,Customer_2550,Female,28,Bengaluru,Karnataka,Regular
2551,Customer_2551,Male,55,Delhi,Delhi,Regular
2552,Customer_2552,Male,38,Lucknow,Uttar Pradesh,Gold
2553,Customer_2553,Female,63,Kolkata,West Bengal,Silver
2554,Customer_2554,Male,47,Mumbai,Maharashtra,Silver
2555,Customer_2555,Male,27,Bengaluru,Karnataka,Gold
2556,Customer_2556,Female,43,Delhi,Delhi,Regular
2557,Customer_2557,Female,44,Ahmedabad,Gujarat,Silver
2558,Customer_2558,Male,25,Jaipur,Rajasthan,Regular
2559,Customer_2559,Male,56,Mumbai,Maharashtra,Gold
2560,Customer_2560,Female,25,Jaipur,Rajasthan,Regular
2561,Customer_2561,Female,25,Ahmedabad,Gujarat,Silver
2562,Customer_2562,Female,51,Delhi,Delhi,Gold
2563,Customer_2563,Male,33,Chennai,Tamil Nadu,Regular
2564,Customer_2564,Male,58,Jaipur,Rajasthan,Regular
2565,Customer_2565,Male,30,Mumbai,Maharashtra,Regular
2566,Customer_2566,Female,40,Hyderabad,Telangana,Regular
2567,Customer_2567,Female,29,Pune,Maharashtra,Silver
2568,Customer_2568,Female,44,Bengaluru,Karnataka,Platinum
2569,Customer_2569,Other,39,Chennai,Tamil Nadu,Regular
2570,Customer_2570,Male,49,Jaipur,Rajasthan,Regular
2571,Customer_2571,Male,44,Lucknow,Uttar Pradesh,Silver
2572,Customer_2572,Male,19,Bengaluru,Karnataka,Regular
2573,Customer_2573,Male,62,Hyderabad,Telangana,Regular
2574,Customer_2574,Male,50,Ahmedabad,Gujarat,Gold
2575,Customer_2575,Male,43,Pune,Maharashtra,Silver
2576,Customer_2576,Female,45,Delhi,Delhi,Regular
2577,Customer_2577,Female,36,Hyderabad,Telangana,Regular
2578,Customer_2578,Male,60,Hyderabad,Telangana,Silver
2579,Customer_2579,Female,22,Ahmedabad,Gujarat,Silver
2580,Customer_2580,Male,50,Kolkata,West Bengal,Gold
2581,Customer_2581,Female,37,Ahmedabad,Gujarat,Regular
2582,Customer_2582,Female,47,Kolkata,West Bengal,Platinum
2583,Customer_2583,Female,62,Kolkata,West Bengal,Silver
2584,Customer_2584,Male,25,Chennai,Tamil Nadu,Silver
2585,Customer_2585,Male,55,Chennai,Tamil Nadu,Silver
2586,Customer_2586,Male,34,Mumbai,Maharashtra,Regular
2587,Customer_2587,Female,61,Jaipur,Rajasthan,Platinum
2588,Customer_2588,Female,18,Jaipur,Rajasthan,Regular
2589,Customer_2589,Female,20,Delhi,Delhi,Regular
2590,Customer_2590,Male,63,Jaipur,Rajasthan,Gold
2591,Customer_2591,Female,43,Chennai,Tamil Nadu,Silver
2592,Customer_2592,Female,48,Mumbai,Maharashtra,Gold
2593,Customer_2593,Male,25,Mumbai,Maharashtra,Regular
2594,Customer_2594,Male,60,Kolkata,West Bengal,Regular
2595,Customer_2595,Female,63,Ahmedabad,Gujarat,Gold
2596,Customer_2596,Male,25,Delhi,Delhi,Regular
2597,Customer_2597,Female,52,Kolkata,West Bengal,Gold
2598,Customer_2598,Other,56,Ahmedabad,Gujarat,Regular
2599,Customer_2599,Female,45,Jaipur,Rajasthan,Gold
2600,Customer_2600,Female,21,Kolkata,West Bengal,Regular
2601,Customer_2601,Female,33,Bengaluru,Karnataka,Silver
2602,Customer_2602,Female,30,Jaipur,Rajasthan,Gold
2603,Customer_2603,Male,37,Ahmedabad,Gujarat,Regular
2604,Customer_2604,Male,22,Delhi,Delhi,Silver
2605,Customer_2605,Male,54,Ahmedabad,Gujarat,Gold
2606,Customer_2606,Female,37,Kolkata,West Bengal,Silver
2607,Customer_2607,Male,41,Kolkata,West Bengal,Gold
2608,Customer_2608,Male,53,Hyderabad,Telangana,Regular
2609,Customer_2609,Male,51,Delhi,Delhi,Regular
2610,Customer_2610,Female,62,Lucknow,Uttar Pradesh,Regular
2611,Customer_2611,Female,65,Jaipur,Rajasthan,Regular
2612,Customer_2612,Other,51,Mumbai,Maharashtra,Regular
2613,Customer_2613,Male,36,Delhi,Delhi,Silver
2614,Customer_2614,Female,34,Mumbai,Maharashtra,Regular
2615,Customer_2615,Female,22,Delhi,Delhi,Regular
2616,Customer_2616,Male,42,Delhi,Delhi,Regular
2617,Customer_2617,Female,35,Ahmedabad,Gujarat,Gold
2618,Customer_2618,Male,25,Delhi,Delhi,Silver
2619,Customer_2619,Female,44,Hyderabad,Telangana,Regular
2620,Customer_2620,Male,32,Lucknow,Uttar Pradesh,Gold
2621,Customer_2621,Male,62,Kolkata,West Bengal,Regular
2622,Customer_2622,Female,30,Pune,Maharashtra,Platinum
2623,Customer_2623,Male,33,Mumbai,Maharashtra,Silver
2624,Customer_2624,Male,39,Kolkata,West Bengal,Regular
2625,Customer_2625,Female,37,Pune,Maharashtra,Silver
2626,Customer_2626,Male,30,Lucknow,Uttar Pradesh,Silver
2627,Customer_2627,Female,37,Lucknow,Uttar Pradesh,Regular
2628,Customer_2628,Male,19,Mumbai,Maharashtra,Gold
2629,Customer_2629,Female,52,Mumbai,Maharashtra,Regular
2630,Customer_2630,Female,64,Lucknow,Uttar Pradesh,Regular
2631,Customer_2631,Female,36,Pune,Maharashtra,Regular
2632,Customer_2632,Female,62,Delhi,Delhi,Regular
2633,Customer_2633,Female,54,Jaipur,Rajasthan,Regular
2634,Customer_2634,Female,23,Bengaluru,Karnataka,Gold
2635,Customer_2635,Female,31,Kolkata,West Bengal,Regular
2636,Customer_2636,Female,21,Ahmedabad,Gujarat,Regular
2637,Customer_2637,Male,39,Kolkata,West Bengal,Regular
2638,Customer_2638,Male,56,Ahmedabad,Gujarat,Gold
2639,Customer_2639,Female,53,Pune,Maharashtra,Platinum
2640,Customer_2640,Male,51,Ahmedabad,Gujarat,Silver
2641,Customer_2641,Male,44,Mumbai,Maharashtra,Platinum
2642,Customer_2642,Female,24,Jaipur,Rajasthan,Gold
2643,Customer_2643,Male,20,Jaipur,Rajasthan,Platinum
2644,Customer_2644,Male,64,Mumbai,Maharashtra,Silver
2645,Customer_2645,Other,50,Hyderabad,Telangana,Regular
2646,Customer_2646,Female,19,Pune,Maharashtra,Regular
2647,Customer_2647,Male,59,Hyderabad,Telangana,Silver
2648,Customer_2648,Other,33,Hyderabad,Telangana,Regular
2649,Customer_2649,Female,42,Kolkata,West Bengal,Regular
2650,Customer_2650,Male,32,Lucknow,Uttar Pradesh,Silver
2651,Customer_2651,Male,41,Kolkata,West Bengal,Platinum
2652,Customer_2652,Female,32,Lucknow,Uttar Pradesh,Regular
2653,Customer_2653,Female,48,Bengaluru,Karnataka,Silver
2654,Customer_2654,Female,31,Ahmedabad,Gujarat,Silver
2655,Customer_2655,Female,31,Lucknow,Uttar Pradesh,Platinum
2656,Customer_2656,Female,23,Mumbai,Maharashtra,Platinum
2657,Customer_2657,Male,31,Kolkata,West Bengal,Silver
2658,Customer_2658,Female,34,Pune,Maharashtra,Regular
2659,Customer_2659,Male,35,Ahmedabad,Gujarat,Regular
2660,Customer_2660,Female,37,Bengaluru,Karnataka,Regular
2661,Customer_2661,Female,34,Lucknow,Uttar Pradesh,Silver
2662,Customer_2662,Male,33,Bengaluru,Karnataka,Gold
2663,Customer_2663,Male,57,Pune,Maharashtra,Gold
2664,Customer_2664,Male,56,Hyderabad,Telangana,Regular
2665,Customer_2665,Male,49,Jaipur,Rajasthan,Silver
2666,Customer_2666,Female,61,Pune,Maharashtra,Regular
2667,Customer_2667,Male,26,Chennai,Tamil Nadu,Regular
2668,Customer_2668,Female,44,Pune,Maharashtra,Regular
2669,Customer_2669,Male,63,Bengaluru,Karnataka,Regular
2670,Customer_2670,Female,50,Mumbai,Maharashtra,Gold
2671,Customer_2671,Female,27,Kolkata,West Bengal,Regular
2672,Customer_2672,Female,34,Mumbai,Maharashtra,Regular
2673,Customer_2673,Male,53,Bengaluru,Karnataka,Platinum
2674,Customer_2674,Female,34,Kolkata,West Bengal,Regular
2675,Customer_2675,Male,35,Chennai,Tamil Nadu,Regular
2676,Customer_2676,Male,40,Jaipur,Rajasthan,Regular
2677,Customer_2677,Male,51,Ahmedabad,Gujarat,Regular
2678,Customer_2678,Male,25,Bengaluru,Karnataka,Regular
2679,Customer_2679,Female,30,Lucknow,Uttar Pradesh,Regular
2680,Customer_2680,Male,40,Bengaluru,Karnataka,Silver
2681,Customer_2681,Female,37,Bengaluru,Karnataka,Regular
2682,Customer_2682,Female,39,Kolkata,West Bengal,Regular
2683,Customer_2683,Male,64,Delhi,Delhi,Gold
2684,Customer_2684,Female,40,Pune,Maharashtra,Regular
2685,Customer_2685,Male,58,Delhi,Delhi,Gold
2686,Customer_2686,Male,52,Chennai,Tamil Nadu,Regular
2687,Customer_2687,Male,20,Lucknow,Uttar Pradesh,Regular
2688,Customer_2688,Female,51,Jaipur,Rajasthan,Silver
2689,Customer_2689,Female,50,Hyderabad,Telangana,Regular
2690,Customer_2690,Male,63,Chennai,Tamil Nadu,Regular
2691,Customer_2691,Male,34,Hyderabad,Telangana,Silver
2692,Customer_2692,Female,62,Hyderabad,Telangana,Regular
2693,Customer_2693,Male,36,Jaipur,Rajasthan,Gold
2694,Customer_2694,Female,47,Mumbai,Maharashtra,Gold
2695,Customer_2695,Female,40,Delhi,Delhi,Regular
2696,Customer_2696,Male,32,Bengaluru,Karnataka,Silver
2697,Customer_2697,Female,31,Ahmedabad,Gujarat,Regular
2698,Customer_2698,Male,19,Hyderabad,Telangana,Platinum
2699,Customer_2699,Female,56,Lucknow,Uttar Pradesh,Gold
2700,Customer_2700,Female,35,Chennai,Tamil Nadu,Gold
2701,Customer_2701,Male,23,Mumbai,Maharashtra,Regular
2702,Customer_2702,Male,49,Hyderabad,Telangana,Gold
2703,Customer_2703,Other,38,Mumbai,Maharashtra,Regular
2704,Customer_2704,Female,57,Mumbai,Maharashtra,Regular
2705,Customer_2705,Male,45,Hyderabad,Telangana,Platinum
2706,Customer_2706,Female,44,Kolkata,West Bengal,Regular
2707,Customer_2707,Male,19,Pune,Maharashtra,Platinum
2708,Customer_2708,Male,50,Lucknow,Uttar Pradesh,Regular
2709,Customer_2709,Female,33,Bengaluru,Karnataka,Gold
2710,Customer_2710,Male,56,Bengaluru,Karnataka,Regular
2711,Customer_2711,Female,39,Lucknow,Uttar Pradesh,Regular
2712,Customer_2712,Male,60,Kolkata,West Bengal,Regular
2713,Customer_2713,Female,64,Bengaluru,Karnataka,Silver
2714,Customer_2714,Male,30,Mumbai,Maharashtra,Regular
2715,Customer_2715,Female,19,Jaipur,Rajasthan,Silver
2716,Customer_2716,Female,31,Chennai,Tamil Nadu,Regular
2717,Customer_2717,Male,55,Delhi,Delhi,Regular
2718,Customer_2718,Female,58,Bengaluru,Karnataka,Regular
2719,Customer_2719,Male,45,Lucknow,Uttar Pradesh,Regular
2720,Customer_2720,Male,24,Jaipur,Rajasthan,Gold
2721,Customer_2721,Female,35,Hyderabad,Telangana,Gold
2722,Customer_2722,Male,58,Pune,Maharashtra,Regular
2723,Customer_2723,Female,53,Lucknow,Uttar Pradesh,Silver
2724,Customer_2724,Male,58,Mumbai,Maharashtra,Silver
2725,Customer_2725,Male,53,Pune,Maharashtra,Regular
2726,Customer_2726,Male,61,Chennai,Tamil Nadu,Regular
2727,Customer_2727,Male,21,Chennai,Tamil Nadu,Regular
2728,Customer_2728,Male,47,Kolkata,West Bengal,Regular
2729,Customer_2729,Female,41,Ahmedabad,Gujarat,Regular
2730,Customer_2730,Female,37,Kolkata,West Bengal,Regular
2731,Customer_2731,Female,63,Jaipur,Rajasthan,Silver
2732,Customer_2732,Male,48,Pune,Maharashtra,Regular
2733,Customer_2733,Male,41,Ahmedabad,Gujarat,Regular
2734,Customer_2734,Male,24,Hyderabad,Telangana,Regular
2735,Customer_2735,Male,43,Mumbai,Maharashtra,Regular
2736,Customer_2736,Male,30,Pune,Maharashtra,Regular
2737,Customer_2737,Male,25,Kolkata,West Bengal,Gold
2738,Customer_2738,Male,22,Delhi,Delhi,Regular
2739,Customer_2739,Male,61,Ahmedabad,Gujarat,Silver
2740,Customer_2740,Male,30,Ahmedabad,Gujarat,Regular
2741,Customer_2741,Male,46,Mumbai,Maharashtra,Silver
2742,Customer_2742,Male,37,Bengaluru,Karnataka,Silver
2743,Customer_2743,Male,31,Chennai,Tamil Nadu,Regular
2744,Customer_2744,Male,49,Chennai,Tamil Nadu,Gold
2745,Customer_2745,Male,44,Delhi,Delhi,Regular
2746,Customer_2746,Male,42,Jaipur,Rajasthan,Gold
2747,Customer_2747,Male,21,Jaipur,Rajasthan,Regular
2748,Customer_2748,Male,38,Hyderabad,Telangana,Platinum
2749,Customer_2749,Male,35,Pune,Maharashtra,Gold
2750,Customer_2750,Male,56,Lucknow,Uttar Pradesh,Platinum
2751,Customer_2751,Female,32,Bengaluru,Karnataka,Regular
2752,Customer_2752,Male,55,Kolkata,West Bengal,Regular
2753,Customer_2753,Male,65,Lucknow,Uttar Pradesh,Silver
2754,Customer_2754,Female,41,Lucknow,Uttar Pradesh,Gold
2755,Customer_2755,Male,25,Ahmedabad,Gujarat,Platinum
2756,Customer_2756,Male,45,Delhi,Delhi,Regular
2757,Customer_2757,Female,38,Chennai,Tamil Nadu,Gold
2758,Customer_2758,Female,33,Hyderabad,Telangana,Regular
2759,Customer_2759,Male,33,Jaipur,Rajasthan,Regular
2760,Customer_2760,Male,52,Delhi,Delhi,Regular
2761,Customer_2761,Male,34,Ahmedabad,Gujarat,Regular
2762,Customer_2762,Male,26,Kolkata,West Bengal,Platinum
2763,Customer_2763,Female,52,Hyderabad,Telangana,Regular
2764,Customer_2764,Male,46,Ahmedabad,Gujarat,Silver
2765,Customer_2765,Male,56,Chennai,Tamil Nadu,Silver
2766,Customer_2766,Female,35,Chennai,Tamil Nadu,Regular
2767,Customer_2767,Female,29,Chennai,Tamil Nadu,Regular
2768,Customer_2768,Male,36,Delhi,Delhi,Silver
2769,Customer_2769,Female,65,Delhi,Delhi,Regular
2770,Customer_2770,Male,39,Jaipur,Rajasthan,Gold
2771,Customer_2771,Female,32,Jaipur,Rajasthan,Platinum
2772,Customer_2772,Male,18,Kolkata,West Bengal,Regular
2773,Customer_2773,Male,19,Hyderabad,Telangana,Regular
2774,Customer_2774,Male,25,Mumbai,Maharashtra,Regular
2775,Customer_2775,Male,39,Mumbai,Maharashtra,Silver
2776,Customer_2776,Male,42,Ahmedabad,Gujarat,Regular
2777,Customer_2777,Female,19,Chennai,Tamil Nadu,Regular
2778,Customer_2778,Female,26,Hyderabad,Telangana,Regular
2779,Customer_2779,Male,26,Lucknow,Uttar Pradesh,Platinum
2780,Customer_2780,Male,30,Delhi,Delhi,Regular
2781,Customer_2781,Male,23,Pune,Maharashtra,Regular
2782,Customer_2782,Female,47,Bengaluru,Karnataka,Platinum
2783,Customer_2783,Female,32,Kolkata,West Bengal,Silver
2784,Customer_2784,Female,32,Chennai,Tamil Nadu,Silver
2785,Customer_2785,Female,24,Chennai,Tamil Nadu,Silver
2786,Customer_2786,Male,28,Chennai,Tamil Nadu,Platinum
2787,Customer_2787,Male,57,Delhi,Delhi,Silver
2788,Customer_2788,Female,55,Delhi,Delhi,Gold
2789,Customer_2789,Female,57,Bengaluru,Karnataka,Silver
2790,Customer_2790,Male,19,Lucknow,Uttar Pradesh,Silver
2791,Customer_2791,Male,65,Hyderabad,Telangana,Regular
2792,Customer_2792,Female,56,Chennai,Tamil Nadu,Regular
2793,Customer_2793,Male,27,Mumbai,Maharashtra,Gold
2794,Customer_2794,Male,61,Jaipur,Rajasthan,Regular
2795,Customer_2795,Female,34,Mumbai,Maharashtra,Silver
2796,Customer_2796,Male,24,Ahmedabad,Gujarat,Regular
2797,Customer_2797,Male,57,Mumbai,Maharashtra,Gold
2798,Customer_2798,Female,56,Ahmedabad,Gujarat,Regular
2799,Customer_2799,Female,21,Pune,Maharashtra,Gold
2800,Customer_2800,Other,52,Jaipur,Rajasthan,Silver
2801,Customer_2801,Male,64,Mumbai,Maharashtra,Regular
2802,Customer_2802,Male,53,Pune,Maharashtra,Regular
2803,Customer_2803,Female,48,Kolkata,West Bengal,Regular
2804,Customer_2804,Female,42,Hyderabad,Telangana,Regular
2805,Customer_2805,Male,58,Pune,Maharashtra,Regular
2806,Customer_2806,Female,30,Hyderabad,Telangana,Regular
2807,Customer_2807,Male,35,Mumbai,Maharashtra,Platinum
2808,Customer_2808,Male,38,Lucknow,Uttar Pradesh,Regular
2809,Customer_2809,Male,65,Pune,Maharashtra,Silver
2810,Customer_2810,Male,18,Jaipur,Rajasthan,Regular
2811,Customer_2811,Male,53,Mumbai,Maharashtra,Silver
2812,Customer_2812,Male,25,Chennai,Tamil Nadu,Regular
2813,Customer_2813,Female,65,Delhi,Delhi,Silver
2814,Customer_2814,Female,38,Pune,Maharashtra,Silver
2815,Customer_2815,Male,60,Jaipur,Rajasthan,Silver
2816,Customer_2816,Male,38,Kolkata,West Bengal,Regular
2817,Customer_2817,Male,44,Chennai,Tamil Nadu,Silver
2818,Customer_2818,Male,36,Kolkata,West Bengal,Regular
2819,Customer_2819,Female,40,Mumbai,Maharashtra,Regular
2820,Customer_2820,Female,60,Delhi,Delhi,Regular
2821,Customer_2821,Female,52,Pune,Maharashtra,Regular
2822,Customer_2822,Male,57,Pune,Maharashtra,Regular
2823,Customer_2823,Male,59,Lucknow,Uttar Pradesh,Silver
2824,Customer_2824,Male,65,Lucknow,Uttar Pradesh,Regular
2825,Customer_2825,Male,22,Mumbai,Maharashtra,Regular
2826,Customer_2826,Female,58,Mumbai,Maharashtra,Regular
2827,Customer_2827,Other,25,Delhi,Delhi,Silver
2828,Customer_2828,Male,28,Lucknow,Uttar Pradesh,Silver
2829,Customer_2829,Female,33,Jaipur,Rajasthan,Regular
2830,Customer_2830,Male,56,Jaipur,Rajasthan,Silver
2831,Customer_2831,Male,64,Delhi,Delhi,Regular
2832,Customer_2832,Female,41,Jaipur,Rajasthan,Regular
2833,Customer_2833,Male,38,Ahmedabad,Gujarat,Regular
2834,Customer_2834,Male,40,Hyderabad,Telangana,Silver
2835,Customer_2835,Female,55,Delhi,Delhi,Silver
2836,Customer_2836,Female,64,Delhi,Delhi,Regular
2837,Customer_2837,Male,25,Bengaluru,Karnataka,Regular
2838,Customer_2838,Male,24,Chennai,Tamil Nadu,Regular
2839,Customer_2839,Female,19,Chennai,Tamil Nadu,Silver
2840,Customer_2840,Female,47,Ahmedabad,Gujarat,Gold
2841,Customer_2841,Female,30,Lucknow,Uttar Pradesh,Regular
2842,Customer_2842,Male,40,Mumbai,Maharashtra,Regular
2843,Customer_2843,Female,46,Mumbai,Maharashtra,Silver
2844,Customer_2844,Male,55,Kolkata,West Bengal,Gold
2845,Customer_2845,Female,54,Ahmedabad,Gujarat,Gold
2846,Customer_2846,Male,37,Delhi,Delhi,Silver
2847,Customer_2847,Female,50,Ahmedabad,Gujarat,Gold
2848,Customer_2848,Male,46,Ahmedabad,Gujarat,Regular
2849,Customer_2849,Male,32,Ahmedabad,Gujarat,Regular
2850,Customer_2850,Male,40,Chennai,Tamil Nadu,Regular
2851,Customer_2851,Male,59,Ahmedabad,Gujarat,Silver
2852,Customer_2852,Female,20,Hyderabad,Telangana,Regular
2853,Customer_2853,Female,54,Mumbai,Maharashtra,Regular
2854,Customer_2854,Female,46,Kolkata,West Bengal,Regular
2855,Customer_2855,Male,62,Hyderabad,Telangana,Regular
2856,Customer_2856,Female,25,Kolkata,West Bengal,Gold
2857,Customer_2857,Female,39,Bengaluru,Karnataka,Regular
2858,Customer_2858,Male,46,Kolkata,West Bengal,Regular
2859,Customer_2859,Male,19,Mumbai,Maharashtra,Gold
2860,Customer_2860,Female,58,Mumbai,Maharashtra,Regular
2861,Customer_2861,Female,62,Ahmedabad,Gujarat,Silver
2862,Customer_2862,Female,18,Pune,Maharashtra,Gold
2863,Customer_2863,Male,61,Bengaluru,Karnataka,Platinum
2864,Customer_2864,Female,37,Delhi,Delhi,Gold
2865,Customer_2865,Male,38,Jaipur,Rajasthan,Regular
2866,Customer_2866,Female,54,Kolkata,West Bengal,Silver
2867,Customer_2867,Female,25,Pune,Maharashtra,Regular
2868,Customer_2868,Male,44,Ahmedabad,Gujarat,Regular
2869,Customer_2869,Female,64,Chennai,Tamil Nadu,Regular
2870,Customer_2870,Male,52,Delhi,Delhi,Regular
2871,Customer_2871,Other,23,Lucknow,Uttar Pradesh,Gold
2872,Customer_2872,Male,62,Pune,Maharashtra,Regular
2873,Customer_2873,Male,61,Chennai,Tamil Nadu,Silver
2874,Customer_2874,Male,36,Bengaluru,Karnataka,Regular
2875,Customer_2875,Male,35,Ahmedabad,Gujarat,Regular
2876,Customer_2876,Male,18,Delhi,Delhi,Platinum
2877,Customer_2877,Female,42,Delhi,Delhi,Regular
2878,Customer_2878,Female,44,Delhi,Delhi,Silver
2879,Customer_2879,Female,24,Bengaluru,Karnataka,Regular
2880,Customer_2880,Male,61,Kolkata,West Bengal,Regular
2881,Customer_2881,Female,59,Lucknow,Uttar Pradesh,Regular
2882,Customer_2882,Male,46,Bengaluru,Karnataka,Gold
2883,Customer_2883,Female,48,Jaipur,Rajasthan,Regular
2884,Customer_2884,Male,61,Lucknow,Uttar Pradesh,Regular
2885,Customer_2885,Female,60,Mumbai,Maharashtra,Regular
2886,Customer_2886,Female,53,Ahmedabad,Gujarat,Silver
2887,Customer_2887,Male,36,Bengaluru,Karnataka,Silver
2888,Customer_2888,Male,23,Chennai,Tamil Nadu,Silver
2889,Customer_2889,Male,42,Lucknow,Uttar Pradesh,Regular
2890,Customer_2890,Male,48,Jaipur,Rajasthan,Gold
2891,Customer_2891,Female,26,Mumbai,Maharashtra,Silver
2892,Customer_2892,Female,37,Kolkata,West Bengal,Gold
2893,Customer_2893,Male,27,Chennai,Tamil Nadu,Gold
2894,Customer_2894,Female,54,Lucknow,Uttar Pradesh,Silver
2895,Customer_2895,Female,44,Ahmedabad,Gujarat,Regular
2896,Customer_2896,Female,30,Chennai,Tamil Nadu,Gold
2897,Customer_2897,Male,58,Mumbai,Maharashtra,Gold
2898,Customer_2898,Male,19,Chennai,Tamil Nadu,Regular
2899,Customer_2899,Male,38,Hyderabad,Telangana,Regular
2900,Customer_2900,Female,50,Pune,Maharashtra,Platinum
2901,Customer_2901,Male,41,Kolkata,West Bengal,Regular
2902,Customer_2902,Male,61,Mumbai,Maharashtra,Gold
2903,Customer_2903,Female,59,Chennai,Tamil Nadu,Regular
2904,Customer_2904,Female,51,Pune,Maharashtra,Regular
2905,Customer_2905,Female,26,Pune,Maharashtra,Regular
2906,Customer_2906,Male,19,Chennai,Tamil Nadu,Regular
2907,Customer_2907,Male,47,Ahmedabad,Gujarat,Regular
2908,Customer_2908,Female,39,Hyderabad,Telangana,Regular
2909,Customer_2909,Male,63,Bengaluru,Karnataka,Silver
2910,Customer_2910,Male,28,Hyderabad,Telangana,Platinum
2911,Customer_2911,Male,60,Chennai,Tamil Nadu,Regular
2912,Customer_2912,Male,34,Kolkata,West Bengal,Regular
2913,Customer_2913,Male,53,Bengaluru,Karnataka,Regular
2914,Customer_2914,Female,30,Mumbai,Maharashtra,Regular
2915,Customer_2915,Female,24,Hyderabad,Telangana,Regular
2916,Customer_2916,Female,33,Chennai,Tamil Nadu,Regular
2917,Customer_2917,Male,50,Hyderabad,Telangana,Regular
2918,Customer_2918,Male,62,Bengaluru,Karnataka,Regular
2919,Customer_2919,Male,18,Jaipur,Rajasthan,Regular
2920,Customer_2920,Female,28,Lucknow,Uttar Pradesh,Silver
2921,Customer_2921,Male,23,Hyderabad,Telangana,Regular
2922,Customer_2922,Female,37,Mumbai,Maharashtra,Gold
2923,Customer_2923,Female,52,Mumbai,Maharashtra,Gold
2924,Customer_2924,Male,61,Delhi,Delhi,Platinum
2925,Customer_2925,Male,54,Hyderabad,Telangana,Platinum
2926,Customer_2926,Female,58,Lucknow,Uttar Pradesh,Regular
2927,Customer_2927,Female,43,Ahmedabad,Gujarat,Regular
2928,Customer_2928,Male,29,Pune,Maharashtra,Regular
2929,Customer_2929,Male,47,Lucknow,Uttar Pradesh,Gold
2930,Customer_2930,Female,45,Pune,Maharashtra,Gold
2931,Customer_2931,Male,44,Pune,Maharashtra,Gold
2932,Customer_2932,Male,59,Jaipur,Rajasthan,Regular
2933,Customer_2933,Male,36,Delhi,Delhi,Silver
2934,Customer_2934,Male,22,Lucknow,Uttar Pradesh,Regular
2935,Customer_2935,Male,22,Lucknow,Uttar Pradesh,Regular
2936,Customer_2936,Male,58,Jaipur,Rajasthan,Silver
2937,Customer_2937,Male,44,Hyderabad,Telangana,Regular
2938,Customer_2938,Female,45,Hyderabad,Telangana,Platinum
2939,Customer_2939,Other,43,Hyderabad,Telangana,Regular
2940,Customer_2940,Female,44,Kolkata,West Bengal,Gold
2941,Customer_2941,Female,59,Pune,Maharashtra,Regular
2942,Customer_2942,Female,38,Kolkata,West Bengal,Gold
2943,Customer_2943,Male,18,Delhi,Delhi,Gold
2944,Customer_2944,Male,45,Jaipur,Rajasthan,Gold
2945,Customer_2945,Female,65,Lucknow,Uttar Pradesh,Regular
2946,Customer_2946,Male,32,Pune,Maharashtra,Platinum
2947,Customer_2947,Male,34,Kolkata,West Bengal,Regular
2948,Customer_2948,Female,43,Kolkata,West Bengal,Regular
2949,Customer_2949,Male,37,Chennai,Tamil Nadu,Regular
2950,Customer_2950,Male,42,Kolkata,West Bengal,Gold
2951,Customer_2951,Other,30,Ahmedabad,Gujarat,Regular
2952,Customer_2952,Female,50,Lucknow,Uttar Pradesh,Gold
2953,Customer_2953,Male,42,Ahmedabad,Gujarat,Silver
2954,Customer_2954,Other,25,Lucknow,Uttar Pradesh,Regular
2955,Customer_2955,Female,22,Jaipur,Rajasthan,Platinum
2956,Customer_2956,Female,23,Lucknow,Uttar Pradesh,Regular
2957,Customer_2957,Male,40,Ahmedabad,Gujarat,Gold
2958,Customer_2958,Male,47,Lucknow,Uttar Pradesh,Regular
2959,Customer_2959,Female,31,Jaipur,Rajasthan,Regular
2960,Customer_2960,Female,40,Jaipur,Rajasthan,Regular
2961,Customer_2961,Female,28,Delhi,Delhi,Regular
2962,Customer_2962,Male,48,Lucknow,Uttar Pradesh,Regular
2963,Customer_2963,Male,23,Chennai,Tamil Nadu,Regular
2964,Customer_2964,Female,28,Hyderabad,Telangana,Regular
2965,Customer_2965,Male,30,Mumbai,Maharashtra,Regular
2966,Customer_2966,Female,29,Jaipur,Rajasthan,Regular
2967,Customer_2967,Male,19,Bengaluru,Karnataka,Gold
2968,Customer_2968,Male,52,Hyderabad,Telangana,Silver
2969,Customer_2969,Female,53,Pune,Maharashtra,Gold
2970,Customer_2970,Female,34,Lucknow,Uttar Pradesh,Silver
2971,Customer_2971,Male,45,Ahmedabad,Gujarat,Silver
2972,Customer_2972,Male,45,Mumbai,Maharashtra,Silver
2973,Customer_2973,Female,39,Bengaluru,Karnataka,Regular
2974,Customer_2974,Male,55,Hyderabad,Telangana,Silver
2975,Customer_2975,Female,24,Lucknow,Uttar Pradesh,Regular
2976,Customer_2976,Female,32,Delhi,Delhi,Gold
2977,Customer_2977,Male,49,Pune,Maharashtra,Gold
2978,Customer_2978,Female,28,Mumbai,Maharashtra,Regular
2979,Customer_2979,Male,41,Chennai,Tamil Nadu,Silver
2980,Customer_2980,Female,20,Delhi,Delhi,Regular
2981,Customer_2981,Male,47,Bengaluru,Karnataka,Regular
2982,Customer_2982,Female,23,Mumbai,Maharashtra,Regular
2983,Customer_2983,Male,19,Delhi,Delhi,Gold
2984,Customer_2984,Male,31,Pune,Maharashtra,Silver
2985,Customer_2985,Other,58,Chennai,Tamil Nadu,Gold
2986,Customer_2986,Female,35,Delhi,Delhi,Regular
2987,Customer_2987,Male,61,Kolkata,West Bengal,Regular
2988,Customer_2988,Male,48,Chennai,Tamil Nadu,Silver
2989,Customer_2989,Female,30,Bengaluru,Karnataka,Regular
2990,Customer_2990,Male,43,Pune,Maharashtra,Silver
2991,Customer_2991,Male,61,Lucknow,Uttar Pradesh,Regular
2992,Customer_2992,Female,29,Ahmedabad,Gujarat,Regular
2993,Customer_2993,Male,35,Ahmedabad,Gujarat,Regular
2994,Customer_2994,Female,26,Ahmedabad,Gujarat,Silver
2995,Customer_2995,Female,38,Mumbai,Maharashtra,Regular
2996,Customer_2996,Female,65,Bengaluru,Karnataka,Regular
2997,Customer_2997,Female,57,Pune,Maharashtra,Regular
2998,Customer_2998,Female,60,Chennai,Tamil Nadu,Regular
2999,Customer_2999,Male,41,Mumbai,Maharashtra,Regular
3000,Customer_3000,Female,51,Bengaluru,Karnataka,Regular
3001,Customer_3001,Male,25,Lucknow,Uttar Pradesh,Silver
3002,Customer_3002,Male,61,Kolkata,West Bengal,Regular
3003,Customer_3003,Female,50,Pune,Maharashtra,Gold
3004,Customer_3004,Female,40,Ahmedabad,Gujarat,Silver
3005,Customer_3005,Female,30,Delhi,Delhi,Regular
3006,Customer_3006,Male,31,Pune,Maharashtra,Regular
3007,Customer_3007,Female,31,Jaipur,Rajasthan,Gold
3008,Customer_3008,Male,33,Bengaluru,Karnataka,Regular
3009,Customer_3009,Female,55,Hyderabad,Telangana,Regular
3010,Customer_3010,Female,56,Lucknow,Uttar Pradesh,Regular
3011,Customer_3011,Female,43,Kolkata,West Bengal,Silver
3012,Customer_3012,Male,43,Lucknow,Uttar Pradesh,Silver
3013,Customer_3013,Male,18,Pune,Maharashtra,Platinum
3014,Customer_3014,Male,49,Hyderabad,Telangana,Gold
3015,Customer_3015,Female,32,Jaipur,Rajasthan,Regular
3016,Customer_3016,Female,38,Chennai,Tamil Nadu,Regular
3017,Customer_3017,Male,35,Delhi,Delhi,Regular
3018,Customer_3018,Female,47,Hyderabad,Telangana,Regular
3019,Customer_3019,Female,30,Bengaluru,Karnataka,Regular
3020,Customer_3020,Female,41,Ahmedabad,Gujarat,Regular
3021,Customer_3021,Female,47,Jaipur,Rajasthan,Regular
3022,Customer_3022,Female,19,Delhi,Delhi,Regular
3023,Customer_3023,Male,36,Kolkata,West Bengal,Regular
3024,Customer_3024,Male,64,Ahmedabad,Gujarat,Platinum
3025,Customer_3025,Male,61,Pune,Maharashtra,Silver
3026,Customer_3026,Female,64,Hyderabad,Telangana,Platinum
3027,Customer_3027,Female,42,Delhi,Delhi,Regular
3028,Customer_3028,Female,31,Mumbai,Maharashtra,Regular
3029,Customer_3029,Male,23,Chennai,Tamil Nadu,Regular
3030,Customer_3030,Male,29,Chennai,Tamil Nadu,Regular
3031,Customer_3031,Male,37,Jaipur,Rajasthan,Regular
3032,Customer_3032,Male,40,Kolkata,West Bengal,Platinum
3033,Customer_3033,Female,47,Jaipur,Rajasthan,Platinum
3034,Customer_3034,Female,47,Mumbai,Maharashtra,Regular
3035,Customer_3035,Female,55,Bengaluru,Karnataka,Regular
3036,Customer_3036,Female,47,Kolkata,West Bengal,Regular
3037,Customer_3037,Male,58,Lucknow,Uttar Pradesh,Regular
3038,Customer_3038,Male,47,Bengaluru,Karnataka,Regular
3039,Customer_3039,Male,53,Kolkata,West Bengal,Regular
3040,Customer_3040,Female,51,Kolkata,West Bengal,Regular
3041,Customer_3041,Female,33,Mumbai,Maharashtra,Regular
3042,Customer_3042,Male,41,Pune,Maharashtra,Regular
3043,Customer_3043,Male,31,Mumbai,Maharashtra,Regular
3044,Customer_3044,Male,43,Kolkata,West Bengal,Regular
3045,Customer_3045,Male,25,Delhi,Delhi,Platinum
3046,Customer_3046,Male,31,Bengaluru,Karnataka,Regular
3047,Customer_3047,Male,48,Mumbai,Maharashtra,Gold
3048,Customer_3048,Male,19,Pune,Maharashtra,Gold
3049,Customer_3049,Female,65,Hyderabad,Telangana,Platinum
3050,Customer_3050,Female,21,Jaipur,Rajasthan,Gold
3051,Customer_3051,Male,18,Kolkata,West Bengal,Silver
3052,Customer_3052,Male,37,Lucknow,Uttar Pradesh,Gold
3053,Customer_3053,Male,31,Hyderabad,Telangana,Regular
3054,Customer_3054,Male,57,Chennai,Tamil Nadu,Regular
3055,Customer_3055,Male,42,Ahmedabad,Gujarat,Platinum
3056,Customer_3056,Female,42,Pune,Maharashtra,Silver
3057,Customer_3057,Female,20,Lucknow,Uttar Pradesh,Platinum
3058,Customer_3058,Female,22,Ahmedabad,Gujarat,Gold
3059,Customer_3059,Male,55,Pune,Maharashtra,Gold
3060,Customer_3060,Female,43,Delhi,Delhi,Silver
3061,Customer_3061,Male,57,Jaipur,Rajasthan,Silver
3062,Customer_3062,Male,55,Hyderabad,Telangana,Regular
3063,Customer_3063,Female,55,Bengaluru,Karnataka,Gold
3064,Customer_3064,Female,21,Pune,Maharashtra,Gold
3065,Customer_3065,Female,24,Bengaluru,Karnataka,Gold
3066,Customer_3066,Female,47,Jaipur,Rajasthan,Silver
3067,Customer_3067,Female,47,Kolkata,West Bengal,Regular
3068,Customer_3068,Female,36,Chennai,Tamil Nadu,Regular
3069,Customer_3069,Female,56,Hyderabad,Telangana,Platinum
3070,Customer_3070,Female,52,Jaipur,Rajasthan,Silver
3071,Customer_3071,Female,57,Jaipur,Rajasthan,Regular
3072,Customer_3072,Female,50,Delhi,Delhi,Regular
3073,Customer_3073,Female,50,Ahmedabad,Gujarat,Gold
3074,Customer_3074,Male,31,Chennai,Tamil Nadu,Gold
3075,Customer_3075,Female,55,Hyderabad,Telangana,Gold
3076,Customer_3076,Male,27,Kolkata,West Bengal,Silver
3077,Customer_3077,Male,45,Kolkata,West Bengal,Regular
3078,Customer_3078,Male,31,Mumbai,Maharashtra,Regular
3079,Customer_3079,Female,53,Jaipur,Rajasthan,Regular
3080,Customer_3080,Female,55,Pune,Maharashtra,Gold
3081,Customer_3081,Male,33,Delhi,Delhi,Regular
3082,Customer_3082,Male,38,Chennai,Tamil Nadu,Silver
3083,Customer_3083,Male,45,Kolkata,West Bengal,Regular
3084,Customer_3084,Female,50,Hyderabad,Telangana,Regular
3085,Customer_3085,Male,23,Mumbai,Maharashtra,Gold
3086,Customer_3086,Male,58,Hyderabad,Telangana,Regular
3087,Customer_3087,Male,32,Delhi,Delhi,Gold
3088,Customer_3088,Male,61,Pune,Maharashtra,Regular
3089,Customer_3089,Male,20,Mumbai,Maharashtra,Regular
3090,Customer_3090,Female,60,Mumbai,Maharashtra,Regular
3091,Customer_3091,Male,64,Ahmedabad,Gujarat,Regular
3092,Customer_3092,Female,52,Chennai,Tamil Nadu,Gold
3093,Customer_3093,Male,31,Mumbai,Maharashtra,Regular
3094,Customer_3094,Male,19,Ahmedabad,Gujarat,Regular
3095,Customer_3095,Male,46,Ahmedabad,Gujarat,Regular
3096,Customer_3096,Female,21,Delhi,Delhi,Silver
3097,Customer_3097,Female,43,Bengaluru,Karnataka,Gold
3098,Customer_3098,Female,29,Hyderabad,Telangana,Regular
3099,Customer_3099,Female,19,Pune,Maharashtra,Silver
3100,Customer_3100,Male,34,Lucknow,Uttar Pradesh,Gold
3101,Customer_3101,Female,52,Hyderabad,Telangana,Silver
3102,Customer_3102,Female,27,Mumbai,Maharashtra,Regular
3103,Customer_3103,Male,65,Pune,Maharashtra,Silver
3104,Customer_3104,Female,39,Kolkata,West Bengal,Silver
3105,Customer_3105,Male,58,Bengaluru,Karnataka,Silver
3106,Customer_3106,Male,60,Kolkata,West Bengal,Silver
3107,Customer_3107,Male,38,Kolkata,West Bengal,Platinum
3108,Customer_3108,Male,32,Chennai,Tamil Nadu,Regular
3109,Customer_3109,Male,52,Hyderabad,Telangana,Platinum
3110,Customer_3110,Male,65,Lucknow,Uttar Pradesh,Regular
3111,Customer_3111,Male,38,Delhi,Delhi,Silver
3112,Customer_3112,Male,38,Lucknow,Uttar Pradesh,Regular
3113,Customer_3113,Female,38,Kolkata,West Bengal,Regular
3114,Customer_3114,Female,61,Mumbai,Maharashtra,Silver
3115,Customer_3115,Male,49,Bengaluru,Karnataka,Silver
3116,Customer_3116,Male,22,Jaipur,Rajasthan,Regular
3117,Customer_3117,Male,56,Lucknow,Uttar Pradesh,Regular
3118,Customer_3118,Female,26,Kolkata,West Bengal,Regular
3119,Customer_3119,Male,35,Bengaluru,Karnataka,Platinum
3120,Customer_3120,Male,38,Pune,Maharashtra,Gold
3121,Customer_3121,Male,25,Hyderabad,Telangana,Regular
3122,Customer_3122,Female,61,Ahmedabad,Gujarat,Gold
3123,Customer_3123,Female,51,Chennai,Tamil Nadu,Gold
3124,Customer_3124,Male,27,Bengaluru,Karnataka,Regular
3125,Customer_3125,Male,58,Mumbai,Maharashtra,Silver
3126,Customer_3126,Male,41,Mumbai,Maharashtra,Regular
3127,Customer_3127,Female,57,Bengaluru,Karnataka,Silver
3128,Customer_3128,Female,41,Mumbai,Maharashtra,Regular
3129,Customer_3129,Female,49,Hyderabad,Telangana,Regular
3130,Customer_3130,Female,50,Mumbai,Maharashtra,Regular
3131,Customer_3131,Male,55,Lucknow,Uttar Pradesh,Regular
3132,Customer_3132,Female,61,Ahmedabad,Gujarat,Gold
3133,Customer_3133,Female,51,Mumbai,Maharashtra,Regular
3134,Customer_3134,Male,28,Ahmedabad,Gujarat,Regular
3135,Customer_3135,Female,48,Kolkata,West Bengal,Gold
3136,Customer_3136,Male,35,Delhi,Delhi,Regular
3137,Customer_3137,Male,40,Hyderabad,Telangana,Regular
3138,Customer_3138,Female,39,Delhi,Delhi,Platinum
3139,Customer_3139,Female,60,Kolkata,West Bengal,Gold
3140,Customer_3140,Female,35,Hyderabad,Telangana,Regular
3141,Customer_3141,Male,57,Bengaluru,Karnataka,Regular
3142,Customer_3142,Female,64,Bengaluru,Karnataka,Platinum
3143,Customer_3143,Female,58,Ahmedabad,Gujarat,Regular
3144,Customer_3144,Male,64,Kolkata,West Bengal,Regular
3145,Customer_3145,Other,56,Ahmedabad,Gujarat,Regular
3146,Customer_3146,Female,37,Chennai,Tamil Nadu,Regular
3147,Customer_3147,Male,30,Mumbai,Maharashtra,Silver
3148,Customer_3148,Female,62,Jaipur,Rajasthan,Gold
3149,Customer_3149,Male,18,Chennai,Tamil Nadu,Platinum
3150,Customer_3150,Male,21,Mumbai,Maharashtra,Gold
3151,Customer_3151,Male,41,Hyderabad,Telangana,Regular
3152,Customer_3152,Other,53,Ahmedabad,Gujarat,Regular
3153,Customer_3153,Male,53,Hyderabad,Telangana,Platinum
3154,Customer_3154,Female,62,Hyderabad,Telangana,Regular
3155,Customer_3155,Male,19,Mumbai,Maharashtra,Regular
3156,Customer_3156,Female,45,Kolkata,West Bengal,Gold
3157,Customer_3157,Male,43,Mumbai,Maharashtra,Silver
3158,Customer_3158,Female,40,Pune,Maharashtra,Regular
3159,Customer_3159,Male,32,Bengaluru,Karnataka,Gold
3160,Customer_3160,Female,53,Bengaluru,Karnataka,Platinum
3161,Customer_3161,Other,44,Chennai,Tamil Nadu,Regular
3162,Customer_3162,Female,23,Bengaluru,Karnataka,Gold
3163,Customer_3163,Male,52,Mumbai,Maharashtra,Regular
3164,Customer_3164,Female,56,Lucknow,Uttar Pradesh,Regular
3165,Customer_3165,Male,55,Ahmedabad,Gujarat,Gold
3166,Customer_3166,Female,52,Mumbai,Maharashtra,Platinum
3167,Customer_3167,Female,53,Mumbai,Maharashtra,Regular
3168,Customer_3168,Male,27,Jaipur,Rajasthan,Regular
3169,Customer_3169,Male,47,Ahmedabad,Gujarat,Regular
3170,Customer_3170,Male,58,Pune,Maharashtra,Silver
3171,Customer_3171,Female,55,Bengaluru,Karnataka,Regular
3172,Customer_3172,Female,46,Ahmedabad,Gujarat,Regular
3173,Customer_3173,Male,60,Bengaluru,Karnataka,Regular
3174,Customer_3174,Male,56,Chennai,Tamil Nadu,Regular
3175,Customer_3175,Male,21,Ahmedabad,Gujarat,Regular
3176,Customer_3176,Male,22,Bengaluru,Karnataka,Gold
3177,Customer_3177,Male,21,Pune,Maharashtra,Regular
3178,Customer_3178,Female,53,Delhi,Delhi,Regular
3179,Customer_3179,Male,62,Hyderabad,Telangana,Gold
3180,Customer_3180,Female,33,Hyderabad,Telangana,Silver
3181,Customer_3181,Female,42,Pune,Maharashtra,Regular
3182,Customer_3182,Male,31,Jaipur,Rajasthan,Regular
3183,Customer_3183,Female,28,Delhi,Delhi,Silver
3184,Customer_3184,Male,46,Chennai,Tamil Nadu,Regular
3185,Customer_3185,Male,51,Pune,Maharashtra,Silver
3186,Customer_3186,Male,39,Hyderabad,Telangana,Regular
3187,Customer_3187,Male,31,Hyderabad,Telangana,Regular
3188,Customer_3188,Male,41,Hyderabad,Telangana,Regular
3189,Customer_3189,Male,56,Kolkata,West Bengal,Silver
3190,Customer_3190,Male,43,Pune,Maharashtra,Gold
3191,Customer_3191,Male,60,Mumbai,Maharashtra,Regular
3192,Customer_3192,Male,53,Chennai,Tamil Nadu,Regular
3193,Customer_3193,Male,56,Hyderabad,Telangana,Regular
3194,Customer_3194,Male,33,Bengaluru,Karnataka,Regular
3195,Customer_3195,Male,55,Pune,Maharashtra,Gold
3196,Customer_3196,Other,49,Kolkata,West Bengal,Regular
3197,Customer_3197,Male,23,Pune,Maharashtra,Platinum
3198,Customer_3198,Female,51,Chennai,Tamil Nadu,Silver
3199,Customer_3199,Male,25,Kolkata,West Bengal,Platinum
3200,Customer_3200,Female,47,Chennai,Tamil Nadu,Silver
3201,Customer_3201,Male,44,Pune,Maharashtra,Regular
3202,Customer_3202,Female,24,Mumbai,Maharashtra,Regular
3203,Customer_3203,Female,44,Chennai,Tamil Nadu,Regular
3204,Customer_3204,Male,42,Kolkata,West Bengal,Regular
3205,Customer_3205,Female,63,Kolkata,West Bengal,Regular
3206,Customer_3206,Female,58,Chennai,Tamil Nadu,Regular
3207,Customer_3207,Male,32,Lucknow,Uttar Pradesh,Platinum
3208,Customer_3208,Female,42,Pune,Maharashtra,Regular
3209,Customer_3209,Female,39,Lucknow,Uttar Pradesh,Gold
3210,Customer_3210,Male,35,Jaipur,Rajasthan,Platinum
3211,Customer_3211,Male,29,Pune,Maharashtra,Gold
3212,Customer_3212,Female,40,Chennai,Tamil Nadu,Regular
3213,Customer_3213,Female,62,Delhi,Delhi,Regular
3214,Customer_3214,Female,56,Chennai,Tamil Nadu,Regular
3215,Customer_3215,Female,42,Lucknow,Uttar Pradesh,Regular
3216,Customer_3216,Male,27,Mumbai,Maharashtra,Regular
3217,Customer_3217,Female,47,Chennai,Tamil Nadu,Gold
3218,Customer_3218,Male,27,Chennai,Tamil Nadu,Regular
3219,Customer_3219,Male,51,Mumbai,Maharashtra,Regular
3220,Customer_3220,Female,63,Chennai,Tamil Nadu,Platinum
3221,Customer_3221,Female,30,Hyderabad,Telangana,Regular
3222,Customer_3222,Male,46,Delhi,Delhi,Regular
3223,Customer_3223,Female,55,Bengaluru,Karnataka,Gold
3224,Customer_3224,Male,58,Delhi,Delhi,Regular
3225,Customer_3225,Male,62,Chennai,Tamil Nadu,Silver
3226,Customer_3226,Female,26,Hyderabad,Telangana,Regular
3227,Customer_3227,Male,30,Pune,Maharashtra,Gold
3228,Customer_3228,Male,54,Chennai,Tamil Nadu,Regular
3229,Customer_3229,Male,31,Lucknow,Uttar Pradesh,Regular
3230,Customer_3230,Female,54,Hyderabad,Telangana,Silver
3231,Customer_3231,Male,26,Mumbai,Maharashtra,Regular
3232,Customer_3232,Male,25,Hyderabad,Telangana,Regular
3233,Customer_3233,Male,56,Mumbai,Maharashtra,Regular
3234,Customer_3234,Male,57,Jaipur,Rajasthan,Regular
3235,Customer_3235,Male,20,Bengaluru,Karnataka,Regular
3236,Customer_3236,Male,64,Ahmedabad,Gujarat,Silver
3237,Customer_3237,Male,57,Hyderabad,Telangana,Silver
3238,Customer_3238,Female,50,Kolkata,West Bengal,Silver
3239,Customer_3239,Male,49,Lucknow,Uttar Pradesh,Regular
3240,Customer_3240,Male,24,Chennai,Tamil Nadu,Regular
3241,Customer_3241,Male,36,Lucknow,Uttar Pradesh,Silver
3242,Customer_3242,Male,51,Delhi,Delhi,Gold
3243,Customer_3243,Female,31,Ahmedabad,Gujarat,Regular
3244,Customer_3244,Male,64,Delhi,Delhi,Regular
3245,Customer_3245,Male,63,Jaipur,Rajasthan,Regular
3246,Customer_3246,Female,36,Ahmedabad,Gujarat,Regular
3247,Customer_3247,Male,43,Ahmedabad,Gujarat,Silver
3248,Customer_3248,Male,34,Delhi,Delhi,Regular
3249,Customer_3249,Male,45,Mumbai,Maharashtra,Silver
3250,Customer_3250,Male,36,Delhi,Delhi,Regular
3251,Customer_3251,Male,44,Lucknow,Uttar Pradesh,Regular
3252,Customer_3252,Male,65,Mumbai,Maharashtra,Gold
3253,Customer_3253,Female,36,Lucknow,Uttar Pradesh,Regular
3254,Customer_3254,Female,50,Jaipur,Rajasthan,Regular
3255,Customer_3255,Male,24,Chennai,Tamil Nadu,Platinum
3256,Customer_3256,Male,46,Pune,Maharashtra,Gold
3257,Customer_3257,Male,60,Mumbai,Maharashtra,Gold
3258,Customer_3258,Male,22,Jaipur,Rajasthan,Regular
3259,Customer_3259,Male,47,Kolkata,West Bengal,Regular
3260,Customer_3260,Female,60,Jaipur,Rajasthan,Platinum
3261,Customer_3261,Female,25,Delhi,Delhi,Regular
3262,Customer_3262,Other,59,Delhi,Delhi,Gold
3263,Customer_3263,Female,29,Pune,Maharashtra,Regular
3264,Customer_3264,Male,59,Jaipur,Rajasthan,Regular
3265,Customer_3265,Male,30,Bengaluru,Karnataka,Platinum
3266,Customer_3266,Male,43,Chennai,Tamil Nadu,Regular
3267,Customer_3267,Male,35,Delhi,Delhi,Regular
3268,Customer_3268,Female,59,Pune,Maharashtra,Regular
3269,Customer_3269,Male,37,Chennai,Tamil Nadu,Regular
3270,Customer_3270,Female,33,Jaipur,Rajasthan,Regular
3271,Customer_3271,Male,54,Jaipur,Rajasthan,Regular
3272,Customer_3272,Female,20,Ahmedabad,Gujarat,Regular
3273,Customer_3273,Female,44,Pune,Maharashtra,Gold
3274,Customer_3274,Female,32,Delhi,Delhi,Regular
3275,Customer_3275,Female,51,Bengaluru,Karnataka,Platinum
3276,Customer_3276,Male,62,Jaipur,Rajasthan,Regular
3277,Customer_3277,Female,39,Bengaluru,Karnataka,Silver
3278,Customer_3278,Female,57,Jaipur,Rajasthan,Regular
3279,Customer_3279,Female,40,Delhi,Delhi,Silver
3280,Customer_3280,Female,21,Chennai,Tamil Nadu,Platinum
3281,Customer_3281,Female,58,Hyderabad,Telangana,Gold
3282,Customer_3282,Female,40,Chennai,Tamil Nadu,Silver
3283,Customer_3283,Female,64,Jaipur,Rajasthan,Regular
3284,Customer_3284,Female,26,Lucknow,Uttar Pradesh,Gold
3285,Customer_3285,Male,41,Hyderabad,Telangana,Platinum
3286,Customer_3286,Male,38,Hyderabad,Telangana,Platinum
3287,Customer_3287,Male,58,Bengaluru,Karnataka,Regular
3288,Customer_3288,Male,63,Pune,Maharashtra,Platinum
3289,Customer_3289,Male,33,Bengaluru,Karnataka,Regular
3290,Customer_3290,Male,42,Bengaluru,Karnataka,Regular
3291,Customer_3291,Female,43,Lucknow,Uttar Pradesh,Regular
3292,Customer_3292,Male,62,Chennai,Tamil Nadu,Regular
3293,Customer_3293,Male,26,Chennai,Tamil Nadu,Silver
3294,Customer_3294,Female,32,Kolkata,West Bengal,Gold
3295,Customer_3295,Female,56,Jaipur,Rajasthan,Gold
3296,Customer_3296,Female,50,Lucknow,Uttar Pradesh,Silver
3297,Customer_3297,Other,18,Kolkata,West Bengal,Regular
3298,Customer_3298,Female,22,Delhi,Delhi,Silver
3299,Customer_3299,Male,26,Jaipur,Rajasthan,Regular
3300,Customer_3300,Female,61,Jaipur,Rajasthan,Gold
3301,Customer_3301,Female,23,Ahmedabad,Gujarat,Silver
3302,Customer_3302,Male,45,Ahmedabad,Gujarat,Silver
3303,Customer_3303,Male,62,Mumbai,Maharashtra,Regular
3304,Customer_3304,Female,43,Mumbai,Maharashtra,Gold
3305,Customer_3305,Male,45,Bengaluru,Karnataka,Regular
3306,Customer_3306,Female,57,Delhi,Delhi,Regular
3307,Customer_3307,Male,32,Hyderabad,Telangana,Gold
3308,Customer_3308,Female,23,Hyderabad,Telangana,Regular
3309,Customer_3309,Male,44,Ahmedabad,Gujarat,Gold
3310,Customer_3310,Male,55,Ahmedabad,Gujarat,Regular
3311,Customer_3311,Male,21,Ahmedabad,Gujarat,Regular
3312,Customer_3312,Female,28,Lucknow,Uttar Pradesh,Gold
3313,Customer_3313,Female,38,Pune,Maharashtra,Regular
3314,Customer_3314,Female,47,Mumbai,Maharashtra,Regular
3315,Customer_3315,Male,35,Lucknow,Uttar Pradesh,Regular
3316,Customer_3316,Female,52,Chennai,Tamil Nadu,Regular
3317,Customer_3317,Male,20,Hyderabad,Telangana,Silver
3318,Customer_3318,Male,29,Jaipur,Rajasthan,Regular
3319,Customer_3319,Male,44,Mumbai,Maharashtra,Gold
3320,Customer_3320,Female,47,Kolkata,West Bengal,Gold
3321,Customer_3321,Male,38,Chennai,Tamil Nadu,Regular
3322,Customer_3322,Male,55,Mumbai,Maharashtra,Silver
3323,Customer_3323,Female,38,Lucknow,Uttar Pradesh,Silver
3324,Customer_3324,Female,55,Delhi,Delhi,Regular
3325,Customer_3325,Male,57,Jaipur,Rajasthan,Regular
3326,Customer_3326,Male,32,Mumbai,Maharashtra,Regular
3327,Customer_3327,Male,35,Pune,Maharashtra,Silver
3328,Customer_3328,Male,46,Ahmedabad,Gujarat,Silver
3329,Customer_3329,Female,65,Ahmedabad,Gujarat,Regular
3330,Customer_3330,Male,55,Jaipur,Rajasthan,Silver
3331,Customer_3331,Female,38,Lucknow,Uttar Pradesh,Silver
3332,Customer_3332,Female,34,Ahmedabad,Gujarat,Silver
3333,Customer_3333,Male,58,Mumbai,Maharashtra,Gold
3334,Customer_3334,Female,35,Kolkata,West Bengal,Regular
3335,Customer_3335,Male,54,Hyderabad,Telangana,Gold
3336,Customer_3336,Male,55,Hyderabad,Telangana,Silver
3337,Customer_3337,Male,29,Chennai,Tamil Nadu,Gold
3338,Customer_3338,Male,28,Bengaluru,Karnataka,Regular
3339,Customer_3339,Male,65,Delhi,Delhi,Regular
3340,Customer_3340,Male,37,Jaipur,Rajasthan,Regular
3341,Customer_3341,Female,26,Chennai,Tamil Nadu,Regular
3342,Customer_3342,Female,18,Bengaluru,Karnataka,Silver
3343,Customer_3343,Female,20,Lucknow,Uttar Pradesh,Regular
3344,Customer_3344,Male,38,Pune,Maharashtra,Gold
3345,Customer_3345,Female,40,Pune,Maharashtra,Silver
3346,Customer_3346,Female,26,Delhi,Delhi,Silver
3347,Customer_3347,Female,36,Ahmedabad,Gujarat,Regular
3348,Customer_3348,Female,62,Mumbai,Maharashtra,Platinum
3349,Customer_3349,Female,63,Chennai,Tamil Nadu,Gold
3350,Customer_3350,Male,36,Chennai,Tamil Nadu,Gold
3351,Customer_3351,Female,40,Jaipur,Rajasthan,Regular
3352,Customer_3352,Male,44,Jaipur,Rajasthan,Regular
3353,Customer_3353,Other,44,Pune,Maharashtra,Regular
3354,Customer_3354,Male,56,Pune,Maharashtra,Regular
3355,Customer_3355,Male,53,Kolkata,West Bengal,Regular
3356,Customer_3356,Male,29,Kolkata,West Bengal,Silver
3357,Customer_3357,Female,44,Ahmedabad,Gujarat,Silver
3358,Customer_3358,Male,63,Kolkata,West Bengal,Regular
3359,Customer_3359,Male,51,Mumbai,Maharashtra,Regular
3360,Customer_3360,Female,50,Mumbai,Maharashtra,Gold
3361,Customer_3361,Female,45,Chennai,Tamil Nadu,Regular
3362,Customer_3362,Male,48,Hyderabad,Telangana,Gold
3363,Customer_3363,Male,49,Mumbai,Maharashtra,Regular
3364,Customer_3364,Female,37,Bengaluru,Karnataka,Regular
3365,Customer_3365,Female,57,Pune,Maharashtra,Regular
3366,Customer_3366,Female,52,Jaipur,Rajasthan,Silver
3367,Customer_3367,Female,48,Kolkata,West Bengal,Regular
3368,Customer_3368,Male,48,Chennai,Tamil Nadu,Gold
3369,Customer_3369,Female,55,Delhi,Delhi,Regular
3370,Customer_3370,Female,39,Jaipur,Rajasthan,Regular
3371,Customer_3371,Male,62,Bengaluru,Karnataka,Silver
3372,Customer_3372,Male,58,Kolkata,West Bengal,Regular
3373,Customer_3373,Female,26,Bengaluru,Karnataka,Gold
3374,Customer_3374,Female,26,Pune,Maharashtra,Regular
3375,Customer_3375,Male,32,Pune,Maharashtra,Regular
3376,Customer_3376,Female,30,Ahmedabad,Gujarat,Silver
3377,Customer_3377,Female,39,Chennai,Tamil Nadu,Platinum
3378,Customer_3378,Female,33,Jaipur,Rajasthan,Regular
3379,Customer_3379,Female,49,Lucknow,Uttar Pradesh,Gold
3380,Customer_3380,Female,19,Lucknow,Uttar Pradesh,Regular
3381,Customer_3381,Female,43,Jaipur,Rajasthan,Gold
3382,Customer_3382,Male,31,Delhi,Delhi,Silver
3383,Customer_3383,Male,55,Chennai,Tamil Nadu,Regular
3384,Customer_3384,Male,51,Bengaluru,Karnataka,Regular
3385,Customer_3385,Female,25,Delhi,Delhi,Regular
3386,Customer_3386,Female,53,Hyderabad,Telangana,Regular
3387,Customer_3387,Female,38,Jaipur,Rajasthan,Regular
3388,Customer_3388,Female,63,Bengaluru,Karnataka,Silver
3389,Customer_3389,Male,60,Lucknow,Uttar Pradesh,Platinum
3390,Customer_3390,Other,45,Mumbai,Maharashtra,Regular
3391,Customer_3391,Male,63,Ahmedabad,Gujarat,Regular
3392,Customer_3392,Female,61,Lucknow,Uttar Pradesh,Silver
3393,Customer_3393,Male,65,Chennai,Tamil Nadu,Gold
3394,Customer_3394,Female,23,Pune,Maharashtra,Regular
3395,Customer_3395,Female,37,Mumbai,Maharashtra,Regular
3396,Customer_3396,Female,48,Ahmedabad,Gujarat,Regular
3397,Customer_3397,Male,50,Ahmedabad,Gujarat,Regular
3398,Customer_3398,Male,61,Hyderabad,Telangana,Regular
3399,Customer_3399,Female,24,Hyderabad,Telangana,Regular
3400,Customer_3400,Female,25,Kolkata,West Bengal,Regular
3401,Customer_3401,Male,26,Lucknow,Uttar Pradesh,Silver
3402,Customer_3402,Female,19,Lucknow,Uttar Pradesh,Regular
3403,Customer_3403,Male,34,Lucknow,Uttar Pradesh,Regular
3404,Customer_3404,Female,62,Kolkata,West Bengal,Regular
3405,Customer_3405,Female,54,Delhi,Delhi,Platinum
3406,Customer_3406,Female,59,Ahmedabad,Gujarat,Gold
3407,Customer_3407,Female,61,Mumbai,Maharashtra,Regular
3408,Customer_3408,Female,34,Chennai,Tamil Nadu,Regular
3409,Customer_3409,Female,55,Ahmedabad,Gujarat,Silver
3410,Customer_3410,Male,52,Hyderabad,Telangana,Regular
3411,Customer_3411,Male,64,Bengaluru,Karnataka,Regular
3412,Customer_3412,Male,56,Pune,Maharashtra,Regular
3413,Customer_3413,Female,47,Kolkata,West Bengal,Gold
3414,Customer_3414,Male,23,Jaipur,Rajasthan,Gold
3415,Customer_3415,Male,21,Bengaluru,Karnataka,Silver
3416,Customer_3416,Male,54,Chennai,Tamil Nadu,Regular
3417,Customer_3417,Male,52,Lucknow,Uttar Pradesh,Platinum
3418,Customer_3418,Male,26,Hyderabad,Telangana,Platinum
3419,Customer_3419,Female,23,Hyderabad,Telangana,Platinum
3420,Customer_3420,Female,30,Hyderabad,Telangana,Regular
3421,Customer_3421,Female,39,Lucknow,Uttar Pradesh,Regular
3422,Customer_3422,Female,45,Jaipur,Rajasthan,Silver
3423,Customer_3423,Male,47,Kolkata,West Bengal,Regular
3424,Customer_3424,Female,53,Bengaluru,Karnataka,Regular
3425,Customer_3425,Male,19,Lucknow,Uttar Pradesh,Regular
3426,Customer_3426,Male,53,Chennai,Tamil Nadu,Gold
3427,Customer_3427,Female,25,Kolkata,West Bengal,Gold
3428,Customer_3428,Male,62,Chennai,Tamil Nadu,Regular
3429,Customer_3429,Female,59,Kolkata,West Bengal,Gold
3430,Customer_3430,Male,26,Jaipur,Rajasthan,Silver
3431,Customer_3431,Female,18,Pune,Maharashtra,Gold
3432,Customer_3432,Male,30,Chennai,Tamil Nadu,Regular
3433,Customer_3433,Male,32,Lucknow,Uttar Pradesh,Regular
3434,Customer_3434,Female,49,Kolkata,West Bengal,Regular
3435,Customer_3435,Male,51,Hyderabad,Telangana,Regular
3436,Customer_3436,Male,60,Ahmedabad,Gujarat,Silver
3437,Customer_3437,Male,48,Hyderabad,Telangana,Regular
3438,Customer_3438,Female,31,Delhi,Delhi,Platinum
3439,Customer_3439,Female,64,Pune,Maharashtra,Regular
3440,Customer_3440,Male,31,Pune,Maharashtra,Regular
3441,Customer_3441,Female,65,Hyderabad,Telangana,Regular
3442,Customer_3442,Female,46,Bengaluru,Karnataka,Regular
3443,Customer_3443,Female,64,Jaipur,Rajasthan,Regular
3444,Customer_3444,Female,36,Chennai,Tamil Nadu,Gold
3445,Customer_3445,Male,44,Lucknow,Uttar Pradesh,Regular
3446,Customer_3446,Female,26,Pune,Maharashtra,Silver
3447,Customer_3447,Male,54,Hyderabad,Telangana,Silver
3448,Customer_3448,Male,54,Hyderabad,Telangana,Regular
3449,Customer_3449,Other,60,Jaipur,Rajasthan,Silver
3450,Customer_3450,Female,45,Jaipur,Rajasthan,Gold
3451,Customer_3451,Male,41,Mumbai,Maharashtra,Regular
3452,Customer_3452,Male,45,Mumbai,Maharashtra,Regular
3453,Customer_3453,Female,53,Bengaluru,Karnataka,Gold
3454,Customer_3454,Male,35,Bengaluru,Karnataka,Regular
3455,Customer_3455,Male,42,Delhi,Delhi,Regular
3456,Customer_3456,Male,52,Bengaluru,Karnataka,Platinum
3457,Customer_3457,Male,21,Kolkata,West Bengal,Regular
3458,Customer_3458,Female,31,Jaipur,Rajasthan,Regular
3459,Customer_3459,Male,56,Lucknow,Uttar Pradesh,Gold
3460,Customer_3460,Female,43,Kolkata,West Bengal,Gold
3461,Customer_3461,Male,25,Chennai,Tamil Nadu,Regular
3462,Customer_3462,Female,41,Hyderabad,Telangana,Regular
3463,Customer_3463,Other,33,Bengaluru,Karnataka,Gold
3464,Customer_3464,Female,37,Hyderabad,Telangana,Silver
3465,Customer_3465,Female,32,Pune,Maharashtra,Regular
3466,Customer_3466,Female,24,Delhi,Delhi,Regular
3467,Customer_3467,Male,34,Pune,Maharashtra,Regular
3468,Customer_3468,Female,39,Delhi,Delhi,Gold
3469,Customer_3469,Female,39,Mumbai,Maharashtra,Gold
3470,Customer_3470,Male,29,Hyderabad,Telangana,Platinum
3471,Customer_3471,Male,35,Delhi,Delhi,Gold
3472,Customer_3472,Female,63,Ahmedabad,Gujarat,Silver
3473,Customer_3473,Female,64,Kolkata,West Bengal,Regular
3474,Customer_3474,Male,32,Delhi,Delhi,Gold
3475,Customer_3475,Male,54,Delhi,Delhi,Silver
3476,Customer_3476,Female,33,Kolkata,West Bengal,Regular
3477,Customer_3477,Female,22,Hyderabad,Telangana,Regular
3478,Customer_3478,Female,19,Hyderabad,Telangana,Gold
3479,Customer_3479,Female,45,Kolkata,West Bengal,Regular
3480,Customer_3480,Female,58,Pune,Maharashtra,Regular
3481,Customer_3481,Female,44,Ahmedabad,Gujarat,Silver
3482,Customer_3482,Female,48,Lucknow,Uttar Pradesh,Silver
3483,Customer_3483,Female,58,Chennai,Tamil Nadu,Regular
3484,Customer_3484,Female,53,Ahmedabad,Gujarat,Gold
3485,Customer_3485,Male,64,Hyderabad,Telangana,Regular
3486,Customer_3486,Male,60,Lucknow,Uttar Pradesh,Regular
3487,Customer_3487,Female,18,Mumbai,Maharashtra,Regular
3488,Customer_3488,Male,46,Bengaluru,Karnataka,Silver
3489,Customer_3489,Male,18,Delhi,Delhi,Platinum
3490,Customer_3490,Male,25,Kolkata,West Bengal,Gold
3491,Customer_3491,Female,33,Kolkata,West Bengal,Platinum
3492,Customer_3492,Male,45,Delhi,Delhi,Regular
3493,Customer_3493,Male,39,Bengaluru,Karnataka,Regular
3494,Customer_3494,Male,35,Chennai,Tamil Nadu,Silver
3495,Customer_3495,Female,39,Bengaluru,Karnataka,Regular
3496,Customer_3496,Male,58,Lucknow,Uttar Pradesh,Gold
3497,Customer_3497,Male,29,Bengaluru,Karnataka,Silver
3498,Customer_3498,Male,36,Lucknow,Uttar Pradesh,Platinum
3499,Customer_3499,Female,42,Bengaluru,Karnataka,Regular
3500,Customer_3500,Male,22,Chennai,Tamil Nadu,Regular
3501,Customer_3501,Male,51,Chennai,Tamil Nadu,Regular
3502,Customer_3502,Female,56,Hyderabad,Telangana,Regular
3503,Customer_3503,Female,27,Delhi,Delhi,Silver
3504,Customer_3504,Female,64,Chennai,Tamil Nadu,Regular
3505,Customer_3505,Other,24,Lucknow,Uttar Pradesh,Regular
3506,Customer_3506,Female,54,Chennai,Tamil Nadu,Regular
3507,Customer_3507,Male,64,Hyderabad,Telangana,Regular
3508,Customer_3508,Female,32,Kolkata,West Bengal,Regular
3509,Customer_3509,Male,59,Lucknow,Uttar Pradesh,Regular
3510,Customer_3510,Female,41,Hyderabad,Telangana,Regular
3511,Customer_3511,Male,43,Pune,Maharashtra,Regular
3512,Customer_3512,Male,43,Pune,Maharashtra,Regular
3513,Customer_3513,Female,63,Mumbai,Maharashtra,Regular
3514,Customer_3514,Male,43,Bengaluru,Karnataka,Regular
3515,Customer_3515,Female,27,Delhi,Delhi,Regular
3516,Customer_3516,Male,34,Jaipur,Rajasthan,Silver
3517,Customer_3517,Male,31,Ahmedabad,Gujarat,Silver
3518,Customer_3518,Female,19,Hyderabad,Telangana,Gold
3519,Customer_3519,Female,65,Kolkata,West Bengal,Regular
3520,Customer_3520,Female,30,Ahmedabad,Gujarat,Regular
3521,Customer_3521,Male,44,Kolkata,West Bengal,Gold
3522,Customer_3522,Female,26,Ahmedabad,Gujarat,Regular
3523,Customer_3523,Female,24,Hyderabad,Telangana,Silver
3524,Customer_3524,Female,65,Jaipur,Rajasthan,Regular
3525,Customer_3525,Male,27,Ahmedabad,Gujarat,Regular
3526,Customer_3526,Female,26,Hyderabad,Telangana,Silver
3527,Customer_3527,Female,39,Chennai,Tamil Nadu,Regular
3528,Customer_3528,Female,40,Jaipur,Rajasthan,Regular
3529,Customer_3529,Female,24,Lucknow,Uttar Pradesh,Regular
3530,Customer_3530,Female,65,Kolkata,West Bengal,Regular
3531,Customer_3531,Male,26,Pune,Maharashtra,Regular
3532,Customer_3532,Male,44,Bengaluru,Karnataka,Silver
3533,Customer_3533,Female,41,Pune,Maharashtra,Gold
3534,Customer_3534,Male,46,Jaipur,Rajasthan,Gold
3535,Customer_3535,Male,34,Lucknow,Uttar Pradesh,Regular
3536,Customer_3536,Male,37,Kolkata,West Bengal,Platinum
3537,Customer_3537,Male,24,Lucknow,Uttar Pradesh,Silver
3538,Customer_3538,Female,60,Ahmedabad,Gujarat,Regular
3539,Customer_3539,Female,57,Kolkata,West Bengal,Gold
3540,Customer_3540,Male,24,Ahmedabad,Gujarat,Silver
3541,Customer_3541,Male,45,Hyderabad,Telangana,Silver
3542,Customer_3542,Female,36,Jaipur,Rajasthan,Regular
3543,Customer_3543,Female,37,Hyderabad,Telangana,Regular
3544,Customer_3544,Female,61,Mumbai,Maharashtra,Gold
3545,Customer_3545,Female,56,Lucknow,Uttar Pradesh,Regular
3546,Customer_3546,Male,57,Ahmedabad,Gujarat,Silver
3547,Customer_3547,Male,24,Chennai,Tamil Nadu,Silver
3548,Customer_3548,Female,23,Hyderabad,Telangana,Gold
3549,Customer_3549,Female,42,Mumbai,Maharashtra,Regular
3550,Customer_3550,Female,58,Delhi,Delhi,Silver
3551,Customer_3551,Male,30,Pune,Maharashtra,Regular
3552,Customer_3552,Female,56,Kolkata,West Bengal,Silver
3553,Customer_3553,Female,57,Mumbai,Maharashtra,Silver
3554,Customer_3554,Male,39,Jaipur,Rajasthan,Regular
3555,Customer_3555,Male,34,Hyderabad,Telangana,Silver
3556,Customer_3556,Male,65,Jaipur,Rajasthan,Regular
3557,Customer_3557,Male,39,Pune,Maharashtra,Regular
3558,Customer_3558,Male,51,Chennai,Tamil Nadu,Regular
3559,Customer_3559,Male,25,Lucknow,Uttar Pradesh,Regular
3560,Customer_3560,Female,62,Lucknow,Uttar Pradesh,Regular
3561,Customer_3561,Male,35,Jaipur,Rajasthan,Regular
3562,Customer_3562,Male,41,Ahmedabad,Gujarat,Silver
3563,Customer_3563,Female,59,Chennai,Tamil Nadu,Gold
3564,Customer_3564,Female,19,Lucknow,Uttar Pradesh,Silver
3565,Customer_3565,Female,19,Chennai,Tamil Nadu,Regular
3566,Customer_3566,Male,44,Mumbai,Maharashtra,Platinum
3567,Customer_3567,Female,31,Chennai,Tamil Nadu,Silver
3568,Customer_3568,Male,65,Bengaluru,Karnataka,Regular
3569,Customer_3569,Female,56,Pune,Maharashtra,Gold
3570,Customer_3570,Male,29,Lucknow,Uttar Pradesh,Regular
3571,Customer_3571,Female,49,Chennai,Tamil Nadu,Silver
3572,Customer_3572,Male,45,Jaipur,Rajasthan,Regular
3573,Customer_3573,Female,45,Delhi,Delhi,Regular
3574,Customer_3574,Female,63,Bengaluru,Karnataka,Gold
3575,Customer_3575,Male,42,Bengaluru,Karnataka,Regular
3576,Customer_3576,Male,21,Ahmedabad,Gujarat,Regular
3577,Customer_3577,Female,43,Chennai,Tamil Nadu,Platinum
3578,Customer_3578,Female,53,Ahmedabad,Gujarat,Gold
3579,Customer_3579,Female,20,Ahmedabad,Gujarat,Silver
3580,Customer_3580,Male,18,Delhi,Delhi,Regular
3581,Customer_3581,Male,34,Mumbai,Maharashtra,Regular
3582,Customer_3582,Female,24,Chennai,Tamil Nadu,Gold
3583,Customer_3583,Male,65,Hyderabad,Telangana,Regular
3584,Customer_3584,Female,22,Lucknow,Uttar Pradesh,Regular
3585,Customer_3585,Female,36,Ahmedabad,Gujarat,Regular
3586,Customer_3586,Female,56,Pune,Maharashtra,Regular
3587,Customer_3587,Male,63,Kolkata,West Bengal,Regular
3588,Customer_3588,Male,51,Pune,Maharashtra,Regular
3589,Customer_3589,Male,52,Delhi,Delhi,Regular
3590,Customer_3590,Female,33,Delhi,Delhi,Regular
3591,Customer_3591,Male,57,Jaipur,Rajasthan,Regular
3592,Customer_3592,Male,64,Mumbai,Maharashtra,Regular
3593,Customer_3593,Male,56,Lucknow,Uttar Pradesh,Silver
3594,Customer_3594,Male,44,Ahmedabad,Gujarat,Gold
3595,Customer_3595,Female,58,Pune,Maharashtra,Regular
3596,Customer_3596,Female,55,Kolkata,West Bengal,Regular
3597,Customer_3597,Male,42,Delhi,Delhi,Regular
3598,Customer_3598,Male,43,Delhi,Delhi,Regular
3599,Customer_3599,Female,31,Mumbai,Maharashtra,Regular
3600,Customer_3600,Male,31,Kolkata,West Bengal,Regular
3601,Customer_3601,Female,31,Kolkata,West Bengal,Silver
3602,Customer_3602,Female,42,Mumbai,Maharashtra,Silver
3603,Customer_3603,Male,53,Delhi,Delhi,Regular
3604,Customer_3604,Female,21,Lucknow,Uttar Pradesh,Regular
3605,Customer_3605,Female,64,Chennai,Tamil Nadu,Gold
3606,Customer_3606,Male,32,Chennai,Tamil Nadu,Regular
3607,Customer_3607,Female,49,Mumbai,Maharashtra,Silver
3608,Customer_3608,Male,35,Kolkata,West Bengal,Regular
3609,Customer_3609,Male,31,Ahmedabad,Gujarat,Silver
3610,Customer_3610,Female,18,Mumbai,Maharashtra,Gold
3611,Customer_3611,Female,59,Lucknow,Uttar Pradesh,Gold
3612,Customer_3612,Female,37,Mumbai,Maharashtra,Regular
3613,Customer_3613,Male,27,Bengaluru,Karnataka,Regular
3614,Customer_3614,Male,27,Pune,Maharashtra,Regular
3615,Customer_3615,Female,41,Kolkata,West Bengal,Platinum
3616,Customer_3616,Male,51,Jaipur,Rajasthan,Regular
3617,Customer_3617,Female,45,Jaipur,Rajasthan,Regular
3618,Customer_3618,Female,44,Kolkata,West Bengal,Regular
3619,Customer_3619,Female,57,Lucknow,Uttar Pradesh,Regular
3620,Customer_3620,Female,18,Bengaluru,Karnataka,Regular
3621,Customer_3621,Male,50,Bengaluru,Karnataka,Silver
3622,Customer_3622,Male,21,Delhi,Delhi,Regular
3623,Customer_3623,Male,24,Pune,Maharashtra,Regular
3624,Customer_3624,Female,26,Chennai,Tamil Nadu,Platinum
3625,Customer_3625,Female,33,Hyderabad,Telangana,Gold
3626,Customer_3626,Female,22,Lucknow,Uttar Pradesh,Gold
3627,Customer_3627,Female,51,Hyderabad,Telangana,Regular
3628,Customer_3628,Female,40,Hyderabad,Telangana,Silver
3629,Customer_3629,Male,60,Kolkata,West Bengal,Regular
3630,Customer_3630,Male,42,Jaipur,Rajasthan,Regular
3631,Customer_3631,Male,30,Jaipur,Rajasthan,Regular
3632,Customer_3632,Female,41,Chennai,Tamil Nadu,Regular
3633,Customer_3633,Male,28,Kolkata,West Bengal,Regular
3634,Customer_3634,Female,34,Hyderabad,Telangana,Platinum
3635,Customer_3635,Female,54,Ahmedabad,Gujarat,Regular
3636,Customer_3636,Female,30,Jaipur,Rajasthan,Regular
3637,Customer_3637,Female,44,Lucknow,Uttar Pradesh,Regular
3638,Customer_3638,Male,37,Lucknow,Uttar Pradesh,Regular
3639,Customer_3639,Male,50,Delhi,Delhi,Silver
3640,Customer_3640,Female,59,Mumbai,Maharashtra,Regular
3641,Customer_3641,Male,49,Ahmedabad,Gujarat,Gold
3642,Customer_3642,Male,25,Jaipur,Rajasthan,Regular
3643,Customer_3643,Female,46,Bengaluru,Karnataka,Silver
3644,Customer_3644,Male,57,Jaipur,Rajasthan,Silver
3645,Customer_3645,Female,36,Delhi,Delhi,Gold
3646,Customer_3646,Female,23,Lucknow,Uttar Pradesh,Gold
3647,Customer_3647,Male,61,Hyderabad,Telangana,Silver
3648,Customer_3648,Male,56,Bengaluru,Karnataka,Regular
3649,Customer_3649,Male,65,Kolkata,West Bengal,Regular
3650,Customer_3650,Female,58,Pune,Maharashtra,Silver
3651,Customer_3651,Male,38,Hyderabad,Telangana,Gold
3652,Customer_3652,Female,39,Pune,Maharashtra,Regular
3653,Customer_3653,Male,59,Ahmedabad,Gujarat,Regular
3654,Customer_3654,Male,27,Mumbai,Maharashtra,Gold
3655,Customer_3655,Male,27,Bengaluru,Karnataka,Regular
3656,Customer_3656,Male,46,Chennai,Tamil Nadu,Regular
3657,Customer_3657,Male,33,Bengaluru,Karnataka,Regular
3658,Customer_3658,Female,18,Jaipur,Rajasthan,Silver
3659,Customer_3659,Female,34,Lucknow,Uttar Pradesh,Platinum
3660,Customer_3660,Male,47,Jaipur,Rajasthan,Regular
3661,Customer_3661,Male,43,Jaipur,Rajasthan,Regular
3662,Customer_3662,Female,63,Ahmedabad,Gujarat,Regular
3663,Customer_3663,Female,36,Hyderabad,Telangana,Regular
3664,Customer_3664,Male,38,Chennai,Tamil Nadu,Silver
3665,Customer_3665,Female,34,Chennai,Tamil Nadu,Regular
3666,Customer_3666,Male,63,Jaipur,Rajasthan,Regular
3667,Customer_3667,Female,57,Pune,Maharashtra,Silver
3668,Customer_3668,Male,38,Ahmedabad,Gujarat,Silver
3669,Customer_3669,Male,58,Jaipur,Rajasthan,Regular
3670,Customer_3670,Female,57,Mumbai,Maharashtra,Regular
3671,Customer_3671,Male,62,Lucknow,Uttar Pradesh,Platinum
3672,Customer_3672,Female,36,Hyderabad,Telangana,Regular
3673,Customer_3673,Male,24,Kolkata,West Bengal,Silver
3674,Customer_3674,Female,34,Mumbai,Maharashtra,Regular
3675,Customer_3675,Female,18,Pune,Maharashtra,Gold
3676,Customer_3676,Male,54,Bengaluru,Karnataka,Silver
3677,Customer_3677,Female,23,Bengaluru,Karnataka,Silver
3678,Customer_3678,Female,43,Mumbai,Maharashtra,Gold
3679,Customer_3679,Female,19,Jaipur,Rajasthan,Platinum
3680,Customer_3680,Female,49,Kolkata,West Bengal,Silver
3681,Customer_3681,Female,65,Delhi,Delhi,Regular
3682,Customer_3682,Male,22,Delhi,Delhi,Regular
3683,Customer_3683,Male,54,Pune,Maharashtra,Silver
3684,Customer_3684,Female,48,Jaipur,Rajasthan,Silver
3685,Customer_3685,Female,29,Chennai,Tamil Nadu,Regular
3686,Customer_3686,Male,52,Chennai,Tamil Nadu,Regular
3687,Customer_3687,Male,47,Hyderabad,Telangana,Silver
3688,Customer_3688,Female,65,Kolkata,West Bengal,Regular
3689,Customer_3689,Male,23,Kolkata,West Bengal,Regular
3690,Customer_3690,Male,32,Bengaluru,Karnataka,Silver
3691,Customer_3691,Female,32,Ahmedabad,Gujarat,Silver
3692,Customer_3692,Male,33,Pune,Maharashtra,Regular
3693,Customer_3693,Female,37,Delhi,Delhi,Regular
3694,Customer_3694,Female,30,Pune,Maharashtra,Regular
3695,Customer_3695,Male,61,Chennai,Tamil Nadu,Regular
3696,Customer_3696,Male,59,Chennai,Tamil Nadu,Silver
3697,Customer_3697,Male,63,Mumbai,Maharashtra,Regular
3698,Customer_3698,Male,48,Hyderabad,Telangana,Regular
3699,Customer_3699,Female,51,Kolkata,West Bengal,Regular
3700,Customer_3700,Male,46,Lucknow,Uttar Pradesh,Regular
3701,Customer_3701,Female,20,Pune,Maharashtra,Platinum
3702,Customer_3702,Male,26,Chennai,Tamil Nadu,Regular
3703,Customer_3703,Male,28,Ahmedabad,Gujarat,Gold
3704,Customer_3704,Male,28,Bengaluru,Karnataka,Gold
3705,Customer_3705,Male,42,Delhi,Delhi,Regular
3706,Customer_3706,Male,39,Hyderabad,Telangana,Silver
3707,Customer_3707,Male,59,Ahmedabad,Gujarat,Regular
3708,Customer_3708,Female,63,Hyderabad,Telangana,Silver
3709,Customer_3709,Female,26,Mumbai,Maharashtra,Regular
3710,Customer_3710,Male,37,Lucknow,Uttar Pradesh,Gold
3711,Customer_3711,Male,38,Chennai,Tamil Nadu,Regular
3712,Customer_3712,Male,27,Bengaluru,Karnataka,Gold
3713,Customer_3713,Male,39,Ahmedabad,Gujarat,Regular
3714,Customer_3714,Male,46,Hyderabad,Telangana,Gold
3715,Customer_3715,Male,26,Kolkata,West Bengal,Regular
3716,Customer_3716,Male,22,Mumbai,Maharashtra,Silver
3717,Customer_3717,Male,57,Kolkata,West Bengal,Regular
3718,Customer_3718,Male,28,Bengaluru,Karnataka,Regular
3719,Customer_3719,Male,18,Ahmedabad,Gujarat,Silver
3720,Customer_3720,Female,59,Mumbai,Maharashtra,Platinum
3721,Customer_3721,Male,18,Ahmedabad,Gujarat,Regular
3722,Customer_3722,Male,56,Chennai,Tamil Nadu,Gold
3723,Customer_3723,Female,63,Jaipur,Rajasthan,Silver
3724,Customer_3724,Female,22,Mumbai,Maharashtra,Gold
3725,Customer_3725,Female,39,Kolkata,West Bengal,Regular
3726,Customer_3726,Female,43,Bengaluru,Karnataka,Regular
3727,Customer_3727,Male,23,Lucknow,Uttar Pradesh,Gold
3728,Customer_3728,Female,49,Chennai,Tamil Nadu,Regular
3729,Customer_3729,Female,65,Jaipur,Rajasthan,Regular
3730,Customer_3730,Male,28,Lucknow,Uttar Pradesh,Regular
3731,Customer_3731,Female,27,Delhi,Delhi,Regular
3732,Customer_3732,Female,64,Chennai,Tamil Nadu,Silver
3733,Customer_3733,Male,56,Bengaluru,Karnataka,Silver
3734,Customer_3734,Male,51,Hyderabad,Telangana,Silver
3735,Customer_3735,Male,48,Mumbai,Maharashtra,Regular
3736,Customer_3736,Male,29,Ahmedabad,Gujarat,Regular
3737,Customer_3737,Male,61,Bengaluru,Karnataka,Regular
3738,Customer_3738,Female,33,Mumbai,Maharashtra,Regular
3739,Customer_3739,Female,55,Lucknow,Uttar Pradesh,Gold
3740,Customer_3740,Male,20,Ahmedabad,Gujarat,Gold
3741,Customer_3741,Female,19,Pune,Maharashtra,Regular
3742,Customer_3742,Male,22,Kolkata,West Bengal,Gold
3743,Customer_3743,Male,28,Delhi,Delhi,Regular
3744,Customer_3744,Female,42,Chennai,Tamil Nadu,Silver
3745,Customer_3745,Female,52,Bengaluru,Karnataka,Regular
3746,Customer_3746,Female,52,Delhi,Delhi,Silver
3747,Customer_3747,Female,39,Hyderabad,Telangana,Regular
3748,Customer_3748,Female,54,Mumbai,Maharashtra,Regular
3749,Customer_3749,Female,39,Mumbai,Maharashtra,Regular
3750,Customer_3750,Male,28,Bengaluru,Karnataka,Regular
3751,Customer_3751,Female,49,Jaipur,Rajasthan,Regular
3752,Customer_3752,Other,52,Jaipur,Rajasthan,Regular
3753,Customer_3753,Female,48,Pune,Maharashtra,Regular
3754,Customer_3754,Male,62,Kolkata,West Bengal,Silver
3755,Customer_3755,Male,25,Ahmedabad,Gujarat,Regular
3756,Customer_3756,Female,37,Hyderabad,Telangana,Silver
3757,Customer_3757,Male,59,Delhi,Delhi,Regular
3758,Customer_3758,Female,51,Jaipur,Rajasthan,Platinum
3759,Customer_3759,Male,21,Pune,Maharashtra,Platinum
3760,Customer_3760,Male,35,Pune,Maharashtra,Regular
3761,Customer_3761,Female,21,Bengaluru,Karnataka,Silver
3762,Customer_3762,Male,37,Hyderabad,Telangana,Regular
3763,Customer_3763,Male,26,Lucknow,Uttar Pradesh,Platinum
3764,Customer_3764,Female,33,Ahmedabad,Gujarat,Regular
3765,Customer_3765,Female,43,Kolkata,West Bengal,Regular
3766,Customer_3766,Male,55,Chennai,Tamil Nadu,Regular
3767,Customer_3767,Female,42,Bengaluru,Karnataka,Regular
3768,Customer_3768,Female,21,Ahmedabad,Gujarat,Regular
3769,Customer_3769,Female,58,Chennai,Tamil Nadu,Silver
3770,Customer_3770,Female,62,Chennai,Tamil Nadu,Regular
3771,Customer_3771,Female,58,Hyderabad,Telangana,Regular
3772,Customer_3772,Male,55,Hyderabad,Telangana,Regular
3773,Customer_3773,Male,36,Delhi,Delhi,Regular
3774,Customer_3774,Male,31,Pune,Maharashtra,Regular
3775,Customer_3775,Female,38,Ahmedabad,Gujarat,Gold
3776,Customer_3776,Male,32,Bengaluru,Karnataka,Regular
3777,Customer_3777,Female,20,Mumbai,Maharashtra,Silver
3778,Customer_3778,Female,54,Bengaluru,Karnataka,Regular
3779,Customer_3779,Male,63,Delhi,Delhi,Regular
3780,Customer_3780,Male,33,Kolkata,West Bengal,Silver
3781,Customer_3781,Male,31,Pune,Maharashtra,Regular
3782,Customer_3782,Female,26,Mumbai,Maharashtra,Regular
3783,Customer_3783,Male,64,Jaipur,Rajasthan,Silver
3784,Customer_3784,Male,24,Kolkata,West Bengal,Regular
3785,Customer_3785,Female,31,Hyderabad,Telangana,Regular
3786,Customer_3786,Female,23,Chennai,Tamil Nadu,Silver
3787,Customer_3787,Male,38,Jaipur,Rajasthan,Silver
3788,Customer_3788,Male,32,Bengaluru,Karnataka,Regular
3789,Customer_3789,Female,25,Bengaluru,Karnataka,Regular
3790,Customer_3790,Female,51,Hyderabad,Telangana,Regular
3791,Customer_3791,Female,57,Delhi,Delhi,Regular
3792,Customer_3792,Female,18,Ahmedabad,Gujarat,Silver
3793,Customer_3793,Male,49,Jaipur,Rajasthan,Gold
3794,Customer_3794,Male,22,Jaipur,Rajasthan,Gold
3795,Customer_3795,Male,47,Lucknow,Uttar Pradesh,Regular
3796,Customer_3796,Male,39,Kolkata,West Bengal,Regular
3797,Customer_3797,Female,37,Pune,Maharashtra,Silver
3798,Customer_3798,Male,33,Kolkata,West Bengal,Regular
3799,Customer_3799,Male,24,Ahmedabad,Gujarat,Silver
3800,Customer_3800,Other,24,Bengaluru,Karnataka,Silver
3801,Customer_3801,Male,19,Bengaluru,Karnataka,Gold
3802,Customer_3802,Male,64,Bengaluru,Karnataka,Regular
3803,Customer_3803,Male,31,Lucknow,Uttar Pradesh,Regular
3804,Customer_3804,Female,48,Bengaluru,Karnataka,Gold
3805,Customer_3805,Female,58,Ahmedabad,Gujarat,Silver
3806,Customer_3806,Male,31,Hyderabad,Telangana,Gold
3807,Customer_3807,Female,22,Pune,Maharashtra,Regular
3808,Customer_3808,Female,28,Ahmedabad,Gujarat,Silver
3809,Customer_3809,Female,57,Pune,Maharashtra,Silver
3810,Customer_3810,Female,22,Ahmedabad,Gujarat,Regular
3811,Customer_3811,Female,46,Bengaluru,Karnataka,Regular
3812,Customer_3812,Female,28,Hyderabad,Telangana,Silver
3813,Customer_3813,Male,22,Jaipur,Rajasthan,Regular
3814,Customer_3814,Male,49,Kolkata,West Bengal,Regular
3815,Customer_3815,Male,53,Chennai,Tamil Nadu,Silver
3816,Customer_3816,Female,32,Hyderabad,Telangana,Regular
3817,Customer_3817,Female,36,Jaipur,Rajasthan,Gold
3818,Customer_3818,Male,39,Delhi,Delhi,Regular
3819,Customer_3819,Male,51,Ahmedabad,Gujarat,Regular
3820,Customer_3820,Female,34,Delhi,Delhi,Platinum
3821,Customer_3821,Female,29,Jaipur,Rajasthan,Gold
3822,Customer_3822,Female,42,Hyderabad,Telangana,Regular
3823,Customer_3823,Female,34,Ahmedabad,Gujarat,Gold
3824,Customer_3824,Female,27,Chennai,Tamil Nadu,Regular
3825,Customer_3825,Female,45,Bengaluru,Karnataka,Regular
3826,Customer_3826,Female,35,Ahmedabad,Gujarat,Regular
3827,Customer_3827,Female,35,Ahmedabad,Gujarat,Regular
3828,Customer_3828,Male,62,Hyderabad,Telangana,Gold
3829,Customer_3829,Male,49,Hyderabad,Telangana,Silver
3830,Customer_3830,Male,31,Jaipur,Rajasthan,Platinum
3831,Customer_3831,Male,33,Mumbai,Maharashtra,Silver
3832,Customer_3832,Female,35,Ahmedabad,Gujarat,Regular
3833,Customer_3833,Male,33,Kolkata,West Bengal,Silver
3834,Customer_3834,Female,34,Ahmedabad,Gujarat,Platinum
3835,Customer_3835,Male,24,Jaipur,Rajasthan,Silver
3836,Customer_3836,Male,29,Pune,Maharashtra,Silver
3837,Customer_3837,Female,51,Delhi,Delhi,Platinum
3838,Customer_3838,Male,27,Bengaluru,Karnataka,Regular
3839,Customer_3839,Male,22,Mumbai,Maharashtra,Silver
3840,Customer_3840,Male,38,Chennai,Tamil Nadu,Gold
3841,Customer_3841,Female,20,Chennai,Tamil Nadu,Platinum
3842,Customer_3842,Male,36,Chennai,Tamil Nadu,Regular
3843,Customer_3843,Female,62,Hyderabad,Telangana,Regular
3844,Customer_3844,Female,61,Chennai,Tamil Nadu,Silver
3845,Customer_3845,Female,52,Bengaluru,Karnataka,Regular
3846,Customer_3846,Female,23,Delhi,Delhi,Silver
3847,Customer_3847,Male,31,Chennai,Tamil Nadu,Regular
3848,Customer_3848,Male,21,Ahmedabad,Gujarat,Regular
3849,Customer_3849,Female,62,Ahmedabad,Gujarat,Regular
3850,Customer_3850,Male,35,Hyderabad,Telangana,Regular
3851,Customer_3851,Male,46,Bengaluru,Karnataka,Regular
3852,Customer_3852,Male,52,Delhi,Delhi,Regular
3853,Customer_3853,Female,55,Mumbai,Maharashtra,Regular
3854,Customer_3854,Male,33,Jaipur,Rajasthan,Regular
3855,Customer_3855,Male,37,Delhi,Delhi,Regular
3856,Customer_3856,Female,41,Jaipur,Rajasthan,Regular
3857,Customer_3857,Female,52,Pune,Maharashtra,Silver
3858,Customer_3858,Male,61,Jaipur,Rajasthan,Gold
3859,Customer_3859,Male,36,Kolkata,West Bengal,Regular
3860,Customer_3860,Female,21,Ahmedabad,Gujarat,Regular
3861,Customer_3861,Other,50,Bengaluru,Karnataka,Silver
3862,Customer_3862,Female,19,Lucknow,Uttar Pradesh,Regular
3863,Customer_3863,Male,30,Hyderabad,Telangana,Platinum
3864,Customer_3864,Male,62,Kolkata,West Bengal,Silver
3865,Customer_3865,Female,47,Jaipur,Rajasthan,Regular
3866,Customer_3866,Female,51,Chennai,Tamil Nadu,Regular
3867,Customer_3867,Male,47,Bengaluru,Karnataka,Regular
3868,Customer_3868,Male,41,Kolkata,West Bengal,Regular
3869,Customer_3869,Female,65,Hyderabad,Telangana,Regular
3870,Customer_3870,Male,61,Ahmedabad,Gujarat,Regular
3871,Customer_3871,Male,50,Bengaluru,Karnataka,Gold
3872,Customer_3872,Male,58,Hyderabad,Telangana,Regular
3873,Customer_3873,Male,27,Pune,Maharashtra,Regular
3874,Customer_3874,Male,35,Pune,Maharashtra,Silver
3875,Customer_3875,Female,36,Hyderabad,Telangana,Regular
3876,Customer_3876,Male,24,Kolkata,West Bengal,Regular
3877,Customer_3877,Male,36,Bengaluru,Karnataka,Regular
3878,Customer_3878,Male,41,Kolkata,West Bengal,Silver
3879,Customer_3879,Male,32,Mumbai,Maharashtra,Platinum
3880,Customer_3880,Male,58,Jaipur,Rajasthan,Regular
3881,Customer_3881,Male,59,Mumbai,Maharashtra,Regular
3882,Customer_3882,Female,40,Pune,Maharashtra,Regular
3883,Customer_3883,Male,21,Ahmedabad,Gujarat,Regular
3884,Customer_3884,Male,55,Delhi,Delhi,Regular
3885,Customer_3885,Male,21,Jaipur,Rajasthan,Gold
3886,Customer_3886,Female,22,Pune,Maharashtra,Gold
3887,Customer_3887,Female,58,Kolkata,West Bengal,Regular
3888,Customer_3888,Male,61,Kolkata,West Bengal,Regular
3889,Customer_3889,Female,40,Kolkata,West Bengal,Silver
3890,Customer_3890,Male,57,Ahmedabad,Gujarat,Regular
3891,Customer_3891,Female,54,Mumbai,Maharashtra,Regular
3892,Customer_3892,Male,28,Delhi,Delhi,Regular
3893,Customer_3893,Female,28,Kolkata,West Bengal,Regular
3894,Customer_3894,Male,30,Lucknow,Uttar Pradesh,Regular
3895,Customer_3895,Male,31,Jaipur,Rajasthan,Gold
3896,Customer_3896,Female,25,Bengaluru,Karnataka,Silver
3897,Customer_3897,Female,42,Lucknow,Uttar Pradesh,Regular
3898,Customer_3898,Male,35,Delhi,Delhi,Regular
3899,Customer_3899,Male,61,Ahmedabad,Gujarat,Gold
3900,Customer_3900,Male,61,Delhi,Delhi,Regular
3901,Customer_3901,Female,35,Bengaluru,Karnataka,Gold
3902,Customer_3902,Female,27,Jaipur,Rajasthan,Regular
3903,Customer_3903,Male,24,Bengaluru,Karnataka,Regular
3904,Customer_3904,Female,61,Hyderabad,Telangana,Regular
3905,Customer_3905,Female,31,Jaipur,Rajasthan,Gold
3906,Customer_3906,Female,32,Delhi,Delhi,Regular
3907,Customer_3907,Female,33,Kolkata,West Bengal,Regular
3908,Customer_3908,Female,19,Delhi,Delhi,Regular
3909,Customer_3909,Male,47,Delhi,Delhi,Gold
3910,Customer_3910,Male,47,Jaipur,Rajasthan,Platinum
3911,Customer_3911,Female,35,Hyderabad,Telangana,Platinum
3912,Customer_3912,Male,48,Delhi,Delhi,Platinum
3913,Customer_3913,Female,61,Lucknow,Uttar Pradesh,Regular
3914,Customer_3914,Male,65,Pune,Maharashtra,Regular
3915,Customer_3915,Male,30,Chennai,Tamil Nadu,Regular
3916,Customer_3916,Female,37,Chennai,Tamil Nadu,Regular
3917,Customer_3917,Female,52,Delhi,Delhi,Gold
3918,Customer_3918,Male,40,Lucknow,Uttar Pradesh,Gold
3919,Customer_3919,Female,59,Kolkata,West Bengal,Regular
3920,Customer_3920,Female,50,Ahmedabad,Gujarat,Silver
3921,Customer_3921,Female,55,Ahmedabad,Gujarat,Gold
3922,Customer_3922,Male,52,Jaipur,Rajasthan,Regular
3923,Customer_3923,Female,53,Chennai,Tamil Nadu,Regular
3924,Customer_3924,Female,37,Delhi,Delhi,Regular
3925,Customer_3925,Male,20,Ahmedabad,Gujarat,Regular
3926,Customer_3926,Female,25,Delhi,Delhi,Silver
3927,Customer_3927,Female,57,Jaipur,Rajasthan,Regular
3928,Customer_3928,Female,49,Chennai,Tamil Nadu,Regular
3929,Customer_3929,Female,46,Bengaluru,Karnataka,Platinum
3930,Customer_3930,Male,24,Pune,Maharashtra,Regular
3931,Customer_3931,Male,19,Pune,Maharashtra,Regular
3932,Customer_3932,Female,38,Ahmedabad,Gujarat,Platinum
3933,Customer_3933,Female,23,Pune,Maharashtra,Regular
3934,Customer_3934,Female,45,Bengaluru,Karnataka,Regular
3935,Customer_3935,Male,65,Delhi,Delhi,Gold
3936,Customer_3936,Male,59,Jaipur,Rajasthan,Regular
3937,Customer_3937,Male,53,Bengaluru,Karnataka,Gold
3938,Customer_3938,Male,49,Jaipur,Rajasthan,Regular
3939,Customer_3939,Male,62,Jaipur,Rajasthan,Regular
3940,Customer_3940,Female,59,Chennai,Tamil Nadu,Regular
3941,Customer_3941,Male,63,Delhi,Delhi,Regular
3942,Customer_3942,Female,26,Lucknow,Uttar Pradesh,Silver
3943,Customer_3943,Male,28,Pune,Maharashtra,Silver
3944,Customer_3944,Female,40,Lucknow,Uttar Pradesh,Gold
3945,Customer_3945,Female,28,Chennai,Tamil Nadu,Gold
3946,Customer_3946,Male,19,Jaipur,Rajasthan,Regular
3947,Customer_3947,Male,20,Ahmedabad,Gujarat,Gold
3948,Customer_3948,Male,28,Pune,Maharashtra,Silver
3949,Customer_3949,Female,52,Pune,Maharashtra,Silver
3950,Customer_3950,Male,32,Delhi,Delhi,Gold
3951,Customer_3951,Female,60,Hyderabad,Telangana,Silver
3952,Customer_3952,Female,28,Mumbai,Maharashtra,Regular
3953,Customer_3953,Female,48,Mumbai,Maharashtra,Silver
3954,Customer_3954,Male,45,Mumbai,Maharashtra,Regular
3955,Customer_3955,Female,45,Hyderabad,Telangana,Regular
3956,Customer_3956,Male,49,Delhi,Delhi,Silver
3957,Customer_3957,Male,42,Hyderabad,Telangana,Regular
3958,Customer_3958,Female,37,Mumbai,Maharashtra,Regular
3959,Customer_3959,Female,45,Chennai,Tamil Nadu,Regular
3960,Customer_3960,Male,42,Bengaluru,Karnataka,Silver
3961,Customer_3961,Male,28,Jaipur,Rajasthan,Regular
3962,Customer_3962,Male,36,Hyderabad,Telangana,Silver
3963,Customer_3963,Male,45,Delhi,Delhi,Regular
3964,Customer_3964,Male,18,Delhi,Delhi,Regular
3965,Customer_3965,Female,22,Lucknow,Uttar Pradesh,Regular
3966,Customer_3966,Female,27,Bengaluru,Karnataka,Silver
3967,Customer_3967,Female,59,Ahmedabad,Gujarat,Regular
3968,Customer_3968,Male,63,Pune,Maharashtra,Platinum
3969,Customer_3969,Female,51,Mumbai,Maharashtra,Platinum
3970,Customer_3970,Female,53,Ahmedabad,Gujarat,Gold
3971,Customer_3971,Female,19,Lucknow,Uttar Pradesh,Gold
3972,Customer_3972,Male,35,Mumbai,Maharashtra,Regular
3973,Customer_3973,Male,30,Bengaluru,Karnataka,Regular
3974,Customer_3974,Male,22,Lucknow,Uttar Pradesh,Silver
3975,Customer_3975,Female,37,Mumbai,Maharashtra,Silver
3976,Customer_3976,Female,19,Bengaluru,Karnataka,Gold
3977,Customer_3977,Female,28,Kolkata,West Bengal,Silver
3978,Customer_3978,Male,47,Ahmedabad,Gujarat,Platinum
3979,Customer_3979,Male,49,Ahmedabad,Gujarat,Regular
3980,Customer_3980,Male,49,Pune,Maharashtra,Gold
3981,Customer_3981,Male,55,Bengaluru,Karnataka,Silver
3982,Customer_3982,Male,45,Hyderabad,Telangana,Silver
3983,Customer_3983,Female,27,Kolkata,West Bengal,Regular
3984,Customer_3984,Male,39,Chennai,Tamil Nadu,Gold
3985,Customer_3985,Female,34,Mumbai,Maharashtra,Gold
3986,Customer_3986,Male,39,Kolkata,West Bengal,Regular
3987,Customer_3987,Male,60,Bengaluru,Karnataka,Silver
3988,Customer_3988,Male,36,Jaipur,Rajasthan,Regular
3989,Customer_3989,Female,34,Mumbai,Maharashtra,Platinum
3990,Customer_3990,Male,41,Delhi,Delhi,Regular
3991,Customer_3991,Female,53,Ahmedabad,Gujarat,Regular
3992,Customer_3992,Male,49,Bengaluru,Karnataka,Regular
3993,Customer_3993,Female,63,Delhi,Delhi,Silver
3994,Customer_3994,Female,53,Pune,Maharashtra,Regular
3995,Customer_3995,Male,45,Lucknow,Uttar Pradesh,Silver
3996,Customer_3996,Female,31,Chennai,Tamil Nadu,Platinum
3997,Customer_3997,Male,53,Chennai,Tamil Nadu,Gold
3998,Customer_3998,Female,23,Delhi,Delhi,Regular
3999,Customer_3999,Male,26,Ahmedabad,Gujarat,Platinum
4000,Customer_4000,Male,38,Pune,Maharashtra,Silver
4001,Customer_4001,Female,29,Jaipur,Rajasthan,Regular
4002,Customer_4002,Female,47,Ahmedabad,Gujarat,Regular
4003,Customer_4003,Male,48,Kolkata,West Bengal,Regular
4004,Customer_4004,Female,57,Chennai,Tamil Nadu,Gold
4005,Customer_4005,Male,21,Kolkata,West Bengal,Regular
4006,Customer_4006,Male,48,Mumbai,Maharashtra,Regular
4007,Customer_4007,Female,44,Hyderabad,Telangana,Silver
4008,Customer_4008,Male,42,Bengaluru,Karnataka,Silver
4009,Customer_4009,Male,22,Pune,Maharashtra,Gold
4010,Customer_4010,Female,23,Ahmedabad,Gujarat,Silver
4011,Customer_4011,Male,22,Chennai,Tamil Nadu,Regular
4012,Customer_4012,Female,44,Kolkata,West Bengal,Gold
4013,Customer_4013,Male,25,Lucknow,Uttar Pradesh,Regular
4014,Customer_4014,Male,26,Mumbai,Maharashtra,Silver
4015,Customer_4015,Male,32,Bengaluru,Karnataka,Silver
4016,Customer_4016,Female,53,Bengaluru,Karnataka,Regular
4017,Customer_4017,Female,58,Ahmedabad,Gujarat,Platinum
4018,Customer_4018,Male,24,Pune,Maharashtra,Regular
4019,Customer_4019,Male,49,Jaipur,Rajasthan,Regular
4020,Customer_4020,Female,25,Lucknow,Uttar Pradesh,Platinum
4021,Customer_4021,Male,64,Ahmedabad,Gujarat,Silver
4022,Customer_4022,Female,32,Kolkata,West Bengal,Silver
4023,Customer_4023,Male,54,Hyderabad,Telangana,Regular
4024,Customer_4024,Female,36,Delhi,Delhi,Gold
4025,Customer_4025,Male,56,Jaipur,Rajasthan,Regular
4026,Customer_4026,Female,23,Pune,Maharashtra,Regular
4027,Customer_4027,Female,36,Mumbai,Maharashtra,Regular
4028,Customer_4028,Male,45,Jaipur,Rajasthan,Regular
4029,Customer_4029,Male,34,Chennai,Tamil Nadu,Silver
4030,Customer_4030,Female,59,Pune,Maharashtra,Regular
4031,Customer_4031,Female,36,Hyderabad,Telangana,Regular
4032,Customer_4032,Male,48,Chennai,Tamil Nadu,Regular
4033,Customer_4033,Male,28,Jaipur,Rajasthan,Silver
4034,Customer_4034,Female,32,Delhi,Delhi,Gold
4035,Customer_4035,Male,27,Delhi,Delhi,Regular
4036,Customer_4036,Female,60,Hyderabad,Telangana,Silver
4037,Customer_4037,Male,40,Bengaluru,Karnataka,Regular
4038,Customer_4038,Female,20,Lucknow,Uttar Pradesh,Silver
4039,Customer_4039,Female,20,Mumbai,Maharashtra,Regular
4040,Customer_4040,Other,35,Bengaluru,Karnataka,Regular
4041,Customer_4041,Male,42,Delhi,Delhi,Silver
4042,Customer_4042,Female,60,Delhi,Delhi,Gold
4043,Customer_4043,Male,37,Kolkata,West Bengal,Regular
4044,Customer_4044,Female,46,Chennai,Tamil Nadu,Silver
4045,Customer_4045,Male,39,Jaipur,Rajasthan,Silver
4046,Customer_4046,Male,32,Mumbai,Maharashtra,Gold
4047,Customer_4047,Female,56,Hyderabad,Telangana,Regular
4048,Customer_4048,Male,27,Jaipur,Rajasthan,Regular
4049,Customer_4049,Female,38,Kolkata,West Bengal,Gold
4050,Customer_4050,Female,46,Delhi,Delhi,Regular
4051,Customer_4051,Female,49,Hyderabad,Telangana,Regular
4052,Customer_4052,Male,27,Delhi,Delhi,Regular
4053,Customer_4053,Male,30,Mumbai,Maharashtra,Gold
4054,Customer_4054,Female,64,Chennai,Tamil Nadu,Regular
4055,Customer_4055,Male,40,Jaipur,Rajasthan,Gold
4056,Customer_4056,Male,40,Jaipur,Rajasthan,Regular
4057,Customer_4057,Male,48,Bengaluru,Karnataka,Regular
4058,Customer_4058,Male,21,Hyderabad,Telangana,Regular
4059,Customer_4059,Female,20,Lucknow,Uttar Pradesh,Regular
4060,Customer_4060,Male,38,Kolkata,West Bengal,Silver
4061,Customer_4061,Female,19,Lucknow,Uttar Pradesh,Silver
4062,Customer_4062,Male,21,Bengaluru,Karnataka,Regular
4063,Customer_4063,Male,18,Mumbai,Maharashtra,Regular
4064,Customer_4064,Male,32,Kolkata,West Bengal,Silver
4065,Customer_4065,Male,50,Chennai,Tamil Nadu,Gold
4066,Customer_4066,Male,23,Lucknow,Uttar Pradesh,Silver
4067,Customer_4067,Female,24,Chennai,Tamil Nadu,Gold
4068,Customer_4068,Male,36,Lucknow,Uttar Pradesh,Regular
4069,Customer_4069,Male,61,Chennai,Tamil Nadu,Gold
4070,Customer_4070,Male,18,Lucknow,Uttar Pradesh,Regular
4071,Customer_4071,Male,56,Chennai,Tamil Nadu,Regular
4072,Customer_4072,Female,36,Bengaluru,Karnataka,Gold
4073,Customer_4073,Female,62,Pune,Maharashtra,Platinum
4074,Customer_4074,Male,43,Kolkata,West Bengal,Silver
4075,Customer_4075,Male,61,Hyderabad,Telangana,Regular
4076,Customer_4076,Female,29,Mumbai,Maharashtra,Regular
4077,Customer_4077,Male,39,Ahmedabad,Gujarat,Regular
4078,Customer_4078,Female,30,Delhi,Delhi,Gold
4079,Customer_4079,Male,45,Hyderabad,Telangana,Regular
4080,Customer_4080,Female,31,Delhi,Delhi,Gold
4081,Customer_4081,Female,39,Kolkata,West Bengal,Regular
4082,Customer_4082,Female,47,Hyderabad,Telangana,Gold
4083,Customer_4083,Male,61,Chennai,Tamil Nadu,Gold
4084,Customer_4084,Male,37,Chennai,Tamil Nadu,Regular
4085,Customer_4085,Male,61,Ahmedabad,Gujarat,Regular
4086,Customer_4086,Male,44,Delhi,Delhi,Gold
4087,Customer_4087,Male,55,Mumbai,Maharashtra,Regular
4088,Customer_4088,Male,59,Kolkata,West Bengal,Silver
4089,Customer_4089,Female,58,Chennai,Tamil Nadu,Silver
4090,Customer_4090,Female,51,Pune,Maharashtra,Regular
4091,Customer_4091,Male,56,Bengaluru,Karnataka,Gold
4092,Customer_4092,Male,58,Bengaluru,Karnataka,Regular
4093,Customer_4093,Other,61,Lucknow,Uttar Pradesh,Platinum
4094,Customer_4094,Male,54,Mumbai,Maharashtra,Regular
4095,Customer_4095,Female,18,Bengaluru,Karnataka,Silver
4096,Customer_4096,Male,32,Lucknow,Uttar Pradesh,Regular
4097,Customer_4097,Male,49,Delhi,Delhi,Regular
4098,Customer_4098,Male,25,Chennai,Tamil Nadu,Regular
4099,Customer_4099,Male,50,Chennai,Tamil Nadu,Silver
4100,Customer_4100,Female,35,Pune,Maharashtra,Silver
4101,Customer_4101,Female,62,Hyderabad,Telangana,Gold
4102,Customer_4102,Male,46,Bengaluru,Karnataka,Regular
4103,Customer_4103,Female,49,Delhi,Delhi,Silver
4104,Customer_4104,Male,50,Jaipur,Rajasthan,Silver
4105,Customer_4105,Other,22,Bengaluru,Karnataka,Regular
4106,Customer_4106,Other,35,Mumbai,Maharashtra,Regular
4107,Customer_4107,Male,65,Hyderabad,Telangana,Regular
4108,Customer_4108,Male,27,Bengaluru,Karnataka,Regular
4109,Customer_4109,Male,53,Delhi,Delhi,Regular
4110,Customer_4110,Female,50,Bengaluru,Karnataka,Silver
4111,Customer_4111,Female,40,Mumbai,Maharashtra,Regular
4112,Customer_4112,Female,57,Jaipur,Rajasthan,Silver
4113,Customer_4113,Female,22,Kolkata,West Bengal,Platinum
4114,Customer_4114,Male,51,Ahmedabad,Gujarat,Silver
4115,Customer_4115,Male,41,Jaipur,Rajasthan,Silver
4116,Customer_4116,Female,34,Lucknow,Uttar Pradesh,Regular
4117,Customer_4117,Male,48,Bengaluru,Karnataka,Gold
4118,Customer_4118,Female,24,Chennai,Tamil Nadu,Regular
4119,Customer_4119,Male,34,Pune,Maharashtra,Silver
4120,Customer_4120,Male,45,Chennai,Tamil Nadu,Platinum
4121,Customer_4121,Male,55,Jaipur,Rajasthan,Silver
4122,Customer_4122,Female,39,Chennai,Tamil Nadu,Silver
4123,Customer_4123,Male,32,Delhi,Delhi,Regular
4124,Customer_4124,Female,54,Chennai,Tamil Nadu,Regular
4125,Customer_4125,Male,32,Hyderabad,Telangana,Gold
4126,Customer_4126,Female,42,Kolkata,West Bengal,Regular
4127,Customer_4127,Female,38,Bengaluru,Karnataka,Silver
4128,Customer_4128,Male,55,Chennai,Tamil Nadu,Regular
4129,Customer_4129,Female,19,Mumbai,Maharashtra,Gold
4130,Customer_4130,Male,44,Kolkata,West Bengal,Regular
4131,Customer_4131,Male,49,Kolkata,West Bengal,Regular
4132,Customer_4132,Male,38,Chennai,Tamil Nadu,Silver
4133,Customer_4133,Female,21,Kolkata,West Bengal,Regular
4134,Customer_4134,Female,61,Pune,Maharashtra,Regular
4135,Customer_4135,Female,36,Chennai,Tamil Nadu,Regular
4136,Customer_4136,Female,19,Delhi,Delhi,Regular
4137,Customer_4137,Female,43,Jaipur,Rajasthan,Regular
4138,Customer_4138,Male,51,Hyderabad,Telangana,Regular
4139,Customer_4139,Female,31,Ahmedabad,Gujarat,Silver
4140,Customer_4140,Male,32,Lucknow,Uttar Pradesh,Regular
4141,Customer_4141,Other,37,Kolkata,West Bengal,Platinum
4142,Customer_4142,Female,51,Delhi,Delhi,Regular
4143,Customer_4143,Female,53,Bengaluru,Karnataka,Regular
4144,Customer_4144,Female,36,Bengaluru,Karnataka,Regular
4145,Customer_4145,Male,26,Lucknow,Uttar Pradesh,Gold
4146,Customer_4146,Female,24,Hyderabad,Telangana,Regular
4147,Customer_4147,Male,47,Kolkata,West Bengal,Silver
4148,Customer_4148,Female,30,Pune,Maharashtra,Regular
4149,Customer_4149,Female,44,Lucknow,Uttar Pradesh,Regular
4150,Customer_4150,Female,61,Hyderabad,Telangana,Gold
4151,Customer_4151,Male,52,Kolkata,West Bengal,Regular
4152,Customer_4152,Male,30,Delhi,Delhi,Regular
4153,Customer_4153,Male,32,Jaipur,Rajasthan,Gold
4154,Customer_4154,Female,63,Pune,Maharashtra,Silver
4155,Customer_4155,Male,26,Ahmedabad,Gujarat,Gold
4156,Customer_4156,Male,62,Bengaluru,Karnataka,Silver
4157,Customer_4157,Female,40,Mumbai,Maharashtra,Silver
4158,Customer_4158,Female,53,Delhi,Delhi,Gold
4159,Customer_4159,Male,57,Bengaluru,Karnataka,Regular
4160,Customer_4160,Male,20,Chennai,Tamil Nadu,Gold
4161,Customer_4161,Female,51,Mumbai,Maharashtra,Silver
4162,Customer_4162,Male,36,Bengaluru,Karnataka,Regular
4163,Customer_4163,Female,45,Hyderabad,Telangana,Regular
4164,Customer_4164,Male,40,Pune,Maharashtra,Regular
4165,Customer_4165,Female,57,Bengaluru,Karnataka,Silver
4166,Customer_4166,Male,62,Ahmedabad,Gujarat,Regular
4167,Customer_4167,Male,24,Jaipur,Rajasthan,Platinum
4168,Customer_4168,Female,58,Hyderabad,Telangana,Regular
4169,Customer_4169,Female,29,Delhi,Delhi,Silver
4170,Customer_4170,Male,31,Delhi,Delhi,Regular
4171,Customer_4171,Female,63,Delhi,Delhi,Silver
4172,Customer_4172,Male,32,Delhi,Delhi,Silver
4173,Customer_4173,Female,20,Jaipur,Rajasthan,Silver
4174,Customer_4174,Female,32,Bengaluru,Karnataka,Gold
4175,Customer_4175,Male,41,Kolkata,West Bengal,Gold
4176,Customer_4176,Female,63,Bengaluru,Karnataka,Regular
4177,Customer_4177,Male,25,Chennai,Tamil Nadu,Regular
4178,Customer_4178,Male,22,Pune,Maharashtra,Silver
4179,Customer_4179,Female,21,Mumbai,Maharashtra,Regular
4180,Customer_4180,Female,31,Kolkata,West Bengal,Regular
4181,Customer_4181,Male,33,Kolkata,West Bengal,Silver
4182,Customer_4182,Male,37,Bengaluru,Karnataka,Regular
4183,Customer_4183,Male,41,Kolkata,West Bengal,Regular
4184,Customer_4184,Other,23,Lucknow,Uttar Pradesh,Gold
4185,Customer_4185,Male,48,Lucknow,Uttar Pradesh,Regular
4186,Customer_4186,Male,23,Chennai,Tamil Nadu,Regular
4187,Customer_4187,Male,52,Mumbai,Maharashtra,Regular
4188,Customer_4188,Male,32,Ahmedabad,Gujarat,Gold
4189,Customer_4189,Male,46,Jaipur,Rajasthan,Platinum
4190,Customer_4190,Male,20,Bengaluru,Karnataka,Silver
4191,Customer_4191,Male,28,Jaipur,Rajasthan,Regular
4192,Customer_4192,Male,20,Ahmedabad,Gujarat,Platinum
4193,Customer_4193,Female,45,Bengaluru,Karnataka,Silver
4194,Customer_4194,Male,27,Bengaluru,Karnataka,Gold
4195,Customer_4195,Female,50,Mumbai,Maharashtra,Silver
4196,Customer_4196,Female,65,Jaipur,Rajasthan,Regular
4197,Customer_4197,Female,33,Lucknow,Uttar Pradesh,Regular
4198,Customer_4198,Female,27,Delhi,Delhi,Regular
4199,Customer_4199,Male,50,Jaipur,Rajasthan,Regular
4200,Customer_4200,Male,53,Pune,Maharashtra,Gold
4201,Customer_4201,Male,20,Pune,Maharashtra,Gold
4202,Customer_4202,Male,22,Bengaluru,Karnataka,Silver
4203,Customer_4203,Female,29,Delhi,Delhi,Regular
4204,Customer_4204,Female,61,Hyderabad,Telangana,Regular
4205,Customer_4205,Female,30,Ahmedabad,Gujarat,Regular
4206,Customer_4206,Male,41,Chennai,Tamil Nadu,Regular
4207,Customer_4207,Female,61,Delhi,Delhi,Regular
4208,Customer_4208,Male,49,Chennai,Tamil Nadu,Silver
4209,Customer_4209,Male,33,Jaipur,Rajasthan,Regular
4210,Customer_4210,Male,49,Jaipur,Rajasthan,Platinum
4211,Customer_4211,Female,62,Chennai,Tamil Nadu,Regular
4212,Customer_4212,Male,54,Ahmedabad,Gujarat,Gold
4213,Customer_4213,Female,53,Delhi,Delhi,Regular
4214,Customer_4214,Female,38,Hyderabad,Telangana,Regular
4215,Customer_4215,Female,64,Bengaluru,Karnataka,Gold
4216,Customer_4216,Male,29,Mumbai,Maharashtra,Silver
4217,Customer_4217,Female,38,Jaipur,Rajasthan,Regular
4218,Customer_4218,Female,38,Pune,Maharashtra,Regular
4219,Customer_4219,Male,60,Ahmedabad,Gujarat,Regular
4220,Customer_4220,Male,23,Mumbai,Maharashtra,Silver
4221,Customer_4221,Male,26,Hyderabad,Telangana,Gold
4222,Customer_4222,Male,18,Kolkata,West Bengal,Regular
4223,Customer_4223,Female,29,Bengaluru,Karnataka,Regular
4224,Customer_4224,Female,31,Jaipur,Rajasthan,Gold
4225,Customer_4225,Male,23,Bengaluru,Karnataka,Regular
4226,Customer_4226,Female,18,Mumbai,Maharashtra,Silver
4227,Customer_4227,Female,39,Bengaluru,Karnataka,Regular
4228,Customer_4228,Male,51,Kolkata,West Bengal,Silver
4229,Customer_4229,Female,28,Mumbai,Maharashtra,Regular
4230,Customer_4230,Female,20,Jaipur,Rajasthan,Regular
4231,Customer_4231,Female,59,Delhi,Delhi,Regular
4232,Customer_4232,Male,23,Pune,Maharashtra,Silver
4233,Customer_4233,Female,23,Mumbai,Maharashtra,Silver
4234,Customer_4234,Male,37,Lucknow,Uttar Pradesh,Silver
4235,Customer_4235,Female,38,Kolkata,West Bengal,Silver
4236,Customer_4236,Male,19,Mumbai,Maharashtra,Regular
4237,Customer_4237,Female,43,Mumbai,Maharashtra,Regular
4238,Customer_4238,Male,48,Lucknow,Uttar Pradesh,Gold
4239,Customer_4239,Male,43,Jaipur,Rajasthan,Regular
4240,Customer_4240,Female,49,Mumbai,Maharashtra,Regular
4241,Customer_4241,Male,27,Pune,Maharashtra,Regular
4242,Customer_4242,Female,40,Bengaluru,Karnataka,Regular
4243,Customer_4243,Female,23,Jaipur,Rajasthan,Regular
4244,Customer_4244,Female,40,Pune,Maharashtra,Gold
4245,Customer_4245,Male,45,Jaipur,Rajasthan,Gold
4246,Customer_4246,Female,47,Pune,Maharashtra,Gold
4247,Customer_4247,Female,31,Kolkata,West Bengal,Gold
4248,Customer_4248,Female,54,Pune,Maharashtra,Gold
4249,Customer_4249,Male,49,Chennai,Tamil Nadu,Regular
4250,Customer_4250,Male,51,Pune,Maharashtra,Regular
4251,Customer_4251,Female,58,Delhi,Delhi,Gold
4252,Customer_4252,Male,61,Delhi,Delhi,Regular
4253,Customer_4253,Male,39,Ahmedabad,Gujarat,Regular
4254,Customer_4254,Male,48,Chennai,Tamil Nadu,Regular
4255,Customer_4255,Female,24,Chennai,Tamil Nadu,Regular
4256,Customer_4256,Female,58,Bengaluru,Karnataka,Regular
4257,Customer_4257,Female,38,Chennai,Tamil Nadu,Regular
4258,Customer_4258,Male,33,Bengaluru,Karnataka,Regular
4259,Customer_4259,Male,37,Ahmedabad,Gujarat,Gold
4260,Customer_4260,Other,60,Ahmedabad,Gujarat,Silver
4261,Customer_4261,Other,61,Kolkata,West Bengal,Gold
4262,Customer_4262,Female,64,Delhi,Delhi,Regular
4263,Customer_4263,Female,36,Pune,Maharashtra,Regular
4264,Customer_4264,Male,65,Pune,Maharashtra,Silver
4265,Customer_4265,Female,49,Lucknow,Uttar Pradesh,Regular
4266,Customer_4266,Male,32,Lucknow,Uttar Pradesh,Silver
4267,Customer_4267,Male,22,Hyderabad,Telangana,Gold
4268,Customer_4268,Female,28,Jaipur,Rajasthan,Silver
4269,Customer_4269,Male,32,Kolkata,West Bengal,Platinum
4270,Customer_4270,Male,46,Hyderabad,Telangana,Regular
4271,Customer_4271,Male,62,Hyderabad,Telangana,Regular
4272,Customer_4272,Male,21,Mumbai,Maharashtra,Silver
4273,Customer_4273,Female,53,Mumbai,Maharashtra,Regular
4274,Customer_4274,Male,65,Hyderabad,Telangana,Regular
4275,Customer_4275,Male,40,Chennai,Tamil Nadu,Regular
4276,Customer_4276,Male,32,Jaipur,Rajasthan,Regular
4277,Customer_4277,Male,63,Kolkata,West Bengal,Regular
4278,Customer_4278,Male,61,Hyderabad,Telangana,Regular
4279,Customer_4279,Female,20,Pune,Maharashtra,Silver
4280,Customer_4280,Male,49,Jaipur,Rajasthan,Silver
4281,Customer_4281,Female,27,Mumbai,Maharashtra,Silver
4282,Customer_4282,Other,57,Pune,Maharashtra,Silver
4283,Customer_4283,Female,55,Mumbai,Maharashtra,Regular
4284,Customer_4284,Male,39,Mumbai,Maharashtra,Regular
4285,Customer_4285,Male,31,Jaipur,Rajasthan,Regular
4286,Customer_4286,Female,34,Mumbai,Maharashtra,Gold
4287,Customer_4287,Female,38,Ahmedabad,Gujarat,Silver
4288,Customer_4288,Female,65,Delhi,Delhi,Regular
4289,Customer_4289,Female,32,Ahmedabad,Gujarat,Regular
4290,Customer_4290,Female,32,Delhi,Delhi,Platinum
4291,Customer_4291,Female,18,Lucknow,Uttar Pradesh,Silver
4292,Customer_4292,Female,41,Lucknow,Uttar Pradesh,Gold
4293,Customer_4293,Male,29,Mumbai,Maharashtra,Regular
4294,Customer_4294,Female,27,Kolkata,West Bengal,Regular
4295,Customer_4295,Female,63,Kolkata,West Bengal,Gold
4296,Customer_4296,Male,59,Delhi,Delhi,Silver
4297,Customer_4297,Female,59,Pune,Maharashtra,Silver
4298,Customer_4298,Female,48,Jaipur,Rajasthan,Silver
4299,Customer_4299,Female,28,Mumbai,Maharashtra,Silver
4300,Customer_4300,Female,33,Jaipur,Rajasthan,Silver
4301,Customer_4301,Male,26,Ahmedabad,Gujarat,Regular
4302,Customer_4302,Female,64,Kolkata,West Bengal,Regular
4303,Customer_4303,Female,31,Chennai,Tamil Nadu,Gold
4304,Customer_4304,Female,36,Ahmedabad,Gujarat,Regular
4305,Customer_4305,Male,48,Ahmedabad,Gujarat,Regular
4306,Customer_4306,Male,26,Delhi,Delhi,Silver
4307,Customer_4307,Female,53,Bengaluru,Karnataka,Platinum
4308,Customer_4308,Male,56,Ahmedabad,Gujarat,Regular
4309,Customer_4309,Male,43,Mumbai,Maharashtra,Regular
4310,Customer_4310,Female,25,Hyderabad,Telangana,Gold
4311,Customer_4311,Male,41,Hyderabad,Telangana,Gold
4312,Customer_4312,Male,25,Mumbai,Maharashtra,Silver
4313,Customer_4313,Male,36,Bengaluru,Karnataka,Regular
4314,Customer_4314,Male,64,Bengaluru,Karnataka,Regular
4315,Customer_4315,Female,65,Delhi,Delhi,Silver
4316,Customer_4316,Male,47,Kolkata,West Bengal,Gold
4317,Customer_4317,Male,39,Jaipur,Rajasthan,Gold
4318,Customer_4318,Female,26,Bengaluru,Karnataka,Regular
4319,Customer_4319,Female,61,Chennai,Tamil Nadu,Regular
4320,Customer_4320,Female,65,Delhi,Delhi,Regular
4321,Customer_4321,Male,21,Lucknow,Uttar Pradesh,Platinum
4322,Customer_4322,Male,54,Pune,Maharashtra,Silver
4323,Customer_4323,Female,25,Lucknow,Uttar Pradesh,Regular
4324,Customer_4324,Male,18,Delhi,Delhi,Regular
4325,Customer_4325,Female,45,Ahmedabad,Gujarat,Silver
4326,Customer_4326,Male,23,Jaipur,Rajasthan,Regular
4327,Customer_4327,Male,64,Pune,Maharashtra,Gold
4328,Customer_4328,Female,53,Lucknow,Uttar Pradesh,Silver
4329,Customer_4329,Female,28,Pune,Maharashtra,Regular
4330,Customer_4330,Female,22,Chennai,Tamil Nadu,Regular
4331,Customer_4331,Male,41,Chennai,Tamil Nadu,Gold
4332,Customer_4332,Male,64,Chennai,Tamil Nadu,Regular
4333,Customer_4333,Female,35,Delhi,Delhi,Regular
4334,Customer_4334,Female,37,Jaipur,Rajasthan,Platinum
4335,Customer_4335,Male,45,Delhi,Delhi,Gold
4336,Customer_4336,Male,30,Hyderabad,Telangana,Gold
4337,Customer_4337,Male,22,Ahmedabad,Gujarat,Regular
4338,Customer_4338,Other,47,Ahmedabad,Gujarat,Regular
4339,Customer_4339,Female,18,Chennai,Tamil Nadu,Regular
4340,Customer_4340,Female,39,Hyderabad,Telangana,Regular
4341,Customer_4341,Male,35,Bengaluru,Karnataka,Gold
4342,Customer_4342,Female,63,Bengaluru,Karnataka,Regular
4343,Customer_4343,Male,22,Chennai,Tamil Nadu,Silver
4344,Customer_4344,Male,48,Lucknow,Uttar Pradesh,Regular
4345,Customer_4345,Female,23,Delhi,Delhi,Regular
4346,Customer_4346,Male,44,Chennai,Tamil Nadu,Platinum
4347,Customer_4347,Male,42,Kolkata,West Bengal,Regular
4348,Customer_4348,Male,46,Pune,Maharashtra,Regular
4349,Customer_4349,Male,45,Ahmedabad,Gujarat,Regular
4350,Customer_4350,Female,33,Bengaluru,Karnataka,Regular
4351,Customer_4351,Female,29,Mumbai,Maharashtra,Regular
4352,Customer_4352,Female,37,Bengaluru,Karnataka,Regular
4353,Customer_4353,Female,35,Ahmedabad,Gujarat,Silver
4354,Customer_4354,Female,51,Pune,Maharashtra,Gold
4355,Customer_4355,Male,40,Ahmedabad,Gujarat,Regular
4356,Customer_4356,Male,62,Mumbai,Maharashtra,Regular
4357,Customer_4357,Other,44,Chennai,Tamil Nadu,Silver
4358,Customer_4358,Male,34,Hyderabad,Telangana,Regular
4359,Customer_4359,Female,65,Mumbai,Maharashtra,Silver
4360,Customer_4360,Male,38,Ahmedabad,Gujarat,Silver
4361,Customer_4361,Female,57,Ahmedabad,Gujarat,Regular
4362,Customer_4362,Female,48,Kolkata,West Bengal,Gold
4363,Customer_4363,Male,20,Kolkata,West Bengal,Gold
4364,Customer_4364,Male,34,Jaipur,Rajasthan,Gold
4365,Customer_4365,Female,43,Kolkata,West Bengal,Regular
4366,Customer_4366,Male,40,Delhi,Delhi,Silver
4367,Customer_4367,Male,23,Hyderabad,Telangana,Gold
4368,Customer_4368,Female,45,Pune,Maharashtra,Regular
4369,Customer_4369,Male,25,Mumbai,Maharashtra,Gold
4370,Customer_4370,Female,62,Ahmedabad,Gujarat,Regular
4371,Customer_4371,Male,25,Jaipur,Rajasthan,Regular
4372,Customer_4372,Male,36,Jaipur,Rajasthan,Silver
4373,Customer_4373,Female,55,Pune,Maharashtra,Silver
4374,Customer_4374,Male,46,Hyderabad,Telangana,Gold
4375,Customer_4375,Male,40,Mumbai,Maharashtra,Platinum
4376,Customer_4376,Male,64,Bengaluru,Karnataka,Regular
4377,Customer_4377,Male,49,Kolkata,West Bengal,Regular
4378,Customer_4378,Male,27,Chennai,Tamil Nadu,Gold
4379,Customer_4379,Male,44,Jaipur,Rajasthan,Regular
4380,Customer_4380,Male,18,Kolkata,West Bengal,Silver
4381,Customer_4381,Male,56,Kolkata,West Bengal,Regular
4382,Customer_4382,Female,46,Delhi,Delhi,Regular
4383,Customer_4383,Female,62,Hyderabad,Telangana,Regular
4384,Customer_4384,Male,20,Chennai,Tamil Nadu,Regular
4385,Customer_4385,Female,64,Bengaluru,Karnataka,Gold
4386,Customer_4386,Female,54,Ahmedabad,Gujarat,Silver
4387,Customer_4387,Female,48,Delhi,Delhi,Silver
4388,Customer_4388,Female,28,Kolkata,West Bengal,Regular
4389,Customer_4389,Male,39,Kolkata,West Bengal,Regular
4390,Customer_4390,Female,35,Lucknow,Uttar Pradesh,Regular
4391,Customer_4391,Male,52,Chennai,Tamil Nadu,Regular
4392,Customer_4392,Male,23,Chennai,Tamil Nadu,Regular
4393,Customer_4393,Female,20,Lucknow,Uttar Pradesh,Regular
4394,Customer_4394,Male,22,Chennai,Tamil Nadu,Regular
4395,Customer_4395,Male,26,Kolkata,West Bengal,Regular
4396,Customer_4396,Female,45,Jaipur,Rajasthan,Regular
4397,Customer_4397,Female,36,Mumbai,Maharashtra,Silver
4398,Customer_4398,Female,45,Kolkata,West Bengal,Regular
4399,Customer_4399,Female,44,Delhi,Delhi,Regular
4400,Customer_4400,Male,30,Hyderabad,Telangana,Platinum
4401,Customer_4401,Male,55,Lucknow,Uttar Pradesh,Regular
4402,Customer_4402,Female,60,Bengaluru,Karnataka,Gold
4403,Customer_4403,Male,38,Ahmedabad,Gujarat,Regular
4404,Customer_4404,Female,44,Bengaluru,Karnataka,Gold
4405,Customer_4405,Male,63,Kolkata,West Bengal,Regular
4406,Customer_4406,Male,23,Delhi,Delhi,Silver
4407,Customer_4407,Male,55,Kolkata,West Bengal,Regular
4408,Customer_4408,Female,28,Hyderabad,Telangana,Silver
4409,Customer_4409,Male,64,Jaipur,Rajasthan,Regular
4410,Customer_4410,Male,58,Ahmedabad,Gujarat,Regular
4411,Customer_4411,Male,34,Hyderabad,Telangana,Silver
4412,Customer_4412,Male,56,Lucknow,Uttar Pradesh,Regular
4413,Customer_4413,Male,24,Lucknow,Uttar Pradesh,Gold
4414,Customer_4414,Male,47,Kolkata,West Bengal,Regular
4415,Customer_4415,Male,38,Delhi,Delhi,Regular
4416,Customer_4416,Male,18,Hyderabad,Telangana,Silver
4417,Customer_4417,Male,42,Pune,Maharashtra,Regular
4418,Customer_4418,Female,49,Delhi,Delhi,Regular
4419,Customer_4419,Female,25,Jaipur,Rajasthan,Silver
4420,Customer_4420,Male,22,Lucknow,Uttar Pradesh,Gold
4421,Customer_4421,Male,47,Kolkata,West Bengal,Gold
4422,Customer_4422,Male,25,Chennai,Tamil Nadu,Regular
4423,Customer_4423,Female,36,Lucknow,Uttar Pradesh,Regular
4424,Customer_4424,Male,61,Ahmedabad,Gujarat,Regular
4425,Customer_4425,Male,47,Mumbai,Maharashtra,Regular
4426,Customer_4426,Female,32,Chennai,Tamil Nadu,Silver
4427,Customer_4427,Male,53,Kolkata,West Bengal,Regular
4428,Customer_4428,Female,61,Pune,Maharashtra,Regular
4429,Customer_4429,Female,44,Chennai,Tamil Nadu,Regular
4430,Customer_4430,Female,30,Ahmedabad,Gujarat,Silver
4431,Customer_4431,Male,31,Delhi,Delhi,Gold
4432,Customer_4432,Female,54,Pune,Maharashtra,Silver
4433,Customer_4433,Female,65,Lucknow,Uttar Pradesh,Regular
4434,Customer_4434,Male,47,Pune,Maharashtra,Gold
4435,Customer_4435,Male,56,Hyderabad,Telangana,Silver
4436,Customer_4436,Male,64,Ahmedabad,Gujarat,Regular
4437,Customer_4437,Female,30,Chennai,Tamil Nadu,Regular
4438,Customer_4438,Female,33,Hyderabad,Telangana,Regular
4439,Customer_4439,Female,61,Pune,Maharashtra,Regular
4440,Customer_4440,Female,24,Hyderabad,Telangana,Gold
4441,Customer_4441,Male,65,Bengaluru,Karnataka,Regular
4442,Customer_4442,Male,44,Ahmedabad,Gujarat,Regular
4443,Customer_4443,Female,62,Jaipur,Rajasthan,Gold
4444,Customer_4444,Female,52,Delhi,Delhi,Gold
4445,Customer_4445,Male,32,Pune,Maharashtra,Silver
4446,Customer_4446,Female,45,Ahmedabad,Gujarat,Regular
4447,Customer_4447,Female,52,Jaipur,Rajasthan,Regular
4448,Customer_4448,Female,24,Jaipur,Rajasthan,Regular
4449,Customer_4449,Female,63,Kolkata,West Bengal,Regular
4450,Customer_4450,Female,63,Hyderabad,Telangana,Regular
4451,Customer_4451,Male,37,Jaipur,Rajasthan,Silver
4452,Customer_4452,Female,49,Bengaluru,Karnataka,Regular
4453,Customer_4453,Male,55,Ahmedabad,Gujarat,Regular
4454,Customer_4454,Female,57,Mumbai,Maharashtra,Regular
4455,Customer_4455,Male,49,Mumbai,Maharashtra,Silver
4456,Customer_4456,Female,43,Pune,Maharashtra,Silver
4457,Customer_4457,Male,56,Lucknow,Uttar Pradesh,Silver
4458,Customer_4458,Male,37,Hyderabad,Telangana,Regular
4459,Customer_4459,Male,35,Lucknow,Uttar Pradesh,Regular
4460,Customer_4460,Other,32,Jaipur,Rajasthan,Regular
4461,Customer_4461,Female,39,Ahmedabad,Gujarat,Regular
4462,Customer_4462,Male,39,Pune,Maharashtra,Gold
4463,Customer_4463,Other,38,Chennai,Tamil Nadu,Platinum
4464,Customer_4464,Female,19,Jaipur,Rajasthan,Silver
4465,Customer_4465,Female,57,Hyderabad,Telangana,Gold
4466,Customer_4466,Male,60,Mumbai,Maharashtra,Silver
4467,Customer_4467,Female,35,Kolkata,West Bengal,Regular
4468,Customer_4468,Female,40,Ahmedabad,Gujarat,Platinum
4469,Customer_4469,Female,30,Delhi,Delhi,Regular
4470,Customer_4470,Female,58,Lucknow,Uttar Pradesh,Silver
4471,Customer_4471,Female,26,Pune,Maharashtra,Regular
4472,Customer_4472,Female,24,Lucknow,Uttar Pradesh,Regular
4473,Customer_4473,Male,58,Ahmedabad,Gujarat,Silver
4474,Customer_4474,Male,18,Lucknow,Uttar Pradesh,Regular
4475,Customer_4475,Male,19,Ahmedabad,Gujarat,Regular
4476,Customer_4476,Male,21,Lucknow,Uttar Pradesh,Regular
4477,Customer_4477,Female,31,Bengaluru,Karnataka,Regular
4478,Customer_4478,Female,49,Chennai,Tamil Nadu,Platinum
4479,Customer_4479,Female,53,Jaipur,Rajasthan,Gold
4480,Customer_4480,Male,19,Jaipur,Rajasthan,Regular
4481,Customer_4481,Female,57,Hyderabad,Telangana,Regular
4482,Customer_4482,Male,31,Delhi,Delhi,Gold
4483,Customer_4483,Male,37,Delhi,Delhi,Regular
4484,Customer_4484,Male,42,Hyderabad,Telangana,Regular
4485,Customer_4485,Female,59,Kolkata,West Bengal,Regular
4486,Customer_4486,Male,25,Jaipur,Rajasthan,Gold
4487,Customer_4487,Female,45,Kolkata,West Bengal,Regular
4488,Customer_4488,Male,63,Ahmedabad,Gujarat,Regular
4489,Customer_4489,Female,38,Ahmedabad,Gujarat,Regular
4490,Customer_4490,Female,40,Mumbai,Maharashtra,Regular
4491,Customer_4491,Female,49,Lucknow,Uttar Pradesh,Silver
4492,Customer_4492,Female,25,Delhi,Delhi,Regular
4493,Customer_4493,Female,48,Mumbai,Maharashtra,Regular
4494,Customer_4494,Female,54,Chennai,Tamil Nadu,Regular
4495,Customer_4495,Female,33,Hyderabad,Telangana,Regular
4496,Customer_4496,Male,57,Hyderabad,Telangana,Gold
4497,Customer_4497,Male,59,Ahmedabad,Gujarat,Gold
4498,Customer_4498,Male,44,Jaipur,Rajasthan,Regular
4499,Customer_4499,Female,57,Kolkata,West Bengal,Regular
4500,Customer_4500,Male,58,Delhi,Delhi,Regular
4501,Customer_4501,Female,35,Mumbai,Maharashtra,Silver
4502,Customer_4502,Female,52,Kolkata,West Bengal,Silver
4503,Customer_4503,Male,32,Mumbai,Maharashtra,Regular
4504,Customer_4504,Male,44,Lucknow,Uttar Pradesh,Silver
4505,Customer_4505,Female,34,Chennai,Tamil Nadu,Silver
4506,Customer_4506,Male,57,Chennai,Tamil Nadu,Platinum
4507,Customer_4507,Female,19,Kolkata,West Bengal,Regular
4508,Customer_4508,Male,48,Kolkata,West Bengal,Regular
4509,Customer_4509,Female,54,Kolkata,West Bengal,Regular
4510,Customer_4510,Male,58,Mumbai,Maharashtra,Gold
4511,Customer_4511,Female,58,Lucknow,Uttar Pradesh,Gold
4512,Customer_4512,Female,51,Bengaluru,Karnataka,Silver
4513,Customer_4513,Male,51,Kolkata,West Bengal,Regular
4514,Customer_4514,Male,20,Jaipur,Rajasthan,Regular
4515,Customer_4515,Male,34,Delhi,Delhi,Regular
4516,Customer_4516,Female,31,Delhi,Delhi,Silver
4517,Customer_4517,Female,31,Mumbai,Maharashtra,Regular
4518,Customer_4518,Male,63,Kolkata,West Bengal,Regular
4519,Customer_4519,Male,55,Ahmedabad,Gujarat,Silver
4520,Customer_4520,Female,52,Hyderabad,Telangana,Regular
4521,Customer_4521,Female,18,Bengaluru,Karnataka,Regular
4522,Customer_4522,Female,65,Jaipur,Rajasthan,Regular
4523,Customer_4523,Male,46,Lucknow,Uttar Pradesh,Gold
4524,Customer_4524,Female,21,Ahmedabad,Gujarat,Silver
4525,Customer_4525,Female,50,Chennai,Tamil Nadu,Gold
4526,Customer_4526,Female,34,Ahmedabad,Gujarat,Regular
4527,Customer_4527,Female,45,Mumbai,Maharashtra,Platinum
4528,Customer_4528,Female,43,Bengaluru,Karnataka,Gold
4529,Customer_4529,Female,25,Pune,Maharashtra,Silver
4530,Customer_4530,Male,51,Pune,Maharashtra,Platinum
4531,Customer_4531,Female,35,Kolkata,West Bengal,Regular
4532,Customer_4532,Male,48,Kolkata,West Bengal,Regular
4533,Customer_4533,Male,44,Mumbai,Maharashtra,Regular
4534,Customer_4534,Male,33,Lucknow,Uttar Pradesh,Silver
4535,Customer_4535,Female,27,Kolkata,West Bengal,Silver
4536,Customer_4536,Male,57,Hyderabad,Telangana,Gold
4537,Customer_4537,Male,29,Bengaluru,Karnataka,Regular
4538,Customer_4538,Male,39,Mumbai,Maharashtra,Regular
4539,Customer_4539,Male,33,Delhi,Delhi,Regular
4540,Customer_4540,Male,29,Chennai,Tamil Nadu,Silver
4541,Customer_4541,Female,28,Mumbai,Maharashtra,Regular
4542,Customer_4542,Female,37,Mumbai,Maharashtra,Gold
4543,Customer_4543,Male,18,Pune,Maharashtra,Regular
4544,Customer_4544,Female,44,Jaipur,Rajasthan,Regular
4545,Customer_4545,Female,20,Lucknow,Uttar Pradesh,Gold
4546,Customer_4546,Male,29,Jaipur,Rajasthan,Regular
4547,Customer_4547,Female,47,Hyderabad,Telangana,Regular
4548,Customer_4548,Female,26,Delhi,Delhi,Regular
4549,Customer_4549,Male,54,Pune,Maharashtra,Regular
4550,Customer_4550,Male,18,Delhi,Delhi,Platinum
4551,Customer_4551,Female,59,Hyderabad,Telangana,Silver
4552,Customer_4552,Female,21,Jaipur,Rajasthan,Regular
4553,Customer_4553,Male,32,Mumbai,Maharashtra,Silver
4554,Customer_4554,Female,44,Kolkata,West Bengal,Regular
4555,Customer_4555,Male,25,Kolkata,West Bengal,Gold
4556,Customer_4556,Female,40,Ahmedabad,Gujarat,Gold
4557,Customer_4557,Female,32,Chennai,Tamil Nadu,Gold
4558,Customer_4558,Male,44,Lucknow,Uttar Pradesh,Regular
4559,Customer_4559,Female,48,Hyderabad,Telangana,Regular
4560,Customer_4560,Female,56,Chennai,Tamil Nadu,Regular
4561,Customer_4561,Male,64,Lucknow,Uttar Pradesh,Silver
4562,Customer_4562,Female,25,Chennai,Tamil Nadu,Regular
4563,Customer_4563,Female,47,Jaipur,Rajasthan,Regular
4564,Customer_4564,Male,59,Lucknow,Uttar Pradesh,Gold
4565,Customer_4565,Female,35,Jaipur,Rajasthan,Regular
4566,Customer_4566,Male,21,Mumbai,Maharashtra,Regular
4567,Customer_4567,Male,64,Pune,Maharashtra,Regular
4568,Customer_4568,Male,60,Jaipur,Rajasthan,Regular
4569,Customer_4569,Male,39,Kolkata,West Bengal,Regular
4570,Customer_4570,Female,20,Chennai,Tamil Nadu,Regular
4571,Customer_4571,Male,32,Ahmedabad,Gujarat,Regular
4572,Customer_4572,Female,52,Bengaluru,Karnataka,Regular
4573,Customer_4573,Male,64,Lucknow,Uttar Pradesh,Silver
4574,Customer_4574,Female,55,Hyderabad,Telangana,Regular
4575,Customer_4575,Female,50,Ahmedabad,Gujarat,Silver
4576,Customer_4576,Female,31,Kolkata,West Bengal,Regular
4577,Customer_4577,Male,65,Jaipur,Rajasthan,Regular
4578,Customer_4578,Male,18,Pune,Maharashtra,Platinum
4579,Customer_4579,Male,43,Mumbai,Maharashtra,Regular
4580,Customer_4580,Female,25,Bengaluru,Karnataka,Regular
4581,Customer_4581,Male,33,Delhi,Delhi,Gold
4582,Customer_4582,Female,55,Ahmedabad,Gujarat,Silver
4583,Customer_4583,Female,27,Pune,Maharashtra,Regular
4584,Customer_4584,Male,59,Delhi,Delhi,Regular
4585,Customer_4585,Female,54,Bengaluru,Karnataka,Silver
4586,Customer_4586,Female,43,Hyderabad,Telangana,Gold
4587,Customer_4587,Female,45,Hyderabad,Telangana,Regular
4588,Customer_4588,Male,29,Chennai,Tamil Nadu,Regular
4589,Customer_4589,Male,37,Bengaluru,Karnataka,Regular
4590,Customer_4590,Male,31,Bengaluru,Karnataka,Regular
4591,Customer_4591,Female,63,Delhi,Delhi,Regular
4592,Customer_4592,Female,52,Pune,Maharashtra,Regular
4593,Customer_4593,Male,46,Lucknow,Uttar Pradesh,Regular
4594,Customer_4594,Female,29,Delhi,Delhi,Regular
4595,Customer_4595,Male,35,Mumbai,Maharashtra,Platinum
4596,Customer_4596,Female,61,Hyderabad,Telangana,Regular
4597,Customer_4597,Other,19,Hyderabad,Telangana,Regular
4598,Customer_4598,Female,19,Chennai,Tamil Nadu,Regular
4599,Customer_4599,Female,34,Mumbai,Maharashtra,Platinum
4600,Customer_4600,Male,27,Hyderabad,Telangana,Silver
4601,Customer_4601,Male,35,Delhi,Delhi,Gold
4602,Customer_4602,Female,39,Mumbai,Maharashtra,Regular
4603,Customer_4603,Male,36,Delhi,Delhi,Gold
4604,Customer_4604,Male,18,Lucknow,Uttar Pradesh,Regular
4605,Customer_4605,Female,41,Lucknow,Uttar Pradesh,Regular
4606,Customer_4606,Male,53,Hyderabad,Telangana,Silver
4607,Customer_4607,Female,42,Hyderabad,Telangana,Gold
4608,Customer_4608,Female,53,Pune,Maharashtra,Gold
4609,Customer_4609,Female,48,Lucknow,Uttar Pradesh,Gold
4610,Customer_4610,Female,48,Ahmedabad,Gujarat,Gold
4611,Customer_4611,Female,19,Ahmedabad,Gujarat,Regular
4612,Customer_4612,Female,36,Chennai,Tamil Nadu,Regular
4613,Customer_4613,Female,29,Lucknow,Uttar Pradesh,Regular
4614,Customer_4614,Male,27,Delhi,Delhi,Gold
4615,Customer_4615,Female,48,Delhi,Delhi,Regular
4616,Customer_4616,Female,62,Kolkata,West Bengal,Gold
4617,Customer_4617,Male,39,Mumbai,Maharashtra,Regular
4618,Customer_4618,Male,40,Jaipur,Rajasthan,Regular
4619,Customer_4619,Female,40,Ahmedabad,Gujarat,Regular
4620,Customer_4620,Male,32,Hyderabad,Telangana,Regular
4621,Customer_4621,Female,43,Chennai,Tamil Nadu,Gold
4622,Customer_4622,Female,20,Jaipur,Rajasthan,Regular
4623,Customer_4623,Male,40,Bengaluru,Karnataka,Regular
4624,Customer_4624,Female,37,Chennai,Tamil Nadu,Regular
4625,Customer_4625,Male,62,Bengaluru,Karnataka,Regular
4626,Customer_4626,Female,57,Lucknow,Uttar Pradesh,Regular
4627,Customer_4627,Male,56,Bengaluru,Karnataka,Regular
4628,Customer_4628,Female,25,Bengaluru,Karnataka,Gold
4629,Customer_4629,Male,35,Pune,Maharashtra,Regular
4630,Customer_4630,Male,58,Pune,Maharashtra,Regular
4631,Customer_4631,Male,23,Pune,Maharashtra,Silver
4632,Customer_4632,Male,44,Lucknow,Uttar Pradesh,Regular
4633,Customer_4633,Female,53,Jaipur,Rajasthan,Regular
4634,Customer_4634,Male,32,Chennai,Tamil Nadu,Regular
4635,Customer_4635,Female,54,Chennai,Tamil Nadu,Regular
4636,Customer_4636,Female,22,Hyderabad,Telangana,Silver
4637,Customer_4637,Female,56,Pune,Maharashtra,Regular
4638,Customer_4638,Female,26,Lucknow,Uttar Pradesh,Gold
4639,Customer_4639,Female,24,Hyderabad,Telangana,Platinum
4640,Customer_4640,Male,58,Mumbai,Maharashtra,Regular
4641,Customer_4641,Male,37,Hyderabad,Telangana,Regular
4642,Customer_4642,Female,27,Jaipur,Rajasthan,Regular
4643,Customer_4643,Female,43,Ahmedabad,Gujarat,Regular
4644,Customer_4644,Female,21,Bengaluru,Karnataka,Gold
4645,Customer_4645,Male,55,Pune,Maharashtra,Silver
4646,Customer_4646,Male,41,Ahmedabad,Gujarat,Regular
4647,Customer_4647,Male,31,Hyderabad,Telangana,Regular
4648,Customer_4648,Female,58,Lucknow,Uttar Pradesh,Regular
4649,Customer_4649,Female,18,Bengaluru,Karnataka,Silver
4650,Customer_4650,Male,34,Chennai,Tamil Nadu,Gold
4651,Customer_4651,Male,62,Delhi,Delhi,Silver
4652,Customer_4652,Female,41,Bengaluru,Karnataka,Regular
4653,Customer_4653,Female,44,Jaipur,Rajasthan,Silver
4654,Customer_4654,Male,24,Jaipur,Rajasthan,Regular
4655,Customer_4655,Female,26,Hyderabad,Telangana,Regular
4656,Customer_4656,Female,60,Mumbai,Maharashtra,Regular
4657,Customer_4657,Female,52,Jaipur,Rajasthan,Regular
4658,Customer_4658,Female,29,Jaipur,Rajasthan,Silver
4659,Customer_4659,Male,38,Lucknow,Uttar Pradesh,Gold
4660,Customer_4660,Male,20,Hyderabad,Telangana,Regular
4661,Customer_4661,Female,32,Bengaluru,Karnataka,Platinum
4662,Customer_4662,Male,38,Mumbai,Maharashtra,Regular
4663,Customer_4663,Female,27,Ahmedabad,Gujarat,Silver
4664,Customer_4664,Female,50,Delhi,Delhi,Gold
4665,Customer_4665,Female,63,Pune,Maharashtra,Regular
4666,Customer_4666,Male,23,Chennai,Tamil Nadu,Gold
4667,Customer_4667,Male,19,Jaipur,Rajasthan,Regular
4668,Customer_4668,Female,46,Hyderabad,Telangana,Regular
4669,Customer_4669,Male,57,Pune,Maharashtra,Silver
4670,Customer_4670,Female,50,Chennai,Tamil Nadu,Gold
4671,Customer_4671,Female,21,Chennai,Tamil Nadu,Gold
4672,Customer_4672,Male,21,Ahmedabad,Gujarat,Silver
4673,Customer_4673,Female,46,Ahmedabad,Gujarat,Regular
4674,Customer_4674,Male,54,Ahmedabad,Gujarat,Regular
4675,Customer_4675,Male,37,Kolkata,West Bengal,Platinum
4676,Customer_4676,Female,58,Kolkata,West Bengal,Regular
4677,Customer_4677,Other,40,Chennai,Tamil Nadu,Silver
4678,Customer_4678,Male,62,Ahmedabad,Gujarat,Regular
4679,Customer_4679,Female,35,Lucknow,Uttar Pradesh,Silver
4680,Customer_4680,Female,42,Jaipur,Rajasthan,Regular
4681,Customer_4681,Male,18,Pune,Maharashtra,Platinum
4682,Customer_4682,Male,32,Pune,Maharashtra,Silver
4683,Customer_4683,Female,51,Kolkata,West Bengal,Platinum
4684,Customer_4684,Male,65,Chennai,Tamil Nadu,Regular
4685,Customer_4685,Female,37,Hyderabad,Telangana,Silver
4686,Customer_4686,Female,54,Bengaluru,Karnataka,Silver
4687,Customer_4687,Female,44,Bengaluru,Karnataka,Silver
4688,Customer_4688,Male,39,Kolkata,West Bengal,Gold
4689,Customer_4689,Male,22,Hyderabad,Telangana,Regular
4690,Customer_4690,Male,51,Kolkata,West Bengal,Regular
4691,Customer_4691,Female,56,Bengaluru,Karnataka,Regular
4692,Customer_4692,Female,20,Hyderabad,Telangana,Regular
4693,Customer_4693,Female,34,Ahmedabad,Gujarat,Platinum
4694,Customer_4694,Female,41,Chennai,Tamil Nadu,Regular
4695,Customer_4695,Male,41,Pune,Maharashtra,Regular
4696,Customer_4696,Female,20,Lucknow,Uttar Pradesh,Regular
4697,Customer_4697,Female,62,Mumbai,Maharashtra,Regular
4698,Customer_4698,Male,24,Chennai,Tamil Nadu,Regular
4699,Customer_4699,Male,42,Ahmedabad,Gujarat,Regular
4700,Customer_4700,Female,20,Bengaluru,Karnataka,Regular
4701,Customer_4701,Female,32,Ahmedabad,Gujarat,Regular
4702,Customer_4702,Male,46,Kolkata,West Bengal,Platinum
4703,Customer_4703,Female,46,Hyderabad,Telangana,Regular
4704,Customer_4704,Male,27,Pune,Maharashtra,Regular
4705,Customer_4705,Male,49,Jaipur,Rajasthan,Platinum
4706,Customer_4706,Female,40,Kolkata,West Bengal,Gold
4707,Customer_4707,Female,56,Chennai,Tamil Nadu,Platinum
4708,Customer_4708,Female,26,Kolkata,West Bengal,Platinum
4709,Customer_4709,Male,54,Chennai,Tamil Nadu,Regular
4710,Customer_4710,Male,57,Jaipur,Rajasthan,Silver
4711,Customer_4711,Male,31,Delhi,Delhi,Regular
4712,Customer_4712,Male,21,Pune,Maharashtra,Regular
4713,Customer_4713,Male,37,Lucknow,Uttar Pradesh,Gold
4714,Customer_4714,Male,45,Lucknow,Uttar Pradesh,Regular
4715,Customer_4715,Male,31,Mumbai,Maharashtra,Silver
4716,Customer_4716,Male,61,Ahmedabad,Gujarat,Silver
4717,Customer_4717,Female,51,Delhi,Delhi,Regular
4718,Customer_4718,Male,30,Lucknow,Uttar Pradesh,Gold
4719,Customer_4719,Male,48,Kolkata,West Bengal,Regular
4720,Customer_4720,Female,50,Ahmedabad,Gujarat,Regular
4721,Customer_4721,Male,56,Delhi,Delhi,Gold
4722,Customer_4722,Female,45,Hyderabad,Telangana,Regular
4723,Customer_4723,Male,42,Hyderabad,Telangana,Silver
4724,Customer_4724,Male,49,Ahmedabad,Gujarat,Regular
4725,Customer_4725,Male,26,Chennai,Tamil Nadu,Regular
4726,Customer_4726,Male,45,Chennai,Tamil Nadu,Gold
4727,Customer_4727,Female,48,Kolkata,West Bengal,Silver
4728,Customer_4728,Female,34,Delhi,Delhi,Regular
4729,Customer_4729,Male,40,Delhi,Delhi,Regular
4730,Customer_4730,Male,30,Ahmedabad,Gujarat,Gold
4731,Customer_4731,Female,27,Bengaluru,Karnataka,Regular
4732,Customer_4732,Male,33,Hyderabad,Telangana,Gold
4733,Customer_4733,Female,23,Delhi,Delhi,Regular
4734,Customer_4734,Male,65,Ahmedabad,Gujarat,Silver
4735,Customer_4735,Female,28,Jaipur,Rajasthan,Gold
4736,Customer_4736,Male,20,Mumbai,Maharashtra,Regular
4737,Customer_4737,Male,45,Jaipur,Rajasthan,Silver
4738,Customer_4738,Female,58,Pune,Maharashtra,Silver
4739,Customer_4739,Female,32,Kolkata,West Bengal,Silver
4740,Customer_4740,Male,30,Delhi,Delhi,Regular
4741,Customer_4741,Female,59,Pune,Maharashtra,Silver
4742,Customer_4742,Female,62,Lucknow,Uttar Pradesh,Silver
4743,Customer_4743,Male,34,Pune,Maharashtra,Gold
4744,Customer_4744,Female,24,Ahmedabad,Gujarat,Silver
4745,Customer_4745,Male,45,Delhi,Delhi,Regular
4746,Customer_4746,Female,55,Mumbai,Maharashtra,Platinum
4747,Customer_4747,Other,30,Ahmedabad,Gujarat,Regular
4748,Customer_4748,Male,34,Ahmedabad,Gujarat,Regular
4749,Customer_4749,Male,32,Kolkata,West Bengal,Regular
4750,Customer_4750,Male,53,Kolkata,West Bengal,Regular
4751,Customer_4751,Male,45,Hyderabad,Telangana,Regular
4752,Customer_4752,Female,32,Hyderabad,Telangana,Regular
4753,Customer_4753,Male,63,Chennai,Tamil Nadu,Regular
4754,Customer_4754,Male,28,Bengaluru,Karnataka,Silver
4755,Customer_4755,Female,48,Delhi,Delhi,Regular
4756,Customer_4756,Female,21,Delhi,Delhi,Regular
4757,Customer_4757,Male,52,Pune,Maharashtra,Regular
4758,Customer_4758,Female,51,Delhi,Delhi,Regular
4759,Customer_4759,Female,44,Delhi,Delhi,Regular
4760,Customer_4760,Female,27,Bengaluru,Karnataka,Silver
4761,Customer_4761,Female,47,Lucknow,Uttar Pradesh,Platinum
4762,Customer_4762,Female,62,Hyderabad,Telangana,Gold
4763,Customer_4763,Male,37,Hyderabad,Telangana,Gold
4764,Customer_4764,Male,46,Mumbai,Maharashtra,Regular
4765,Customer_4765,Female,46,Delhi,Delhi,Regular
4766,Customer_4766,Female,40,Bengaluru,Karnataka,Regular
4767,Customer_4767,Female,38,Hyderabad,Telangana,Gold
4768,Customer_4768,Other,65,Bengaluru,Karnataka,Regular
4769,Customer_4769,Female,60,Jaipur,Rajasthan,Silver
4770,Customer_4770,Female,27,Lucknow,Uttar Pradesh,Regular
4771,Customer_4771,Female,58,Delhi,Delhi,Regular
4772,Customer_4772,Female,29,Mumbai,Maharashtra,Platinum
4773,Customer_4773,Male,47,Pune,Maharashtra,Silver
4774,Customer_4774,Male,50,Hyderabad,Telangana,Gold
4775,Customer_4775,Female,35,Jaipur,Rajasthan,Silver
4776,Customer_4776,Male,31,Bengaluru,Karnataka,Gold
4777,Customer_4777,Female,39,Kolkata,West Bengal,Silver
4778,Customer_4778,Male,38,Ahmedabad,Gujarat,Platinum
4779,Customer_4779,Female,18,Delhi,Delhi,Regular
4780,Customer_4780,Female,60,Delhi,Delhi,Silver
4781,Customer_4781,Female,32,Jaipur,Rajasthan,Silver
4782,Customer_4782,Male,53,Bengaluru,Karnataka,Regular
4783,Customer_4783,Female,64,Chennai,Tamil Nadu,Gold
4784,Customer_4784,Female,39,Delhi,Delhi,Platinum
4785,Customer_4785,Male,49,Chennai,Tamil Nadu,Regular
4786,Customer_4786,Female,63,Kolkata,West Bengal,Regular
4787,Customer_4787,Male,50,Jaipur,Rajasthan,Regular
4788,Customer_4788,Male,58,Bengaluru,Karnataka,Gold
4789,Customer_4789,Male,56,Bengaluru,Karnataka,Silver
4790,Customer_4790,Female,40,Lucknow,Uttar Pradesh,Regular
4791,Customer_4791,Male,60,Ahmedabad,Gujarat,Regular
4792,Customer_4792,Female,19,Hyderabad,Telangana,Regular
4793,Customer_4793,Male,19,Hyderabad,Telangana,Gold
4794,Customer_4794,Male,55,Pune,Maharashtra,Regular
4795,Customer_4795,Female,46,Mumbai,Maharashtra,Regular
4796,Customer_4796,Female,63,Jaipur,Rajasthan,Gold
4797,Customer_4797,Female,20,Kolkata,West Bengal,Regular
4798,Customer_4798,Male,56,Bengaluru,Karnataka,Regular
4799,Customer_4799,Male,24,Ahmedabad,Gujarat,Regular
4800,Customer_4800,Female,53,Chennai,Tamil Nadu,Regular
4801,Customer_4801,Female,46,Jaipur,Rajasthan,Regular
4802,Customer_4802,Male,54,Pune,Maharashtra,Platinum
4803,Customer_4803,Male,53,Jaipur,Rajasthan,Gold
4804,Customer_4804,Female,40,Pune,Maharashtra,Gold
4805,Customer_4805,Male,62,Bengaluru,Karnataka,Platinum
4806,Customer_4806,Female,33,Mumbai,Maharashtra,Regular
4807,Customer_4807,Male,65,Pune,Maharashtra,Regular
4808,Customer_4808,Male,48,Bengaluru,Karnataka,Regular
4809,Customer_4809,Other,51,Bengaluru,Karnataka,Gold
4810,Customer_4810,Male,18,Mumbai,Maharashtra,Silver
4811,Customer_4811,Male,35,Hyderabad,Telangana,Regular
4812,Customer_4812,Female,57,Jaipur,Rajasthan,Regular
4813,Customer_4813,Male,60,Delhi,Delhi,Regular
4814,Customer_4814,Male,32,Delhi,Delhi,Regular
4815,Customer_4815,Female,65,Chennai,Tamil Nadu,Gold
4816,Customer_4816,Male,34,Chennai,Tamil Nadu,Regular
4817,Customer_4817,Male,61,Delhi,Delhi,Gold
4818,Customer_4818,Male,27,Kolkata,West Bengal,Regular
4819,Customer_4819,Female,37,Delhi,Delhi,Silver
4820,Customer_4820,Female,23,Chennai,Tamil Nadu,Platinum
4821,Customer_4821,Female,25,Ahmedabad,Gujarat,Gold
4822,Customer_4822,Male,62,Chennai,Tamil Nadu,Regular
4823,Customer_4823,Female,51,Kolkata,West Bengal,Regular
4824,Customer_4824,Female,49,Jaipur,Rajasthan,Regular
4825,Customer_4825,Female,59,Delhi,Delhi,Regular
4826,Customer_4826,Female,21,Mumbai,Maharashtra,Silver
4827,Customer_4827,Female,61,Ahmedabad,Gujarat,Platinum
4828,Customer_4828,Female,56,Bengaluru,Karnataka,Regular
4829,Customer_4829,Female,37,Kolkata,West Bengal,Regular
4830,Customer_4830,Male,41,Chennai,Tamil Nadu,Regular
4831,Customer_4831,Male,41,Mumbai,Maharashtra,Gold
4832,Customer_4832,Male,43,Pune,Maharashtra,Platinum
4833,Customer_4833,Male,42,Hyderabad,Telangana,Regular
4834,Customer_4834,Male,53,Delhi,Delhi,Regular
4835,Customer_4835,Female,24,Hyderabad,Telangana,Gold
4836,Customer_4836,Male,27,Kolkata,West Bengal,Silver
4837,Customer_4837,Female,64,Pune,Maharashtra,Regular
4838,Customer_4838,Female,29,Pune,Maharashtra,Gold
4839,Customer_4839,Male,18,Pune,Maharashtra,Platinum
4840,Customer_4840,Female,42,Bengaluru,Karnataka,Silver
4841,Customer_4841,Female,33,Kolkata,West Bengal,Silver
4842,Customer_4842,Male,22,Jaipur,Rajasthan,Regular
4843,Customer_4843,Male,36,Hyderabad,Telangana,Silver
4844,Customer_4844,Male,21,Jaipur,Rajasthan,Regular
4845,Customer_4845,Female,23,Mumbai,Maharashtra,Regular
4846,Customer_4846,Male,43,Lucknow,Uttar Pradesh,Regular
4847,Customer_4847,Female,56,Ahmedabad,Gujarat,Regular
4848,Customer_4848,Female,56,Ahmedabad,Gujarat,Regular
4849,Customer_4849,Male,26,Jaipur,Rajasthan,Regular
4850,Customer_4850,Female,62,Lucknow,Uttar Pradesh,Silver
4851,Customer_4851,Male,31,Lucknow,Uttar Pradesh,Silver
4852,Customer_4852,Female,65,Delhi,Delhi,Regular
4853,Customer_4853,Male,26,Mumbai,Maharashtra,Regular
4854,Customer_4854,Female,32,Kolkata,West Bengal,Gold
4855,Customer_4855,Male,54,Lucknow,Uttar Pradesh,Regular
4856,Customer_4856,Female,37,Chennai,Tamil Nadu,Platinum
4857,Customer_4857,Male,25,Ahmedabad,Gujarat,Regular
4858,Customer_4858,Male,49,Chennai,Tamil Nadu,Silver
4859,Customer_4859,Female,64,Mumbai,Maharashtra,Regular
4860,Customer_4860,Male,38,Lucknow,Uttar Pradesh,Silver
4861,Customer_4861,Female,58,Hyderabad,Telangana,Gold
4862,Customer_4862,Female,36,Ahmedabad,Gujarat,Platinum
4863,Customer_4863,Male,46,Delhi,Delhi,Platinum
4864,Customer_4864,Male,48,Delhi,Delhi,Regular
4865,Customer_4865,Male,23,Pune,Maharashtra,Silver
4866,Customer_4866,Female,21,Bengaluru,Karnataka,Regular
4867,Customer_4867,Male,60,Lucknow,Uttar Pradesh,Silver
4868,Customer_4868,Male,46,Mumbai,Maharashtra,Regular
4869,Customer_4869,Male,59,Ahmedabad,Gujarat,Gold
4870,Customer_4870,Male,20,Bengaluru,Karnataka,Gold
4871,Customer_4871,Other,18,Mumbai,Maharashtra,Regular
4872,Customer_4872,Male,61,Jaipur,Rajasthan,Regular
4873,Customer_4873,Female,32,Lucknow,Uttar Pradesh,Regular
4874,Customer_4874,Female,64,Kolkata,West Bengal,Silver
4875,Customer_4875,Female,38,Kolkata,West Bengal,Regular
4876,Customer_4876,Male,63,Lucknow,Uttar Pradesh,Gold
4877,Customer_4877,Female,48,Pune,Maharashtra,Silver
4878,Customer_4878,Female,24,Pune,Maharashtra,Silver
4879,Customer_4879,Male,34,Kolkata,West Bengal,Silver
4880,Customer_4880,Male,36,Hyderabad,Telangana,Regular
4881,Customer_4881,Male,56,Ahmedabad,Gujarat,Platinum
4882,Customer_4882,Male,20,Kolkata,West Bengal,Silver
4883,Customer_4883,Male,47,Hyderabad,Telangana,Platinum
4884,Customer_4884,Female,52,Bengaluru,Karnataka,Regular
4885,Customer_4885,Male,46,Hyderabad,Telangana,Silver
4886,Customer_4886,Male,31,Bengaluru,Karnataka,Regular
4887,Customer_4887,Female,52,Mumbai,Maharashtra,Silver
4888,Customer_4888,Male,45,Chennai,Tamil Nadu,Silver
4889,Customer_4889,Female,47,Mumbai,Maharashtra,Gold
4890,Customer_4890,Male,43,Kolkata,West Bengal,Gold
4891,Customer_4891,Female,24,Bengaluru,Karnataka,Regular
4892,Customer_4892,Male,56,Kolkata,West Bengal,Platinum
4893,Customer_4893,Female,48,Lucknow,Uttar Pradesh,Platinum
4894,Customer_4894,Female,22,Ahmedabad,Gujarat,Regular
4895,Customer_4895,Male,52,Delhi,Delhi,Platinum
4896,Customer_4896,Male,64,Kolkata,West Bengal,Regular
4897,Customer_4897,Female,31,Ahmedabad,Gujarat,Silver
4898,Customer_4898,Male,53,Hyderabad,Telangana,Regular
4899,Customer_4899,Female,44,Mumbai,Maharashtra,Platinum
4900,Customer_4900,Other,41,Hyderabad,Telangana,Regular
4901,Customer_4901,Male,57,Delhi,Delhi,Regular
4902,Customer_4902,Male,46,Bengaluru,Karnataka,Regular
4903,Customer_4903,Male,62,Lucknow,Uttar Pradesh,Regular
4904,Customer_4904,Male,39,Ahmedabad,Gujarat,Silver
4905,Customer_4905,Female,25,Lucknow,Uttar Pradesh,Regular
4906,Customer_4906,Female,32,Chennai,Tamil Nadu,Silver
4907,Customer_4907,Male,22,Kolkata,West Bengal,Platinum
4908,Customer_4908,Male,21,Bengaluru,Karnataka,Gold
4909,Customer_4909,Male,28,Chennai,Tamil Nadu,Gold
4910,Customer_4910,Male,35,Jaipur,Rajasthan,Regular
4911,Customer_4911,Female,59,Kolkata,West Bengal,Regular
4912,Customer_4912,Male,47,Hyderabad,Telangana,Regular
4913,Customer_4913,Female,32,Mumbai,Maharashtra,Regular
4914,Customer_4914,Female,23,Ahmedabad,Gujarat,Platinum
4915,Customer_4915,Female,33,Delhi,Delhi,Regular
4916,Customer_4916,Male,64,Delhi,Delhi,Gold
4917,Customer_4917,Female,57,Hyderabad,Telangana,Regular
4918,Customer_4918,Female,26,Pune,Maharashtra,Gold
4919,Customer_4919,Female,60,Delhi,Delhi,Regular
4920,Customer_4920,Male,51,Ahmedabad,Gujarat,Regular
4921,Customer_4921,Male,44,Hyderabad,Telangana,Silver
4922,Customer_4922,Female,30,Bengaluru,Karnataka,Regular
4923,Customer_4923,Male,53,Delhi,Delhi,Silver
4924,Customer_4924,Male,44,Lucknow,Uttar Pradesh,Silver
4925,Customer_4925,Female,26,Hyderabad,Telangana,Regular
4926,Customer_4926,Male,22,Ahmedabad,Gujarat,Platinum
4927,Customer_4927,Male,39,Lucknow,Uttar Pradesh,Regular
4928,Customer_4928,Male,48,Kolkata,West Bengal,Silver
4929,Customer_4929,Female,20,Kolkata,West Bengal,Regular
4930,Customer_4930,Male,47,Delhi,Delhi,Silver
4931,Customer_4931,Female,38,Lucknow,Uttar Pradesh,Regular
4932,Customer_4932,Male,52,Mumbai,Maharashtra,Regular
4933,Customer_4933,Male,23,Kolkata,West Bengal,Regular
4934,Customer_4934,Female,45,Mumbai,Maharashtra,Regular
4935,Customer_4935,Male,49,Bengaluru,Karnataka,Regular
4936,Customer_4936,Female,59,Hyderabad,Telangana,Silver
4937,Customer_4937,Male,54,Chennai,Tamil Nadu,Silver
4938,Customer_4938,Male,42,Ahmedabad,Gujarat,Regular
4939,Customer_4939,Male,49,Hyderabad,Telangana,Regular
4940,Customer_4940,Male,52,Ahmedabad,Gujarat,Regular
4941,Customer_4941,Other,39,Lucknow,Uttar Pradesh,Regular
4942,Customer_4942,Female,41,Bengaluru,Karnataka,Regular
4943,Customer_4943,Male,56,Jaipur,Rajasthan,Regular
4944,Customer_4944,Female,47,Delhi,Delhi,Platinum
4945,Customer_4945,Female,49,Ahmedabad,Gujarat,Silver
4946,Customer_4946,Male,48,Ahmedabad,Gujarat,Regular
4947,Customer_4947,Male,40,Lucknow,Uttar Pradesh,Regular
4948,Customer_4948,Female,57,Mumbai,Maharashtra,Silver
4949,Customer_4949,Female,50,Hyderabad,Telangana,Regular
4950,Customer_4950,Other,42,Jaipur,Rajasthan,Gold
4951,Customer_4951,Female,53,Pune,Maharashtra,Gold
4952,Customer_4952,Female,41,Delhi,Delhi,Silver
4953,Customer_4953,Male,48,Chennai,Tamil Nadu,Regular
4954,Customer_4954,Male,56,Pune,Maharashtra,Gold
4955,Customer_4955,Male,63,Hyderabad,Telangana,Platinum
4956,Customer_4956,Female,30,Delhi,Delhi,Silver
4957,Customer_4957,Female,27,Ahmedabad,Gujarat,Silver
4958,Customer_4958,Female,40,Chennai,Tamil Nadu,Regular
4959,Customer_4959,Female,35,Mumbai,Maharashtra,Regular
4960,Customer_4960,Female,49,Jaipur,Rajasthan,Silver
4961,Customer_4961,Other,50,Mumbai,Maharashtra,Gold
4962,Customer_4962,Male,53,Bengaluru,Karnataka,Silver
4963,Customer_4963,Female,45,Lucknow,Uttar Pradesh,Gold
4964,Customer_4964,Female,33,Delhi,Delhi,Regular
4965,Customer_4965,Male,33,Mumbai,Maharashtra,Regular
4966,Customer_4966,Other,35,Pune,Maharashtra,Regular
4967,Customer_4967,Female,25,Lucknow,Uttar Pradesh,Regular
4968,Customer_4968,Male,59,Mumbai,Maharashtra,Silver
4969,Customer_4969,Male,33,Kolkata,West Bengal,Regular
4970,Customer_4970,Female,28,Bengaluru,Karnataka,Gold
4971,Customer_4971,Female,23,Hyderabad,Telangana,Gold
4972,Customer_4972,Female,18,Jaipur,Rajasthan,Regular
4973,Customer_4973,Male,29,Bengaluru,Karnataka,Regular
4974,Customer_4974,Male,55,Lucknow,Uttar Pradesh,Silver
4975,Customer_4975,Male,45,Kolkata,West Bengal,Platinum
4976,Customer_4976,Male,62,Delhi,Delhi,Silver
4977,Customer_4977,Male,34,Pune,Maharashtra,Regular
4978,Customer_4978,Female,18,Jaipur,Rajasthan,Regular
4979,Customer_4979,Male,49,Jaipur,Rajasthan,Regular
4980,Customer_4980,Male,25,Bengaluru,Karnataka,Regular
4981,Customer_4981,Male,57,Lucknow,Uttar Pradesh,Gold
4982,Customer_4982,Male,60,Delhi,Delhi,Gold
4983,Customer_4983,Female,63,Ahmedabad,Gujarat,Regular
4984,Customer_4984,Female,41,Kolkata,West Bengal,Regular
4985,Customer_4985,Female,27,Ahmedabad,Gujarat,Regular
4986,Customer_4986,Male,64,Pune,Maharashtra,Gold
4987,Customer_4987,Male,56,Delhi,Delhi,Regular
4988,Customer_4988,Male,56,Delhi,Delhi,Silver
4989,Customer_4989,Male,27,Kolkata,West Bengal,Regular
4990,Customer_4990,Female,53,Chennai,Tamil Nadu,Silver
4991,Customer_4991,Male,42,Ahmedabad,Gujarat,Regular
4992,Customer_4992,Female,27,Mumbai,Maharashtra,Regular
4993,Customer_4993,Male,36,Jaipur,Rajasthan,Silver
4994,Customer_4994,Female,63,Chennai,Tamil Nadu,Silver
4995,Customer_4995,Female,62,Mumbai,Maharashtra,Regular
4996,Customer_4996,Female,32,Lucknow,Uttar Pradesh,Regular
4997,Customer_4997,Female,33,Kolkata,West Bengal,Regular
4998,Customer_4998,Female,19,Lucknow,Uttar Pradesh,Regular
4999,Customer_4999,Female,46,Jaipur,Rajasthan,Silver
5000,Customer_5000,Male,21,Hyderabad,Telangana,Gold
5001,Customer_5001,Male,46,Mumbai,Maharashtra,Regular
5002,Customer_5002,Female,48,Chennai,Tamil Nadu,Regular
5003,Customer_5003,Female,34,Mumbai,Maharashtra,Regular
5004,Customer_5004,Male,27,Mumbai,Maharashtra,Regular
5005,Customer_5005,Male,44,Kolkata,West Bengal,Regular
5006,Customer_5006,Other,58,Lucknow,Uttar Pradesh,Silver
5007,Customer_5007,Male,32,Ahmedabad,Gujarat,Regular
5008,Customer_5008,Male,61,Hyderabad,Telangana,Silver
5009,Customer_5009,Male,48,Kolkata,West Bengal,Gold
5010,Customer_5010,Female,38,Pune,Maharashtra,Gold
5011,Customer_5011,Male,58,Kolkata,West Bengal,Platinum
5012,Customer_5012,Female,63,Jaipur,Rajasthan,Gold
5013,Customer_5013,Male,62,Hyderabad,Telangana,Gold
5014,Customer_5014,Female,43,Delhi,Delhi,Regular
5015,Customer_5015,Female,55,Pune,Maharashtra,Regular
5016,Customer_5016,Male,53,Bengaluru,Karnataka,Regular
5017,Customer_5017,Female,34,Kolkata,West Bengal,Silver
5018,Customer_5018,Male,20,Mumbai,Maharashtra,Platinum
5019,Customer_5019,Male,31,Ahmedabad,Gujarat,Regular
5020,Customer_5020,Female,30,Delhi,Delhi,Silver
5021,Customer_5021,Male,58,Kolkata,West Bengal,Silver
5022,Customer_5022,Female,44,Kolkata,West Bengal,Gold
5023,Customer_5023,Male,18,Chennai,Tamil Nadu,Silver
5024,Customer_5024,Male,34,Chennai,Tamil Nadu,Platinum
5025,Customer_5025,Male,65,Delhi,Delhi,Regular
5026,Customer_5026,Female,51,Lucknow,Uttar Pradesh,Regular
5027,Customer_5027,Male,31,Chennai,Tamil Nadu,Regular
5028,Customer_5028,Female,34,Mumbai,Maharashtra,Regular
5029,Customer_5029,Male,20,Pune,Maharashtra,Regular
5030,Customer_5030,Male,51,Bengaluru,Karnataka,Silver
5031,Customer_5031,Female,57,Hyderabad,Telangana,Silver
5032,Customer_5032,Female,42,Bengaluru,Karnataka,Silver
5033,Customer_5033,Male,19,Bengaluru,Karnataka,Regular
5034,Customer_5034,Female,51,Hyderabad,Telangana,Regular
5035,Customer_5035,Male,43,Chennai,Tamil Nadu,Regular
5036,Customer_5036,Female,48,Delhi,Delhi,Regular
5037,Customer_5037,Female,26,Hyderabad,Telangana,Silver
5038,Customer_5038,Female,47,Jaipur,Rajasthan,Regular
5039,Customer_5039,Female,37,Lucknow,Uttar Pradesh,Regular
5040,Customer_5040,Male,38,Pune,Maharashtra,Silver
5041,Customer_5041,Female,46,Ahmedabad,Gujarat,Regular
5042,Customer_5042,Female,42,Chennai,Tamil Nadu,Platinum
5043,Customer_5043,Male,55,Lucknow,Uttar Pradesh,Regular
5044,Customer_5044,Male,61,Hyderabad,Telangana,Platinum
5045,Customer_5045,Female,42,Jaipur,Rajasthan,Regular
5046,Customer_5046,Female,26,Ahmedabad,Gujarat,Silver
5047,Customer_5047,Male,56,Pune,Maharashtra,Regular
5048,Customer_5048,Female,61,Pune,Maharashtra,Gold
5049,Customer_5049,Female,43,Chennai,Tamil Nadu,Regular
5050,Customer_5050,Male,54,Hyderabad,Telangana,Regular
5051,Customer_5051,Male,33,Lucknow,Uttar Pradesh,Gold
5052,Customer_5052,Female,54,Delhi,Delhi,Regular
5053,Customer_5053,Male,29,Lucknow,Uttar Pradesh,Regular
5054,Customer_5054,Male,41,Lucknow,Uttar Pradesh,Regular
5055,Customer_5055,Female,43,Pune,Maharashtra,Silver
5056,Customer_5056,Female,37,Delhi,Delhi,Regular
5057,Customer_5057,Female,26,Delhi,Delhi,Regular
5058,Customer_5058,Female,40,Chennai,Tamil Nadu,Regular
5059,Customer_5059,Male,56,Ahmedabad,Gujarat,Silver
5060,Customer_5060,Male,46,Kolkata,West Bengal,Silver
5061,Customer_5061,Female,48,Bengaluru,Karnataka,Regular
5062,Customer_5062,Male,36,Bengaluru,Karnataka,Regular
5063,Customer_5063,Female,37,Pune,Maharashtra,Regular
5064,Customer_5064,Male,40,Kolkata,West Bengal,Regular
5065,Customer_5065,Male,60,Ahmedabad,Gujarat,Regular
5066,Customer_5066,Male,44,Kolkata,West Bengal,Regular
5067,Customer_5067,Female,47,Chennai,Tamil Nadu,Regular
5068,Customer_5068,Male,38,Lucknow,Uttar Pradesh,Platinum
5069,Customer_5069,Male,61,Pune,Maharashtra,Regular
5070,Customer_5070,Male,52,Delhi,Delhi,Silver
5071,Customer_5071,Female,24,Pune,Maharashtra,Regular
5072,Customer_5072,Male,39,Bengaluru,Karnataka,Regular
5073,Customer_5073,Male,27,Ahmedabad,Gujarat,Gold
5074,Customer_5074,Male,40,Kolkata,West Bengal,Regular
5075,Customer_5075,Female,32,Ahmedabad,Gujarat,Regular
5076,Customer_5076,Male,47,Chennai,Tamil Nadu,Silver
5077,Customer_5077,Male,51,Pune,Maharashtra,Regular
5078,Customer_5078,Male,30,Hyderabad,Telangana,Regular
5079,Customer_5079,Female,21,Pune,Maharashtra,Regular
5080,Customer_5080,Female,35,Delhi,Delhi,Regular
5081,Customer_5081,Female,40,Pune,Maharashtra,Silver
5082,Customer_5082,Female,50,Jaipur,Rajasthan,Regular
5083,Customer_5083,Female,51,Chennai,Tamil Nadu,Regular
5084,Customer_5084,Male,51,Mumbai,Maharashtra,Regular
5085,Customer_5085,Female,53,Chennai,Tamil Nadu,Regular
5086,Customer_5086,Female,52,Kolkata,West Bengal,Platinum
5087,Customer_5087,Female,34,Mumbai,Maharashtra,Regular
5088,Customer_5088,Male,45,Kolkata,West Bengal,Platinum
5089,Customer_5089,Female,31,Kolkata,West Bengal,Silver
5090,Customer_5090,Male,51,Delhi,Delhi,Gold
5091,Customer_5091,Female,65,Delhi,Delhi,Regular
5092,Customer_5092,Male,28,Lucknow,Uttar Pradesh,Regular
5093,Customer_5093,Male,30,Bengaluru,Karnataka,Gold
5094,Customer_5094,Male,50,Lucknow,Uttar Pradesh,Gold
5095,Customer_5095,Male,19,Lucknow,Uttar Pradesh,Regular
5096,Customer_5096,Female,51,Bengaluru,Karnataka,Regular
5097,Customer_5097,Male,46,Hyderabad,Telangana,Regular
5098,Customer_5098,Male,54,Mumbai,Maharashtra,Gold
5099,Customer_5099,Female,21,Ahmedabad,Gujarat,Regular
5100,Customer_5100,Male,29,Lucknow,Uttar Pradesh,Silver
5101,Customer_5101,Female,43,Pune,Maharashtra,Silver
5102,Customer_5102,Male,45,Pune,Maharashtra,Gold
5103,Customer_5103,Male,20,Kolkata,West Bengal,Silver
5104,Customer_5104,Female,37,Bengaluru,Karnataka,Regular
5105,Customer_5105,Female,27,Kolkata,West Bengal,Platinum
5106,Customer_5106,Male,35,Jaipur,Rajasthan,Silver
5107,Customer_5107,Female,44,Jaipur,Rajasthan,Silver
5108,Customer_5108,Female,48,Ahmedabad,Gujarat,Regular
5109,Customer_5109,Female,44,Delhi,Delhi,Silver
5110,Customer_5110,Male,59,Delhi,Delhi,Regular
5111,Customer_5111,Male,18,Bengaluru,Karnataka,Regular
5112,Customer_5112,Female,23,Bengaluru,Karnataka,Silver
5113,Customer_5113,Female,28,Lucknow,Uttar Pradesh,Regular
5114,Customer_5114,Male,51,Jaipur,Rajasthan,Silver
5115,Customer_5115,Female,56,Lucknow,Uttar Pradesh,Regular
5116,Customer_5116,Male,37,Delhi,Delhi,Silver
5117,Customer_5117,Male,38,Mumbai,Maharashtra,Regular
5118,Customer_5118,Male,38,Mumbai,Maharashtra,Silver
5119,Customer_5119,Female,35,Bengaluru,Karnataka,Regular
5120,Customer_5120,Male,38,Kolkata,West Bengal,Silver
5121,Customer_5121,Female,36,Delhi,Delhi,Gold
5122,Customer_5122,Female,21,Mumbai,Maharashtra,Regular
5123,Customer_5123,Female,30,Delhi,Delhi,Regular
5124,Customer_5124,Other,35,Chennai,Tamil Nadu,Silver
5125,Customer_5125,Female,46,Pune,Maharashtra,Silver
5126,Customer_5126,Other,42,Jaipur,Rajasthan,Silver
5127,Customer_5127,Male,30,Lucknow,Uttar Pradesh,Silver
5128,Customer_5128,Male,44,Delhi,Delhi,Regular
5129,Customer_5129,Male,36,Pune,Maharashtra,Regular
5130,Customer_5130,Male,18,Chennai,Tamil Nadu,Regular
5131,Customer_5131,Female,55,Lucknow,Uttar Pradesh,Regular
5132,Customer_5132,Male,36,Delhi,Delhi,Silver
5133,Customer_5133,Female,18,Bengaluru,Karnataka,Regular
5134,Customer_5134,Female,57,Pune,Maharashtra,Platinum
5135,Customer_5135,Female,34,Lucknow,Uttar Pradesh,Gold
5136,Customer_5136,Male,38,Delhi,Delhi,Gold
5137,Customer_5137,Female,39,Pune,Maharashtra,Gold
5138,Customer_5138,Male,32,Chennai,Tamil Nadu,Regular
5139,Customer_5139,Male,56,Delhi,Delhi,Gold
5140,Customer_5140,Female,65,Delhi,Delhi,Regular
5141,Customer_5141,Female,56,Delhi,Delhi,Regular
5142,Customer_5142,Male,49,Ahmedabad,Gujarat,Gold
5143,Customer_5143,Female,21,Bengaluru,Karnataka,Regular
5144,Customer_5144,Male,61,Chennai,Tamil Nadu,Platinum
5145,Customer_5145,Male,62,Lucknow,Uttar Pradesh,Silver
5146,Customer_5146,Male,49,Ahmedabad,Gujarat,Silver
5147,Customer_5147,Female,21,Kolkata,West Bengal,Regular
5148,Customer_5148,Female,18,Ahmedabad,Gujarat,Silver
5149,Customer_5149,Male,50,Jaipur,Rajasthan,Regular
5150,Customer_5150,Male,24,Jaipur,Rajasthan,Gold
5151,Customer_5151,Female,26,Delhi,Delhi,Regular
5152,Customer_5152,Male,18,Ahmedabad,Gujarat,Silver
5153,Customer_5153,Male,33,Kolkata,West Bengal,Regular
5154,Customer_5154,Female,35,Ahmedabad,Gujarat,Regular
5155,Customer_5155,Male,64,Bengaluru,Karnataka,Regular
5156,Customer_5156,Female,23,Bengaluru,Karnataka,Regular
5157,Customer_5157,Male,19,Kolkata,West Bengal,Silver
5158,Customer_5158,Female,26,Ahmedabad,Gujarat,Regular
5159,Customer_5159,Male,21,Pune,Maharashtra,Regular
5160,Customer_5160,Female,62,Bengaluru,Karnataka,Silver
5161,Customer_5161,Male,40,Bengaluru,Karnataka,Regular
5162,Customer_5162,Female,60,Mumbai,Maharashtra,Regular
5163,Customer_5163,Female,62,Ahmedabad,Gujarat,Gold
5164,Customer_5164,Male,60,Bengaluru,Karnataka,Regular
5165,Customer_5165,Male,25,Chennai,Tamil Nadu,Regular
5166,Customer_5166,Female,56,Ahmedabad,Gujarat,Regular
5167,Customer_5167,Female,42,Jaipur,Rajasthan,Regular
5168,Customer_5168,Male,33,Mumbai,Maharashtra,Regular
5169,Customer_5169,Male,52,Bengaluru,Karnataka,Regular
5170,Customer_5170,Female,34,Mumbai,Maharashtra,Gold
5171,Customer_5171,Male,35,Jaipur,Rajasthan,Regular
5172,Customer_5172,Other,44,Kolkata,West Bengal,Regular
5173,Customer_5173,Female,32,Kolkata,West Bengal,Regular
5174,Customer_5174,Female,34,Ahmedabad,Gujarat,Silver
5175,Customer_5175,Male,60,Jaipur,Rajasthan,Platinum
5176,Customer_5176,Male,22,Hyderabad,Telangana,Regular
5177,Customer_5177,Female,33,Hyderabad,Telangana,Platinum
5178,Customer_5178,Female,32,Ahmedabad,Gujarat,Regular
5179,Customer_5179,Other,59,Delhi,Delhi,Regular
5180,Customer_5180,Male,63,Mumbai,Maharashtra,Regular
5181,Customer_5181,Male,51,Mumbai,Maharashtra,Regular
5182,Customer_5182,Male,65,Kolkata,West Bengal,Regular
5183,Customer_5183,Female,36,Hyderabad,Telangana,Regular
5184,Customer_5184,Male,25,Lucknow,Uttar Pradesh,Regular
5185,Customer_5185,Male,64,Bengaluru,Karnataka,Regular
5186,Customer_5186,Male,27,Bengaluru,Karnataka,Regular
5187,Customer_5187,Male,22,Bengaluru,Karnataka,Regular
5188,Customer_5188,Other,65,Kolkata,West Bengal,Gold
5189,Customer_5189,Female,43,Jaipur,Rajasthan,Regular
5190,Customer_5190,Male,39,Pune,Maharashtra,Silver
5191,Customer_5191,Male,61,Hyderabad,Telangana,Silver
5192,Customer_5192,Male,40,Hyderabad,Telangana,Regular
5193,Customer_5193,Male,30,Lucknow,Uttar Pradesh,Regular
5194,Customer_5194,Male,26,Mumbai,Maharashtra,Regular
5195,Customer_5195,Female,37,Delhi,Delhi,Silver
5196,Customer_5196,Male,45,Ahmedabad,Gujarat,Regular
5197,Customer_5197,Male,61,Mumbai,Maharashtra,Regular
5198,Customer_5198,Male,54,Jaipur,Rajasthan,Regular
5199,Customer_5199,Female,41,Ahmedabad,Gujarat,Gold
5200,Customer_5200,Female,61,Hyderabad,Telangana,Regular
5201,Customer_5201,Female,50,Jaipur,Rajasthan,Silver
5202,Customer_5202,Female,37,Ahmedabad,Gujarat,Regular
5203,Customer_5203,Female,65,Lucknow,Uttar Pradesh,Gold
5204,Customer_5204,Male,47,Lucknow,Uttar Pradesh,Regular
5205,Customer_5205,Female,61,Chennai,Tamil Nadu,Regular
5206,Customer_5206,Male,26,Pune,Maharashtra,Gold
5207,Customer_5207,Male,62,Lucknow,Uttar Pradesh,Silver
5208,Customer_5208,Female,34,Hyderabad,Telangana,Regular
5209,Customer_5209,Male,53,Delhi,Delhi,Regular
5210,Customer_5210,Female,31,Bengaluru,Karnataka,Gold
5211,Customer_5211,Male,36,Chennai,Tamil Nadu,Gold
5212,Customer_5212,Female,24,Bengaluru,Karnataka,Regular
5213,Customer_5213,Female,20,Pune,Maharashtra,Silver
5214,Customer_5214,Other,50,Ahmedabad,Gujarat,Silver
5215,Customer_5215,Female,61,Kolkata,West Bengal,Regular
5216,Customer_5216,Female,49,Lucknow,Uttar Pradesh,Silver
5217,Customer_5217,Female,64,Delhi,Delhi,Regular
5218,Customer_5218,Male,28,Pune,Maharashtra,Platinum
5219,Customer_5219,Male,59,Bengaluru,Karnataka,Silver
5220,Customer_5220,Female,19,Chennai,Tamil Nadu,Silver
5221,Customer_5221,Female,43,Lucknow,Uttar Pradesh,Regular
5222,Customer_5222,Female,21,Hyderabad,Telangana,Regular
5223,Customer_5223,Female,34,Lucknow,Uttar Pradesh,Regular
5224,Customer_5224,Female,34,Chennai,Tamil Nadu,Silver
5225,Customer_5225,Male,45,Chennai,Tamil Nadu,Silver
5226,Customer_5226,Male,47,Kolkata,West Bengal,Regular
5227,Customer_5227,Male,57,Lucknow,Uttar Pradesh,Silver
5228,Customer_5228,Male,40,Lucknow,Uttar Pradesh,Gold
5229,Customer_5229,Female,63,Kolkata,West Bengal,Regular
5230,Customer_5230,Female,41,Jaipur,Rajasthan,Regular
5231,Customer_5231,Female,46,Jaipur,Rajasthan,Silver
5232,Customer_5232,Male,21,Ahmedabad,Gujarat,Regular
5233,Customer_5233,Male,55,Jaipur,Rajasthan,Silver
5234,Customer_5234,Male,46,Mumbai,Maharashtra,Regular
5235,Customer_5235,Female,36,Lucknow,Uttar Pradesh,Platinum
5236,Customer_5236,Male,44,Delhi,Delhi,Regular
5237,Customer_5237,Male,46,Lucknow,Uttar Pradesh,Regular
5238,Customer_5238,Male,53,Mumbai,Maharashtra,Regular
5239,Customer_5239,Male,52,Mumbai,Maharashtra,Regular
5240,Customer_5240,Female,23,Bengaluru,Karnataka,Regular
5241,Customer_5241,Male,40,Lucknow,Uttar Pradesh,Regular
5242,Customer_5242,Male,56,Pune,Maharashtra,Platinum
5243,Customer_5243,Male,63,Mumbai,Maharashtra,Platinum
5244,Customer_5244,Male,61,Delhi,Delhi,Regular
5245,Customer_5245,Female,65,Kolkata,West Bengal,Silver
5246,Customer_5246,Female,25,Ahmedabad,Gujarat,Regular
5247,Customer_5247,Male,19,Bengaluru,Karnataka,Gold
5248,Customer_5248,Female,30,Kolkata,West Bengal,Silver
5249,Customer_5249,Male,57,Bengaluru,Karnataka,Regular
5250,Customer_5250,Female,38,Delhi,Delhi,Silver
5251,Customer_5251,Male,48,Chennai,Tamil Nadu,Silver
5252,Customer_5252,Male,65,Lucknow,Uttar Pradesh,Regular
5253,Customer_5253,Female,53,Hyderabad,Telangana,Gold
5254,Customer_5254,Female,65,Pune,Maharashtra,Gold
5255,Customer_5255,Female,55,Kolkata,West Bengal,Regular
5256,Customer_5256,Male,44,Lucknow,Uttar Pradesh,Silver
5257,Customer_5257,Male,53,Pune,Maharashtra,Platinum
5258,Customer_5258,Other,65,Chennai,Tamil Nadu,Regular
5259,Customer_5259,Male,40,Hyderabad,Telangana,Regular
5260,Customer_5260,Male,38,Pune,Maharashtra,Regular
5261,Customer_5261,Male,30,Pune,Maharashtra,Gold
5262,Customer_5262,Male,54,Kolkata,West Bengal,Silver
5263,Customer_5263,Male,64,Jaipur,Rajasthan,Regular
5264,Customer_5264,Male,43,Hyderabad,Telangana,Platinum
5265,Customer_5265,Male,57,Lucknow,Uttar Pradesh,Silver
5266,Customer_5266,Female,24,Chennai,Tamil Nadu,Gold
5267,Customer_5267,Male,63,Hyderabad,Telangana,Regular
5268,Customer_5268,Male,56,Delhi,Delhi,Regular
5269,Customer_5269,Female,39,Jaipur,Rajasthan,Silver
5270,Customer_5270,Female,56,Delhi,Delhi,Regular
5271,Customer_5271,Male,40,Chennai,Tamil Nadu,Silver
5272,Customer_5272,Female,47,Kolkata,West Bengal,Gold
5273,Customer_5273,Male,35,Kolkata,West Bengal,Regular
5274,Customer_5274,Female,59,Chennai,Tamil Nadu,Gold
5275,Customer_5275,Male,35,Bengaluru,Karnataka,Regular
5276,Customer_5276,Male,63,Chennai,Tamil Nadu,Regular
5277,Customer_5277,Female,27,Jaipur,Rajasthan,Regular
5278,Customer_5278,Female,56,Mumbai,Maharashtra,Regular
5279,Customer_5279,Male,47,Kolkata,West Bengal,Regular
5280,Customer_5280,Male,43,Ahmedabad,Gujarat,Gold
5281,Customer_5281,Male,24,Jaipur,Rajasthan,Silver
5282,Customer_5282,Female,24,Jaipur,Rajasthan,Regular
5283,Customer_5283,Male,22,Jaipur,Rajasthan,Silver
5284,Customer_5284,Male,18,Pune,Maharashtra,Regular
5285,Customer_5285,Male,63,Jaipur,Rajasthan,Regular
5286,Customer_5286,Female,35,Kolkata,West Bengal,Silver
5287,Customer_5287,Female,30,Mumbai,Maharashtra,Silver
5288,Customer_5288,Female,42,Mumbai,Maharashtra,Gold
5289,Customer_5289,Male,57,Jaipur,Rajasthan,Regular
5290,Customer_5290,Female,25,Delhi,Delhi,Silver
5291,Customer_5291,Female,27,Kolkata,West Bengal,Silver
5292,Customer_5292,Female,49,Kolkata,West Bengal,Platinum
5293,Customer_5293,Male,34,Hyderabad,Telangana,Regular
5294,Customer_5294,Male,55,Lucknow,Uttar Pradesh,Silver
5295,Customer_5295,Female,32,Bengaluru,Karnataka,Silver
5296,Customer_5296,Male,32,Bengaluru,Karnataka,Platinum
5297,Customer_5297,Female,65,Delhi,Delhi,Regular
5298,Customer_5298,Female,57,Bengaluru,Karnataka,Regular
5299,Customer_5299,Female,37,Hyderabad,Telangana,Regular
5300,Customer_5300,Female,32,Chennai,Tamil Nadu,Regular
5301,Customer_5301,Female,52,Bengaluru,Karnataka,Regular
5302,Customer_5302,Male,23,Kolkata,West Bengal,Regular
5303,Customer_5303,Male,47,Chennai,Tamil Nadu,Silver
5304,Customer_5304,Male,25,Bengaluru,Karnataka,Regular
5305,Customer_5305,Male,48,Kolkata,West Bengal,Regular
5306,Customer_5306,Male,65,Kolkata,West Bengal,Regular
5307,Customer_5307,Male,64,Jaipur,Rajasthan,Regular
5308,Customer_5308,Female,49,Mumbai,Maharashtra,Platinum
5309,Customer_5309,Female,62,Delhi,Delhi,Silver
5310,Customer_5310,Other,32,Hyderabad,Telangana,Gold
5311,Customer_5311,Female,35,Pune,Maharashtra,Regular
5312,Customer_5312,Female,30,Lucknow,Uttar Pradesh,Gold
5313,Customer_5313,Female,41,Bengaluru,Karnataka,Regular
5314,Customer_5314,Other,57,Bengaluru,Karnataka,Silver
5315,Customer_5315,Female,31,Chennai,Tamil Nadu,Regular
5316,Customer_5316,Female,45,Chennai,Tamil Nadu,Silver
5317,Customer_5317,Female,28,Lucknow,Uttar Pradesh,Silver
5318,Customer_5318,Female,23,Bengaluru,Karnataka,Regular
5319,Customer_5319,Male,42,Ahmedabad,Gujarat,Regular
5320,Customer_5320,Male,18,Hyderabad,Telangana,Silver
5321,Customer_5321,Male,42,Bengaluru,Karnataka,Regular
5322,Customer_5322,Male,19,Mumbai,Maharashtra,Regular
5323,Customer_5323,Male,49,Lucknow,Uttar Pradesh,Regular
5324,Customer_5324,Male,30,Ahmedabad,Gujarat,Regular
5325,Customer_5325,Male,50,Hyderabad,Telangana,Gold
5326,Customer_5326,Female,49,Bengaluru,Karnataka,Regular
5327,Customer_5327,Female,41,Pune,Maharashtra,Regular
5328,Customer_5328,Male,44,Jaipur,Rajasthan,Gold
5329,Customer_5329,Female,21,Mumbai,Maharashtra,Silver
5330,Customer_5330,Female,41,Pune,Maharashtra,Regular
5331,Customer_5331,Female,40,Chennai,Tamil Nadu,Gold
5332,Customer_5332,Female,46,Chennai,Tamil Nadu,Regular
5333,Customer_5333,Male,51,Bengaluru,Karnataka,Regular
5334,Customer_5334,Male,38,Chennai,Tamil Nadu,Platinum
5335,Customer_5335,Male,47,Mumbai,Maharashtra,Platinum
5336,Customer_5336,Male,43,Hyderabad,Telangana,Regular
5337,Customer_5337,Female,37,Kolkata,West Bengal,Regular
5338,Customer_5338,Male,33,Delhi,Delhi,Regular
5339,Customer_5339,Male,20,Lucknow,Uttar Pradesh,Regular
5340,Customer_5340,Male,54,Hyderabad,Telangana,Regular
5341,Customer_5341,Male,57,Kolkata,West Bengal,Regular
5342,Customer_5342,Female,61,Ahmedabad,Gujarat,Platinum
5343,Customer_5343,Female,42,Mumbai,Maharashtra,Gold
5344,Customer_5344,Male,40,Pune,Maharashtra,Regular
5345,Customer_5345,Male,61,Kolkata,West Bengal,Silver
5346,Customer_5346,Male,18,Mumbai,Maharashtra,Regular
5347,Customer_5347,Male,50,Jaipur,Rajasthan,Regular
5348,Customer_5348,Female,32,Pune,Maharashtra,Regular
5349,Customer_5349,Male,34,Chennai,Tamil Nadu,Silver
5350,Customer_5350,Female,51,Chennai,Tamil Nadu,Regular
5351,Customer_5351,Female,34,Pune,Maharashtra,Gold
5352,Customer_5352,Male,58,Ahmedabad,Gujarat,Silver
5353,Customer_5353,Male,61,Ahmedabad,Gujarat,Regular
5354,Customer_5354,Female,21,Ahmedabad,Gujarat,Regular
5355,Customer_5355,Female,30,Kolkata,West Bengal,Silver
5356,Customer_5356,Male,21,Lucknow,Uttar Pradesh,Gold
5357,Customer_5357,Female,24,Kolkata,West Bengal,Silver
5358,Customer_5358,Female,63,Bengaluru,Karnataka,Regular
5359,Customer_5359,Male,26,Delhi,Delhi,Silver
5360,Customer_5360,Female,40,Pune,Maharashtra,Regular
5361,Customer_5361,Male,50,Hyderabad,Telangana,Platinum
5362,Customer_5362,Female,50,Delhi,Delhi,Silver
5363,Customer_5363,Other,37,Jaipur,Rajasthan,Silver
5364,Customer_5364,Female,21,Kolkata,West Bengal,Regular
5365,Customer_5365,Male,18,Kolkata,West Bengal,Silver
5366,Customer_5366,Male,59,Mumbai,Maharashtra,Regular
5367,Customer_5367,Female,51,Delhi,Delhi,Regular
5368,Customer_5368,Female,44,Mumbai,Maharashtra,Regular
5369,Customer_5369,Female,38,Hyderabad,Telangana,Platinum
5370,Customer_5370,Female,41,Mumbai,Maharashtra,Silver
5371,Customer_5371,Female,32,Delhi,Delhi,Regular
5372,Customer_5372,Male,52,Pune,Maharashtra,Gold
5373,Customer_5373,Male,42,Jaipur,Rajasthan,Regular
5374,Customer_5374,Male,26,Kolkata,West Bengal,Regular
5375,Customer_5375,Female,34,Hyderabad,Telangana,Regular
5376,Customer_5376,Female,38,Kolkata,West Bengal,Silver
5377,Customer_5377,Female,30,Bengaluru,Karnataka,Regular
5378,Customer_5378,Male,20,Jaipur,Rajasthan,Regular
5379,Customer_5379,Male,21,Lucknow,Uttar Pradesh,Silver
5380,Customer_5380,Male,21,Mumbai,Maharashtra,Regular
5381,Customer_5381,Male,60,Chennai,Tamil Nadu,Gold
5382,Customer_5382,Male,45,Delhi,Delhi,Regular
5383,Customer_5383,Male,24,Kolkata,West Bengal,Gold
5384,Customer_5384,Male,43,Mumbai,Maharashtra,Silver
5385,Customer_5385,Female,28,Hyderabad,Telangana,Silver
5386,Customer_5386,Male,41,Kolkata,West Bengal,Regular
5387,Customer_5387,Female,60,Lucknow,Uttar Pradesh,Silver
5388,Customer_5388,Female,27,Jaipur,Rajasthan,Regular
5389,Customer_5389,Female,54,Jaipur,Rajasthan,Gold
5390,Customer_5390,Female,30,Kolkata,West Bengal,Regular
5391,Customer_5391,Male,61,Hyderabad,Telangana,Regular
5392,Customer_5392,Male,59,Jaipur,Rajasthan,Silver
5393,Customer_5393,Female,56,Jaipur,Rajasthan,Silver
5394,Customer_5394,Female,36,Lucknow,Uttar Pradesh,Regular
5395,Customer_5395,Female,36,Delhi,Delhi,Gold
5396,Customer_5396,Female,29,Hyderabad,Telangana,Platinum
5397,Customer_5397,Male,39,Hyderabad,Telangana,Silver
5398,Customer_5398,Male,64,Pune,Maharashtra,Regular
5399,Customer_5399,Female,54,Pune,Maharashtra,Silver
5400,Customer_5400,Male,47,Jaipur,Rajasthan,Regular
5401,Customer_5401,Male,63,Chennai,Tamil Nadu,Regular
5402,Customer_5402,Female,29,Pune,Maharashtra,Gold
5403,Customer_5403,Male,46,Jaipur,Rajasthan,Platinum
5404,Customer_5404,Male,38,Ahmedabad,Gujarat,Gold
5405,Customer_5405,Female,28,Bengaluru,Karnataka,Regular
5406,Customer_5406,Female,54,Bengaluru,Karnataka,Regular
5407,Customer_5407,Male,65,Hyderabad,Telangana,Regular
5408,Customer_5408,Female,35,Chennai,Tamil Nadu,Regular
5409,Customer_5409,Female,61,Lucknow,Uttar Pradesh,Regular
5410,Customer_5410,Male,44,Delhi,Delhi,Regular
5411,Customer_5411,Male,54,Pune,Maharashtra,Silver
5412,Customer_5412,Male,65,Ahmedabad,Gujarat,Silver
5413,Customer_5413,Female,29,Jaipur,Rajasthan,Silver
5414,Customer_5414,Male,40,Chennai,Tamil Nadu,Gold
5415,Customer_5415,Other,51,Hyderabad,Telangana,Regular
5416,Customer_5416,Female,55,Pune,Maharashtra,Regular
5417,Customer_5417,Female,40,Chennai,Tamil Nadu,Gold
5418,Customer_5418,Female,42,Pune,Maharashtra,Regular
5419,Customer_5419,Female,21,Delhi,Delhi,Silver
5420,Customer_5420,Male,47,Delhi,Delhi,Regular
5421,Customer_5421,Male,47,Lucknow,Uttar Pradesh,Regular
5422,Customer_5422,Female,30,Bengaluru,Karnataka,Silver
5423,Customer_5423,Male,59,Mumbai,Maharashtra,Gold
5424,Customer_5424,Male,31,Mumbai,Maharashtra,Gold
5425,Customer_5425,Female,64,Pune,Maharashtra,Regular
5426,Customer_5426,Female,25,Lucknow,Uttar Pradesh,Regular
5427,Customer_5427,Male,41,Mumbai,Maharashtra,Gold
5428,Customer_5428,Female,35,Hyderabad,Telangana,Regular
5429,Customer_5429,Male,52,Mumbai,Maharashtra,Regular
5430,Customer_5430,Female,42,Kolkata,West Bengal,Gold
5431,Customer_5431,Male,34,Jaipur,Rajasthan,Gold
5432,Customer_5432,Female,49,Lucknow,Uttar Pradesh,Gold
5433,Customer_5433,Male,41,Hyderabad,Telangana,Regular
5434,Customer_5434,Female,24,Chennai,Tamil Nadu,Regular
5435,Customer_5435,Male,30,Hyderabad,Telangana,Gold
5436,Customer_5436,Male,44,Bengaluru,Karnataka,Regular
5437,Customer_5437,Male,65,Chennai,Tamil Nadu,Gold
5438,Customer_5438,Male,22,Ahmedabad,Gujarat,Regular
5439,Customer_5439,Male,53,Jaipur,Rajasthan,Gold
5440,Customer_5440,Male,43,Jaipur,Rajasthan,Silver
5441,Customer_5441,Female,59,Jaipur,Rajasthan,Regular
5442,Customer_5442,Female,62,Jaipur,Rajasthan,Regular
5443,Customer_5443,Male,48,Pune,Maharashtra,Silver
5444,Customer_5444,Female,27,Jaipur,Rajasthan,Silver
5445,Customer_5445,Male,63,Jaipur,Rajasthan,Regular
5446,Customer_5446,Female,43,Jaipur,Rajasthan,Gold
5447,Customer_5447,Male,39,Lucknow,Uttar Pradesh,Regular
5448,Customer_5448,Female,29,Pune,Maharashtra,Regular
5449,Customer_5449,Male,49,Delhi,Delhi,Regular
5450,Customer_5450,Other,44,Hyderabad,Telangana,Gold
5451,Customer_5451,Male,50,Hyderabad,Telangana,Regular
5452,Customer_5452,Male,37,Chennai,Tamil Nadu,Regular
5453,Customer_5453,Male,56,Lucknow,Uttar Pradesh,Gold
5454,Customer_5454,Female,58,Kolkata,West Bengal,Regular
5455,Customer_5455,Female,57,Hyderabad,Telangana,Regular
5456,Customer_5456,Female,30,Mumbai,Maharashtra,Regular
5457,Customer_5457,Female,31,Kolkata,West Bengal,Silver
5458,Customer_5458,Female,61,Jaipur,Rajasthan,Silver
5459,Customer_5459,Female,57,Jaipur,Rajasthan,Gold
5460,Customer_5460,Male,39,Pune,Maharashtra,Gold
5461,Customer_5461,Female,35,Kolkata,West Bengal,Silver
5462,Customer_5462,Male,65,Mumbai,Maharashtra,Silver
5463,Customer_5463,Female,46,Pune,Maharashtra,Regular
5464,Customer_5464,Female,60,Chennai,Tamil Nadu,Regular
5465,Customer_5465,Female,33,Kolkata,West Bengal,Silver
5466,Customer_5466,Female,63,Lucknow,Uttar Pradesh,Gold
5467,Customer_5467,Female,52,Jaipur,Rajasthan,Regular
5468,Customer_5468,Female,51,Jaipur,Rajasthan,Regular
5469,Customer_5469,Male,20,Bengaluru,Karnataka,Regular
5470,Customer_5470,Male,21,Pune,Maharashtra,Regular
5471,Customer_5471,Female,22,Delhi,Delhi,Regular
5472,Customer_5472,Female,27,Delhi,Delhi,Regular
5473,Customer_5473,Male,46,Pune,Maharashtra,Regular
5474,Customer_5474,Male,49,Lucknow,Uttar Pradesh,Silver
5475,Customer_5475,Male,48,Ahmedabad,Gujarat,Regular
5476,Customer_5476,Male,19,Pune,Maharashtra,Silver
5477,Customer_5477,Female,29,Lucknow,Uttar Pradesh,Gold
5478,Customer_5478,Female,44,Chennai,Tamil Nadu,Platinum
5479,Customer_5479,Female,22,Jaipur,Rajasthan,Silver
5480,Customer_5480,Female,54,Mumbai,Maharashtra,Regular
5481,Customer_5481,Female,44,Ahmedabad,Gujarat,Platinum
5482,Customer_5482,Male,40,Kolkata,West Bengal,Silver
5483,Customer_5483,Male,50,Ahmedabad,Gujarat,Regular
5484,Customer_5484,Male,21,Mumbai,Maharashtra,Regular
5485,Customer_5485,Male,38,Bengaluru,Karnataka,Regular
5486,Customer_5486,Male,41,Jaipur,Rajasthan,Regular
5487,Customer_5487,Male,61,Delhi,Delhi,Regular
5488,Customer_5488,Male,48,Lucknow,Uttar Pradesh,Gold
5489,Customer_5489,Male,61,Pune,Maharashtra,Regular
5490,Customer_5490,Female,65,Pune,Maharashtra,Silver
5491,Customer_5491,Male,41,Delhi,Delhi,Gold
5492,Customer_5492,Female,27,Ahmedabad,Gujarat,Gold
5493,Customer_5493,Male,19,Jaipur,Rajasthan,Gold
5494,Customer_5494,Female,48,Hyderabad,Telangana,Platinum
5495,Customer_5495,Female,42,Lucknow,Uttar Pradesh,Regular
5496,Customer_5496,Female,21,Chennai,Tamil Nadu,Platinum
5497,Customer_5497,Female,28,Mumbai,Maharashtra,Silver
5498,Customer_5498,Male,34,Ahmedabad,Gujarat,Regular
5499,Customer_5499,Male,61,Kolkata,West Bengal,Silver
5500,Customer_5500,Male,19,Bengaluru,Karnataka,Silver
5501,Customer_5501,Male,23,Pune,Maharashtra,Gold
5502,Customer_5502,Male,26,Ahmedabad,Gujarat,Regular
5503,Customer_5503,Female,22,Bengaluru,Karnataka,Silver
5504,Customer_5504,Female,37,Mumbai,Maharashtra,Regular
5505,Customer_5505,Female,46,Pune,Maharashtra,Regular
5506,Customer_5506,Female,38,Pune,Maharashtra,Regular
5507,Customer_5507,Female,26,Hyderabad,Telangana,Regular
5508,Customer_5508,Female,45,Ahmedabad,Gujarat,Gold
5509,Customer_5509,Female,25,Jaipur,Rajasthan,Regular
5510,Customer_5510,Male,48,Delhi,Delhi,Regular
5511,Customer_5511,Male,37,Delhi,Delhi,Regular
5512,Customer_5512,Female,44,Chennai,Tamil Nadu,Regular
5513,Customer_5513,Female,25,Kolkata,West Bengal,Regular
5514,Customer_5514,Female,38,Bengaluru,Karnataka,Regular
5515,Customer_5515,Male,45,Ahmedabad,Gujarat,Silver
5516,Customer_5516,Female,40,Lucknow,Uttar Pradesh,Regular
5517,Customer_5517,Male,23,Kolkata,West Bengal,Regular
5518,Customer_5518,Male,20,Hyderabad,Telangana,Regular
5519,Customer_5519,Male,22,Pune,Maharashtra,Silver
5520,Customer_5520,Male,26,Jaipur,Rajasthan,Regular
5521,Customer_5521,Male,24,Ahmedabad,Gujarat,Silver
5522,Customer_5522,Male,21,Kolkata,West Bengal,Gold
5523,Customer_5523,Male,56,Kolkata,West Bengal,Silver
5524,Customer_5524,Male,22,Jaipur,Rajasthan,Regular
5525,Customer_5525,Female,28,Chennai,Tamil Nadu,Silver
5526,Customer_5526,Female,32,Bengaluru,Karnataka,Silver
5527,Customer_5527,Male,51,Bengaluru,Karnataka,Regular
5528,Customer_5528,Male,30,Kolkata,West Bengal,Gold
5529,Customer_5529,Female,65,Mumbai,Maharashtra,Gold
5530,Customer_5530,Female,24,Kolkata,West Bengal,Gold
5531,Customer_5531,Male,57,Kolkata,West Bengal,Gold
5532,Customer_5532,Female,23,Jaipur,Rajasthan,Silver
5533,Customer_5533,Female,56,Pune,Maharashtra,Silver
5534,Customer_5534,Male,47,Jaipur,Rajasthan,Silver
5535,Customer_5535,Male,39,Ahmedabad,Gujarat,Gold
5536,Customer_5536,Male,42,Kolkata,West Bengal,Silver
5537,Customer_5537,Female,45,Bengaluru,Karnataka,Regular
5538,Customer_5538,Male,37,Lucknow,Uttar Pradesh,Regular
5539,Customer_5539,Male,56,Bengaluru,Karnataka,Gold
5540,Customer_5540,Male,20,Delhi,Delhi,Regular
5541,Customer_5541,Female,22,Chennai,Tamil Nadu,Silver
5542,Customer_5542,Female,18,Hyderabad,Telangana,Platinum
5543,Customer_5543,Female,32,Ahmedabad,Gujarat,Silver
5544,Customer_5544,Female,43,Ahmedabad,Gujarat,Platinum
5545,Customer_5545,Male,20,Chennai,Tamil Nadu,Silver
5546,Customer_5546,Female,57,Lucknow,Uttar Pradesh,Regular
5547,Customer_5547,Female,58,Hyderabad,Telangana,Gold
5548,Customer_5548,Male,64,Pune,Maharashtra,Regular
5549,Customer_5549,Female,59,Kolkata,West Bengal,Regular
5550,Customer_5550,Female,51,Hyderabad,Telangana,Regular
5551,Customer_5551,Female,22,Lucknow,Uttar Pradesh,Regular
5552,Customer_5552,Male,48,Mumbai,Maharashtra,Regular
5553,Customer_5553,Female,30,Delhi,Delhi,Regular
5554,Customer_5554,Female,60,Hyderabad,Telangana,Silver
5555,Customer_5555,Male,18,Hyderabad,Telangana,Gold
5556,Customer_5556,Male,39,Delhi,Delhi,Regular
5557,Customer_5557,Male,32,Kolkata,West Bengal,Regular
5558,Customer_5558,Other,43,Hyderabad,Telangana,Silver
5559,Customer_5559,Female,35,Delhi,Delhi,Silver
5560,Customer_5560,Male,65,Delhi,Delhi,Gold
5561,Customer_5561,Male,26,Delhi,Delhi,Regular
5562,Customer_5562,Male,18,Jaipur,Rajasthan,Gold
5563,Customer_5563,Female,60,Lucknow,Uttar Pradesh,Regular
5564,Customer_5564,Male,26,Jaipur,Rajasthan,Silver
5565,Customer_5565,Female,40,Mumbai,Maharashtra,Regular
5566,Customer_5566,Female,60,Pune,Maharashtra,Regular
5567,Customer_5567,Female,62,Jaipur,Rajasthan,Regular
5568,Customer_5568,Male,19,Jaipur,Rajasthan,Regular
5569,Customer_5569,Male,31,Lucknow,Uttar Pradesh,Regular
5570,Customer_5570,Male,55,Pune,Maharashtra,Gold
5571,Customer_5571,Male,57,Chennai,Tamil Nadu,Silver
5572,Customer_5572,Male,35,Delhi,Delhi,Silver
5573,Customer_5573,Female,33,Ahmedabad,Gujarat,Regular
5574,Customer_5574,Male,46,Pune,Maharashtra,Regular
5575,Customer_5575,Male,61,Mumbai,Maharashtra,Platinum
5576,Customer_5576,Male,28,Kolkata,West Bengal,Silver
5577,Customer_5577,Male,23,Mumbai,Maharashtra,Regular
5578,Customer_5578,Other,20,Delhi,Delhi,Regular
5579,Customer_5579,Male,31,Pune,Maharashtra,Silver
5580,Customer_5580,Male,19,Mumbai,Maharashtra,Regular
5581,Customer_5581,Female,49,Mumbai,Maharashtra,Regular
5582,Customer_5582,Male,48,Chennai,Tamil Nadu,Gold
5583,Customer_5583,Male,28,Chennai,Tamil Nadu,Silver
5584,Customer_5584,Male,39,Pune,Maharashtra,Silver
5585,Customer_5585,Male,20,Delhi,Delhi,Regular
5586,Customer_5586,Male,48,Jaipur,Rajasthan,Regular
5587,Customer_5587,Male,50,Bengaluru,Karnataka,Platinum
5588,Customer_5588,Female,41,Hyderabad,Telangana,Gold
5589,Customer_5589,Male,18,Ahmedabad,Gujarat,Regular
5590,Customer_5590,Female,61,Hyderabad,Telangana,Regular
5591,Customer_5591,Female,32,Lucknow,Uttar Pradesh,Regular
5592,Customer_5592,Female,54,Chennai,Tamil Nadu,Regular
5593,Customer_5593,Male,44,Pune,Maharashtra,Silver
5594,Customer_5594,Male,55,Hyderabad,Telangana,Platinum
5595,Customer_5595,Female,65,Delhi,Delhi,Regular
5596,Customer_5596,Female,44,Ahmedabad,Gujarat,Regular
5597,Customer_5597,Female,61,Hyderabad,Telangana,Gold
5598,Customer_5598,Male,29,Ahmedabad,Gujarat,Regular
5599,Customer_5599,Female,20,Kolkata,West Bengal,Platinum
5600,Customer_5600,Male,47,Delhi,Delhi,Silver
5601,Customer_5601,Male,49,Bengaluru,Karnataka,Platinum
5602,Customer_5602,Male,40,Mumbai,Maharashtra,Regular
5603,Customer_5603,Male,19,Ahmedabad,Gujarat,Regular
5604,Customer_5604,Male,24,Delhi,Delhi,Regular
5605,Customer_5605,Female,51,Ahmedabad,Gujarat,Regular
5606,Customer_5606,Female,49,Ahmedabad,Gujarat,Regular
5607,Customer_5607,Female,56,Jaipur,Rajasthan,Platinum
5608,Customer_5608,Male,49,Jaipur,Rajasthan,Gold
5609,Customer_5609,Female,60,Delhi,Delhi,Silver
5610,Customer_5610,Male,60,Jaipur,Rajasthan,Regular
5611,Customer_5611,Male,31,Lucknow,Uttar Pradesh,Silver
5612,Customer_5612,Male,20,Bengaluru,Karnataka,Silver
5613,Customer_5613,Male,63,Pune,Maharashtra,Regular
5614,Customer_5614,Male,49,Delhi,Delhi,Gold
5615,Customer_5615,Male,60,Delhi,Delhi,Regular
5616,Customer_5616,Female,53,Lucknow,Uttar Pradesh,Regular
5617,Customer_5617,Female,34,Chennai,Tamil Nadu,Regular
5618,Customer_5618,Male,65,Chennai,Tamil Nadu,Gold
5619,Customer_5619,Other,20,Jaipur,Rajasthan,Silver
5620,Customer_5620,Female,27,Pune,Maharashtra,Regular
5621,Customer_5621,Male,64,Jaipur,Rajasthan,Regular
5622,Customer_5622,Female,57,Kolkata,West Bengal,Regular
5623,Customer_5623,Male,35,Kolkata,West Bengal,Regular
5624,Customer_5624,Female,20,Mumbai,Maharashtra,Regular
5625,Customer_5625,Female,56,Kolkata,West Bengal,Regular
5626,Customer_5626,Other,27,Chennai,Tamil Nadu,Regular
5627,Customer_5627,Female,26,Bengaluru,Karnataka,Gold
5628,Customer_5628,Female,63,Kolkata,West Bengal,Regular
5629,Customer_5629,Female,63,Jaipur,Rajasthan,Silver
5630,Customer_5630,Male,28,Ahmedabad,Gujarat,Regular
5631,Customer_5631,Male,50,Delhi,Delhi,Regular
5632,Customer_5632,Male,53,Bengaluru,Karnataka,Regular
5633,Customer_5633,Male,43,Bengaluru,Karnataka,Regular
5634,Customer_5634,Male,44,Jaipur,Rajasthan,Regular
5635,Customer_5635,Female,55,Delhi,Delhi,Gold
5636,Customer_5636,Female,39,Chennai,Tamil Nadu,Platinum
5637,Customer_5637,Female,43,Bengaluru,Karnataka,Regular
5638,Customer_5638,Female,39,Mumbai,Maharashtra,Regular
5639,Customer_5639,Female,22,Jaipur,Rajasthan,Platinum
5640,Customer_5640,Female,52,Bengaluru,Karnataka,Regular
5641,Customer_5641,Male,19,Pune,Maharashtra,Silver
5642,Customer_5642,Female,52,Delhi,Delhi,Platinum
5643,Customer_5643,Male,26,Kolkata,West Bengal,Platinum
5644,Customer_5644,Male,35,Bengaluru,Karnataka,Regular
5645,Customer_5645,Male,60,Jaipur,Rajasthan,Regular
5646,Customer_5646,Female,29,Kolkata,West Bengal,Regular
5647,Customer_5647,Female,20,Mumbai,Maharashtra,Gold
5648,Customer_5648,Male,35,Kolkata,West Bengal,Gold
5649,Customer_5649,Male,55,Pune,Maharashtra,Silver
5650,Customer_5650,Female,24,Chennai,Tamil Nadu,Silver
5651,Customer_5651,Female,50,Bengaluru,Karnataka,Silver
5652,Customer_5652,Male,23,Hyderabad,Telangana,Silver
5653,Customer_5653,Female,35,Hyderabad,Telangana,Gold
5654,Customer_5654,Female,62,Kolkata,West Bengal,Silver
5655,Customer_5655,Female,39,Lucknow,Uttar Pradesh,Regular
5656,Customer_5656,Male,56,Delhi,Delhi,Regular
5657,Customer_5657,Male,26,Hyderabad,Telangana,Silver
5658,Customer_5658,Male,52,Lucknow,Uttar Pradesh,Regular
5659,Customer_5659,Male,40,Hyderabad,Telangana,Regular
5660,Customer_5660,Female,29,Lucknow,Uttar Pradesh,Gold
5661,Customer_5661,Male,41,Delhi,Delhi,Silver
5662,Customer_5662,Female,57,Ahmedabad,Gujarat,Platinum
5663,Customer_5663,Male,26,Hyderabad,Telangana,Regular
5664,Customer_5664,Female,30,Pune,Maharashtra,Silver
5665,Customer_5665,Male,57,Bengaluru,Karnataka,Regular
5666,Customer_5666,Female,59,Lucknow,Uttar Pradesh,Gold
5667,Customer_5667,Female,34,Bengaluru,Karnataka,Regular
5668,Customer_5668,Female,24,Jaipur,Rajasthan,Silver
5669,Customer_5669,Male,34,Jaipur,Rajasthan,Gold
5670,Customer_5670,Male,41,Delhi,Delhi,Regular
5671,Customer_5671,Female,19,Lucknow,Uttar Pradesh,Platinum
5672,Customer_5672,Male,52,Mumbai,Maharashtra,Gold
5673,Customer_5673,Male,45,Jaipur,Rajasthan,Regular
5674,Customer_5674,Male,36,Delhi,Delhi,Regular
5675,Customer_5675,Male,50,Jaipur,Rajasthan,Regular
5676,Customer_5676,Female,38,Jaipur,Rajasthan,Regular
5677,Customer_5677,Male,27,Mumbai,Maharashtra,Gold
5678,Customer_5678,Male,63,Hyderabad,Telangana,Platinum
5679,Customer_5679,Male,62,Kolkata,West Bengal,Regular
5680,Customer_5680,Female,26,Ahmedabad,Gujarat,Regular
5681,Customer_5681,Male,55,Jaipur,Rajasthan,Regular
5682,Customer_5682,Male,23,Jaipur,Rajasthan,Regular
5683,Customer_5683,Female,59,Pune,Maharashtra,Regular
5684,Customer_5684,Other,52,Ahmedabad,Gujarat,Regular
5685,Customer_5685,Other,35,Mumbai,Maharashtra,Regular
5686,Customer_5686,Female,36,Bengaluru,Karnataka,Silver
5687,Customer_5687,Male,22,Lucknow,Uttar Pradesh,Silver
5688,Customer_5688,Female,42,Jaipur,Rajasthan,Regular
5689,Customer_5689,Male,28,Kolkata,West Bengal,Gold
5690,Customer_5690,Female,27,Lucknow,Uttar Pradesh,Silver
5691,Customer_5691,Male,34,Ahmedabad,Gujarat,Gold
5692,Customer_5692,Female,53,Lucknow,Uttar Pradesh,Regular
5693,Customer_5693,Female,43,Hyderabad,Telangana,Gold
5694,Customer_5694,Male,48,Jaipur,Rajasthan,Gold
5695,Customer_5695,Female,49,Lucknow,Uttar Pradesh,Regular
5696,Customer_5696,Male,38,Bengaluru,Karnataka,Regular
5697,Customer_5697,Male,35,Bengaluru,Karnataka,Platinum
5698,Customer_5698,Male,35,Jaipur,Rajasthan,Silver
5699,Customer_5699,Male,18,Chennai,Tamil Nadu,Gold
5700,Customer_5700,Male,31,Bengaluru,Karnataka,Gold
5701,Customer_5701,Female,25,Lucknow,Uttar Pradesh,Silver
5702,Customer_5702,Male,19,Delhi,Delhi,Regular
5703,Customer_5703,Male,32,Bengaluru,Karnataka,Regular
5704,Customer_5704,Male,51,Ahmedabad,Gujarat,Platinum
5705,Customer_5705,Female,53,Chennai,Tamil Nadu,Regular
5706,Customer_5706,Female,18,Lucknow,Uttar Pradesh,Regular
5707,Customer_5707,Female,38,Mumbai,Maharashtra,Silver
5708,Customer_5708,Female,59,Pune,Maharashtra,Silver
5709,Customer_5709,Female,18,Mumbai,Maharashtra,Regular
5710,Customer_5710,Female,49,Hyderabad,Telangana,Regular
5711,Customer_5711,Female,37,Pune,Maharashtra,Regular
5712,Customer_5712,Male,64,Hyderabad,Telangana,Regular
5713,Customer_5713,Female,53,Pune,Maharashtra,Gold
5714,Customer_5714,Male,56,Pune,Maharashtra,Regular
5715,Customer_5715,Female,47,Delhi,Delhi,Gold
5716,Customer_5716,Female,24,Kolkata,West Bengal,Gold
5717,Customer_5717,Female,39,Ahmedabad,Gujarat,Silver
5718,Customer_5718,Female,62,Mumbai,Maharashtra,Regular
5719,Customer_5719,Male,27,Bengaluru,Karnataka,Regular
5720,Customer_5720,Male,25,Lucknow,Uttar Pradesh,Regular
5721,Customer_5721,Male,44,Chennai,Tamil Nadu,Regular
5722,Customer_5722,Female,27,Ahmedabad,Gujarat,Gold
5723,Customer_5723,Female,31,Hyderabad,Telangana,Regular
5724,Customer_5724,Female,63,Delhi,Delhi,Gold
5725,Customer_5725,Female,28,Hyderabad,Telangana,Regular
5726,Customer_5726,Female,23,Kolkata,West Bengal,Regular
5727,Customer_5727,Female,38,Chennai,Tamil Nadu,Platinum
5728,Customer_5728,Female,50,Delhi,Delhi,Silver
5729,Customer_5729,Female,36,Hyderabad,Telangana,Regular
5730,Customer_5730,Female,56,Kolkata,West Bengal,Regular
5731,Customer_5731,Male,41,Lucknow,Uttar Pradesh,Regular
5732,Customer_5732,Female,35,Lucknow,Uttar Pradesh,Silver
5733,Customer_5733,Male,52,Hyderabad,Telangana,Regular
5734,Customer_5734,Male,60,Ahmedabad,Gujarat,Silver
5735,Customer_5735,Female,54,Chennai,Tamil Nadu,Silver
5736,Customer_5736,Male,36,Jaipur,Rajasthan,Gold
5737,Customer_5737,Female,41,Ahmedabad,Gujarat,Regular
5738,Customer_5738,Male,51,Lucknow,Uttar Pradesh,Regular
5739,Customer_5739,Male,39,Chennai,Tamil Nadu,Silver
5740,Customer_5740,Male,21,Kolkata,West Bengal,Regular
5741,Customer_5741,Male,27,Delhi,Delhi,Regular
5742,Customer_5742,Male,19,Pune,Maharashtra,Regular
5743,Customer_5743,Male,25,Hyderabad,Telangana,Regular
5744,Customer_5744,Male,50,Mumbai,Maharashtra,Regular
5745,Customer_5745,Male,55,Chennai,Tamil Nadu,Regular
5746,Customer_5746,Male,60,Bengaluru,Karnataka,Platinum
5747,Customer_5747,Female,45,Kolkata,West Bengal,Silver
5748,Customer_5748,Male,27,Jaipur,Rajasthan,Regular
5749,Customer_5749,Female,62,Pune,Maharashtra,Regular
5750,Customer_5750,Female,18,Bengaluru,Karnataka,Silver
5751,Customer_5751,Male,51,Jaipur,Rajasthan,Gold
5752,Customer_5752,Female,20,Mumbai,Maharashtra,Regular
5753,Customer_5753,Female,26,Lucknow,Uttar Pradesh,Gold
5754,Customer_5754,Female,22,Ahmedabad,Gujarat,Silver
5755,Customer_5755,Male,59,Hyderabad,Telangana,Regular
5756,Customer_5756,Female,27,Delhi,Delhi,Platinum
5757,Customer_5757,Female,29,Jaipur,Rajasthan,Silver
5758,Customer_5758,Male,35,Pune,Maharashtra,Gold
5759,Customer_5759,Male,38,Chennai,Tamil Nadu,Regular
5760,Customer_5760,Male,38,Lucknow,Uttar Pradesh,Silver
5761,Customer_5761,Female,18,Chennai,Tamil Nadu,Silver
5762,Customer_5762,Male,20,Pune,Maharashtra,Regular
5763,Customer_5763,Female,22,Chennai,Tamil Nadu,Silver
5764,Customer_5764,Male,42,Jaipur,Rajasthan,Regular
5765,Customer_5765,Female,25,Kolkata,West Bengal,Regular
5766,Customer_5766,Male,34,Chennai,Tamil Nadu,Regular
5767,Customer_5767,Male,26,Ahmedabad,Gujarat,Silver
5768,Customer_5768,Female,49,Mumbai,Maharashtra,Gold
5769,Customer_5769,Male,23,Delhi,Delhi,Regular
5770,Customer_5770,Male,57,Jaipur,Rajasthan,Silver
5771,Customer_5771,Male,38,Bengaluru,Karnataka,Regular
5772,Customer_5772,Female,24,Pune,Maharashtra,Gold
5773,Customer_5773,Female,24,Lucknow,Uttar Pradesh,Silver
5774,Customer_5774,Female,64,Jaipur,Rajasthan,Gold
5775,Customer_5775,Male,56,Kolkata,West Bengal,Gold
5776,Customer_5776,Male,44,Lucknow,Uttar Pradesh,Regular
5777,Customer_5777,Female,25,Ahmedabad,Gujarat,Regular
5778,Customer_5778,Female,26,Pune,Maharashtra,Platinum
5779,Customer_5779,Male,45,Lucknow,Uttar Pradesh,Regular
5780,Customer_5780,Male,32,Chennai,Tamil Nadu,Silver
5781,Customer_5781,Male,19,Jaipur,Rajasthan,Platinum
5782,Customer_5782,Female,24,Mumbai,Maharashtra,Regular
5783,Customer_5783,Male,64,Pune,Maharashtra,Gold
5784,Customer_5784,Female,35,Hyderabad,Telangana,Platinum
5785,Customer_5785,Male,39,Ahmedabad,Gujarat,Silver
5786,Customer_5786,Male,27,Delhi,Delhi,Regular
5787,Customer_5787,Male,50,Pune,Maharashtra,Regular
5788,Customer_5788,Male,24,Kolkata,West Bengal,Regular
5789,Customer_5789,Male,20,Jaipur,Rajasthan,Gold
5790,Customer_5790,Male,31,Chennai,Tamil Nadu,Gold
5791,Customer_5791,Male,61,Delhi,Delhi,Silver
5792,Customer_5792,Male,63,Delhi,Delhi,Regular
5793,Customer_5793,Male,53,Ahmedabad,Gujarat,Regular
5794,Customer_5794,Female,30,Lucknow,Uttar Pradesh,Silver
5795,Customer_5795,Male,33,Kolkata,West Bengal,Silver
5796,Customer_5796,Female,33,Lucknow,Uttar Pradesh,Gold
5797,Customer_5797,Male,22,Chennai,Tamil Nadu,Silver
5798,Customer_5798,Male,42,Delhi,Delhi,Gold
5799,Customer_5799,Male,55,Kolkata,West Bengal,Silver
5800,Customer_5800,Male,55,Kolkata,West Bengal,Silver
5801,Customer_5801,Male,55,Bengaluru,Karnataka,Regular
5802,Customer_5802,Male,56,Jaipur,Rajasthan,Gold
5803,Customer_5803,Female,65,Delhi,Delhi,Silver
5804,Customer_5804,Male,58,Delhi,Delhi,Regular
5805,Customer_5805,Male,43,Kolkata,West Bengal,Regular
5806,Customer_5806,Male,30,Lucknow,Uttar Pradesh,Regular
5807,Customer_5807,Female,61,Delhi,Delhi,Regular
5808,Customer_5808,Female,43,Kolkata,West Bengal,Regular
5809,Customer_5809,Male,18,Delhi,Delhi,Regular
5810,Customer_5810,Male,25,Kolkata,West Bengal,Regular
5811,Customer_5811,Female,21,Bengaluru,Karnataka,Regular
5812,Customer_5812,Male,38,Jaipur,Rajasthan,Gold
5813,Customer_5813,Female,39,Kolkata,West Bengal,Regular
5814,Customer_5814,Female,54,Delhi,Delhi,Silver
5815,Customer_5815,Male,20,Chennai,Tamil Nadu,Regular
5816,Customer_5816,Male,36,Jaipur,Rajasthan,Regular
5817,Customer_5817,Female,18,Bengaluru,Karnataka,Regular
5818,Customer_5818,Male,46,Kolkata,West Bengal,Gold
5819,Customer_5819,Male,40,Chennai,Tamil Nadu,Gold
5820,Customer_5820,Female,50,Kolkata,West Bengal,Regular
5821,Customer_5821,Male,58,Lucknow,Uttar Pradesh,Silver
5822,Customer_5822,Male,40,Delhi,Delhi,Regular
5823,Customer_5823,Male,22,Pune,Maharashtra,Platinum
5824,Customer_5824,Female,24,Ahmedabad,Gujarat,Platinum
5825,Customer_5825,Male,23,Mumbai,Maharashtra,Silver
5826,Customer_5826,Female,39,Lucknow,Uttar Pradesh,Silver
5827,Customer_5827,Female,30,Chennai,Tamil Nadu,Gold
5828,Customer_5828,Male,29,Lucknow,Uttar Pradesh,Silver
5829,Customer_5829,Male,21,Hyderabad,Telangana,Silver
5830,Customer_5830,Male,25,Kolkata,West Bengal,Platinum
5831,Customer_5831,Female,54,Kolkata,West Bengal,Silver
5832,Customer_5832,Female,48,Mumbai,Maharashtra,Silver
5833,Customer_5833,Female,54,Mumbai,Maharashtra,Gold
5834,Customer_5834,Male,62,Hyderabad,Telangana,Silver
5835,Customer_5835,Female,43,Delhi,Delhi,Silver
5836,Customer_5836,Male,60,Ahmedabad,Gujarat,Regular
5837,Customer_5837,Female,25,Pune,Maharashtra,Regular
5838,Customer_5838,Female,57,Pune,Maharashtra,Regular
5839,Customer_5839,Male,50,Bengaluru,Karnataka,Regular
5840,Customer_5840,Male,62,Bengaluru,Karnataka,Regular
5841,Customer_5841,Female,46,Delhi,Delhi,Platinum
5842,Customer_5842,Female,22,Bengaluru,Karnataka,Silver
5843,Customer_5843,Male,45,Bengaluru,Karnataka,Gold
5844,Customer_5844,Male,57,Hyderabad,Telangana,Regular
5845,Customer_5845,Female,34,Hyderabad,Telangana,Gold
5846,Customer_5846,Male,40,Bengaluru,Karnataka,Silver
5847,Customer_5847,Male,62,Lucknow,Uttar Pradesh,Silver
5848,Customer_5848,Male,26,Jaipur,Rajasthan,Regular
5849,Customer_5849,Male,19,Jaipur,Rajasthan,Regular
5850,Customer_5850,Male,49,Delhi,Delhi,Silver
5851,Customer_5851,Other,48,Pune,Maharashtra,Silver
5852,Customer_5852,Female,24,Mumbai,Maharashtra,Gold
5853,Customer_5853,Male,47,Delhi,Delhi,Gold
5854,Customer_5854,Female,20,Bengaluru,Karnataka,Platinum
5855,Customer_5855,Male,26,Hyderabad,Telangana,Silver
5856,Customer_5856,Male,27,Kolkata,West Bengal,Platinum
5857,Customer_5857,Female,63,Lucknow,Uttar Pradesh,Gold
5858,Customer_5858,Male,64,Chennai,Tamil Nadu,Regular
5859,Customer_5859,Other,43,Hyderabad,Telangana,Regular
5860,Customer_5860,Male,18,Jaipur,Rajasthan,Regular
5861,Customer_5861,Female,47,Hyderabad,Telangana,Regular
5862,Customer_5862,Male,55,Lucknow,Uttar Pradesh,Regular
5863,Customer_5863,Male,32,Mumbai,Maharashtra,Regular
5864,Customer_5864,Male,42,Bengaluru,Karnataka,Silver
5865,Customer_5865,Female,23,Kolkata,West Bengal,Regular
5866,Customer_5866,Female,35,Jaipur,Rajasthan,Regular
5867,Customer_5867,Female,18,Jaipur,Rajasthan,Silver
5868,Customer_5868,Female,20,Ahmedabad,Gujarat,Gold
5869,Customer_5869,Female,34,Pune,Maharashtra,Platinum
5870,Customer_5870,Male,65,Mumbai,Maharashtra,Silver
5871,Customer_5871,Male,25,Jaipur,Rajasthan,Regular
5872,Customer_5872,Female,57,Pune,Maharashtra,Regular
5873,Customer_5873,Female,34,Jaipur,Rajasthan,Regular
5874,Customer_5874,Female,42,Bengaluru,Karnataka,Regular
5875,Customer_5875,Male,58,Pune,Maharashtra,Regular
5876,Customer_5876,Male,29,Lucknow,Uttar Pradesh,Platinum
5877,Customer_5877,Female,46,Ahmedabad,Gujarat,Regular
5878,Customer_5878,Female,42,Bengaluru,Karnataka,Regular
5879,Customer_5879,Male,53,Lucknow,Uttar Pradesh,Regular
5880,Customer_5880,Female,42,Kolkata,West Bengal,Silver
5881,Customer_5881,Female,46,Mumbai,Maharashtra,Regular
5882,Customer_5882,Male,28,Mumbai,Maharashtra,Regular
5883,Customer_5883,Female,21,Chennai,Tamil Nadu,Regular
5884,Customer_5884,Female,31,Chennai,Tamil Nadu,Regular
5885,Customer_5885,Female,63,Pune,Maharashtra,Regular
5886,Customer_5886,Female,55,Mumbai,Maharashtra,Regular
5887,Customer_5887,Female,34,Pune,Maharashtra,Regular
5888,Customer_5888,Male,19,Chennai,Tamil Nadu,Gold
5889,Customer_5889,Male,25,Kolkata,West Bengal,Silver
5890,Customer_5890,Male,53,Jaipur,Rajasthan,Silver
5891,Customer_5891,Male,27,Lucknow,Uttar Pradesh,Regular
5892,Customer_5892,Male,24,Hyderabad,Telangana,Regular
5893,Customer_5893,Male,53,Pune,Maharashtra,Regular
5894,Customer_5894,Male,33,Kolkata,West Bengal,Regular
5895,Customer_5895,Male,31,Lucknow,Uttar Pradesh,Regular
5896,Customer_5896,Female,33,Mumbai,Maharashtra,Regular
5897,Customer_5897,Male,42,Jaipur,Rajasthan,Silver
5898,Customer_5898,Female,58,Lucknow,Uttar Pradesh,Gold
5899,Customer_5899,Male,21,Ahmedabad,Gujarat,Silver
5900,Customer_5900,Male,46,Chennai,Tamil Nadu,Regular
5901,Customer_5901,Female,23,Lucknow,Uttar Pradesh,Silver
5902,Customer_5902,Female,18,Hyderabad,Telangana,Regular
5903,Customer_5903,Male,56,Kolkata,West Bengal,Silver
5904,Customer_5904,Male,18,Jaipur,Rajasthan,Regular
5905,Customer_5905,Male,57,Bengaluru,Karnataka,Regular
5906,Customer_5906,Male,20,Lucknow,Uttar Pradesh,Gold
5907,Customer_5907,Male,18,Delhi,Delhi,Silver
5908,Customer_5908,Female,18,Hyderabad,Telangana,Regular
5909,Customer_5909,Female,56,Hyderabad,Telangana,Regular
5910,Customer_5910,Female,38,Delhi,Delhi,Regular
5911,Customer_5911,Male,62,Ahmedabad,Gujarat,Gold
5912,Customer_5912,Male,47,Bengaluru,Karnataka,Silver
5913,Customer_5913,Male,49,Chennai,Tamil Nadu,Platinum
5914,Customer_5914,Male,50,Kolkata,West Bengal,Regular
5915,Customer_5915,Male,65,Jaipur,Rajasthan,Silver
5916,Customer_5916,Female,39,Kolkata,West Bengal,Gold
5917,Customer_5917,Male,47,Bengaluru,Karnataka,Regular
5918,Customer_5918,Female,63,Kolkata,West Bengal,Regular
5919,Customer_5919,Male,21,Delhi,Delhi,Silver
5920,Customer_5920,Female,40,Hyderabad,Telangana,Silver
5921,Customer_5921,Female,61,Kolkata,West Bengal,Silver
5922,Customer_5922,Female,42,Pune,Maharashtra,Silver
5923,Customer_5923,Male,29,Lucknow,Uttar Pradesh,Gold
5924,Customer_5924,Female,34,Bengaluru,Karnataka,Silver
5925,Customer_5925,Female,32,Ahmedabad,Gujarat,Regular
5926,Customer_5926,Female,27,Pune,Maharashtra,Regular
5927,Customer_5927,Male,52,Delhi,Delhi,Gold
5928,Customer_5928,Female,46,Mumbai,Maharashtra,Platinum
5929,Customer_5929,Male,29,Delhi,Delhi,Regular
5930,Customer_5930,Female,18,Ahmedabad,Gujarat,Regular
5931,Customer_5931,Female,18,Ahmedabad,Gujarat,Regular
5932,Customer_5932,Male,27,Pune,Maharashtra,Regular
5933,Customer_5933,Male,35,Lucknow,Uttar Pradesh,Regular
5934,Customer_5934,Male,64,Bengaluru,Karnataka,Silver
5935,Customer_5935,Female,19,Chennai,Tamil Nadu,Regular
5936,Customer_5936,Male,25,Hyderabad,Telangana,Gold
5937,Customer_5937,Male,39,Pune,Maharashtra,Gold
5938,Customer_5938,Male,39,Ahmedabad,Gujarat,Platinum
5939,Customer_5939,Female,43,Mumbai,Maharashtra,Regular
5940,Customer_5940,Male,43,Jaipur,Rajasthan,Silver
5941,Customer_5941,Female,26,Ahmedabad,Gujarat,Regular
5942,Customer_5942,Male,38,Lucknow,Uttar Pradesh,Regular
5943,Customer_5943,Female,48,Lucknow,Uttar Pradesh,Silver
5944,Customer_5944,Female,60,Ahmedabad,Gujarat,Gold
5945,Customer_5945,Male,23,Lucknow,Uttar Pradesh,Regular
5946,Customer_5946,Male,31,Pune,Maharashtra,Platinum
5947,Customer_5947,Female,50,Ahmedabad,Gujarat,Gold
5948,Customer_5948,Male,24,Ahmedabad,Gujarat,Silver
5949,Customer_5949,Male,41,Bengaluru,Karnataka,Silver
5950,Customer_5950,Female,26,Hyderabad,Telangana,Regular
5951,Customer_5951,Other,28,Mumbai,Maharashtra,Silver
5952,Customer_5952,Female,40,Lucknow,Uttar Pradesh,Regular
5953,Customer_5953,Male,65,Bengaluru,Karnataka,Gold
5954,Customer_5954,Male,19,Chennai,Tamil Nadu,Regular
5955,Customer_5955,Male,32,Chennai,Tamil Nadu,Regular
5956,Customer_5956,Female,52,Kolkata,West Bengal,Silver
5957,Customer_5957,Female,53,Pune,Maharashtra,Regular
5958,Customer_5958,Female,45,Pune,Maharashtra,Regular
5959,Customer_5959,Male,56,Delhi,Delhi,Regular
5960,Customer_5960,Female,61,Mumbai,Maharashtra,Gold
5961,Customer_5961,Male,21,Ahmedabad,Gujarat,Regular
5962,Customer_5962,Male,27,Lucknow,Uttar Pradesh,Regular
5963,Customer_5963,Female,23,Mumbai,Maharashtra,Regular
5964,Customer_5964,Male,47,Kolkata,West Bengal,Regular
5965,Customer_5965,Female,63,Delhi,Delhi,Regular
5966,Customer_5966,Female,52,Bengaluru,Karnataka,Silver
5967,Customer_5967,Female,60,Mumbai,Maharashtra,Regular
5968,Customer_5968,Female,27,Bengaluru,Karnataka,Regular
5969,Customer_5969,Female,49,Chennai,Tamil Nadu,Regular
5970,Customer_5970,Female,59,Lucknow,Uttar Pradesh,Regular
5971,Customer_5971,Male,59,Kolkata,West Bengal,Regular
5972,Customer_5972,Male,20,Ahmedabad,Gujarat,Gold
5973,Customer_5973,Female,43,Lucknow,Uttar Pradesh,Regular
5974,Customer_5974,Female,32,Hyderabad,Telangana,Regular
5975,Customer_5975,Female,34,Pune,Maharashtra,Silver
5976,Customer_5976,Male,44,Kolkata,West Bengal,Regular
5977,Customer_5977,Male,35,Mumbai,Maharashtra,Silver
5978,Customer_5978,Male,36,Lucknow,Uttar Pradesh,Regular
5979,Customer_5979,Female,29,Jaipur,Rajasthan,Regular
5980,Customer_5980,Female,41,Pune,Maharashtra,Gold
5981,Customer_5981,Female,22,Pune,Maharashtra,Regular
5982,Customer_5982,Male,41,Jaipur,Rajasthan,Gold
5983,Customer_5983,Male,44,Delhi,Delhi,Silver
5984,Customer_5984,Female,65,Delhi,Delhi,Silver
5985,Customer_5985,Female,47,Jaipur,Rajasthan,Gold
5986,Customer_5986,Male,32,Hyderabad,Telangana,Gold
5987,Customer_5987,Female,64,Chennai,Tamil Nadu,Silver
5988,Customer_5988,Male,55,Jaipur,Rajasthan,Silver
5989,Customer_5989,Female,61,Chennai,Tamil Nadu,Regular
5990,Customer_5990,Female,51,Lucknow,Uttar Pradesh,Regular
5991,Customer_5991,Female,44,Hyderabad,Telangana,Regular
5992,Customer_5992,Male,37,Kolkata,West Bengal,Regular
5993,Customer_5993,Male,58,Chennai,Tamil Nadu,Gold
5994,Customer_5994,Female,49,Pune,Maharashtra,Regular
5995,Customer_5995,Female,21,Lucknow,Uttar Pradesh,Regular
5996,Customer_5996,Female,22,Pune,Maharashtra,Gold
5997,Customer_5997,Female,25,Hyderabad,Telangana,Regular
5998,Customer_5998,Male,39,Chennai,Tamil Nadu,Regular
5999,Customer_5999,Female,59,Bengaluru,Karnataka,Silver
6000,Customer_6000,Female,24,Hyderabad,Telangana,Silver
